7703;Beatriz Goncalves Pereira;7.74
19249;Beatriz Alves Sousa;9.86
24229;Carlos Barros Cardoso;3.41
13124;Samuel Azevedo Dias;9.19
26652;Matheus Silva Santos;1.53
17206;Julia Castro Carvalho;2.05
29915;Beatriz Cavalcanti Cardoso;2.97
13960;Vinícius Barros Barros;3.31
14336;Vinícius Lima Pereira;4.01
4605;Emily Martins Dias;5.86
16452;José Ribeiro Ferreira;7.00
15826;Diogo Goncalves Carvalho;7.87
23077;Diego Pereira Silva;1.20
5314;André Carvalho Costa;9.00
4564;Ana Fernandes Correia;5.58
29951;Clara Castro Alves;3.86
6326;Danilo Gomes Goncalves;3.35
2108;Matilde Silva Azevedo;5.83
8304;Rebeca Costa Sousa;9.42
5020;Pedro Fernandes Cavalcanti;6.90
11186;Luiza Sousa Rocha;7.72
21962;Ana Dias Cavalcanti;6.54
29909;Nicolash Dias Santos;8.21
18131;Nicole Azevedo Ferreira;6.74
21479;Isabela Azevedo Silva;4.84
4357;Ana Cunha Ribeiro;7.89
13059;Sofia Carvalho Barbosa;7.83
7054;Leonardo Martins Sousa;0.63
21302;Giovana Rocha Ferreira;3.68
22382;Gabrielle Sousa Gomes;0.58
10402;Guilherme Rodrigues Souza;1.31
13853;Maria Gomes Melo;3.68
28703;Nicolash Almeida Pereira;5.45
20299;Joao Martins Almeida;3.84
9235;Bianca Goncalves Barbosa;9.62
2004;Anna Carvalho Araujo;1.58
11007;Sarah Cunha Barbosa;9.99
11317;Vitória Rocha Pinto;0.40
3386;Alice Carvalho Pinto;9.48
28434;Camila Gomes Barbosa;1.26
15691;Marcos Sousa Ribeiro;4.97
4753;Amanda Melo Martins;9.47
17898;Leila Dias Fernandes;8.38
772;Marisa Araujo Gomes;3.56
21737;Lara Cavalcanti Cardoso;4.67
29434;Gabriel Cardoso Dias;2.18
22538;Matilde Martins Dias;9.13
28531;Guilherme Rodrigues Sousa;7.59
16027;Nicole Araujo Goncalves;3.00
25002;Júlio Azevedo Cunha;0.15
21945;Giovana Gomes Ribeiro;1.89
26955;Beatriz Castro Correia;4.01
29509;Carla Castro Pinto;0.32
16976;Gustavo Rocha Dias;5.22
8813;Isabella Ribeiro Pereira;5.49
23590;Brenda Fernandes Souza;4.96
1630;Victor Ferreira Souza;1.76
13822;Caio Martins Pinto;4.82
26813;Livia Castro Araujo;1.50
24849;Estevan Rocha Pinto;3.77
13378;Kauê Oliveira Barbosa;2.31
10979;Gabrielle Carvalho Costa;2.12
17815;Yasmin Ferreira Melo;7.64
73;Isabelle Silva Santos;9.71
27396;Isabela Cardoso Ferreira;9.90
303;Marisa Silva Araujo;4.94
29326;Thiago Souza Cardoso;0.23
7409;Luís Martins Pinto;0.80
29432;Vinicius Lima Cardoso;3.56
5266;Vitor Carvalho Rocha;8.37
29612;Camila Araujo Melo;0.80
29962;Daniel Barbosa Dias;7.36
18004;Paulo Oliveira Goncalves;7.17
29691;Martim Souza Ferreira;5.10
18903;Thiago Ribeiro Cunha;4.49
18269;André Souza Barbosa;1.44
26794;Eduarda Lima Silva;0.71
29350;Luís Ribeiro Carvalho;7.77
7616;Luan Castro Santos;8.43
16330;Melissa Pinto Alves;6.79
1456;Eduarda Barros Dias;7.51
23802;Renan Melo Pereira;4.75
5843;Tânia Alves Martins;2.55
4744;Luiz Correia Rocha;0.53
25543;Letícia Lima Ferreira;1.35
22223;Bianca Pereira Costa;6.39
24620;Martim Fernandes Melo;0.73
19489;Giovana Pinto Cunha;9.25
5455;Vinícius Silva Lima;6.74
6589;Leila Ferreira Azevedo;6.48
17880;Leila Costa Correia;4.22
12694;Evelyn Ribeiro Alves;8.24
13126;Tiago Castro Alves;5.01
17463;Luana Ribeiro Oliveira;3.72
22849;Laura Gomes Alves;4.41
8441;Mateus Rocha Ribeiro;4.75
25930;Leonardo Cardoso Costa;4.47
3470;Diego Silva Oliveira;5.23
28271;Caio Dias Barros;9.65
26692;Alex Cunha Azevedo;3.47
8093;Samuel Souza Azevedo;0.60
26487;Murilo Santos Carvalho;7.00
23101;Giovana Santos Ribeiro;0.94
29185;Diogo Castro Pinto;4.20
26147;Maria Martins Barros;3.45
19150;André Pinto Gomes;4.21
13042;Kauan Sousa Azevedo;1.25
18794;Vitória Ferreira Ribeiro;1.54
3627;Marina Lima Barbosa;2.08
8228;Brenda Castro Pinto;5.86
10720;Kauã Almeida Martins;0.41
16716;Renan Cunha Melo;5.76
20117;Vitór Barbosa Melo;4.73
17942;Carlos Alves Almeida;0.54
12068;José Almeida Martins;7.30
6112;Vitoria Ferreira Cunha;7.53
26317;Amanda Alves Cardoso;0.90
24521;Fernanda Araujo Cunha;7.37
14581;Mateus Souza Rodrigues;3.23
19969;Carla Ferreira Sousa;4.99
3671;Joao Oliveira Melo;5.78
2951;Tomás Santos Carvalho;6.22
17067;Murilo Gomes Araujo;5.01
20999;Fábio Costa Barbosa;7.57
8305;Amanda Cardoso Pereira;9.12
22663;Paulo Pinto Carvalho;4.58
20335;Yasmin Fernandes Cardoso;7.03
15556;Giovana Melo Santos;6.26
16979;Rebeca Cardoso Martins;7.55
22772;Erick Pereira Carvalho;7.63
4173;Felipe Ferreira Oliveira;0.78
6433;Livia Martins Alves;2.90
2580;Marina Cavalcanti Ferreira;6.48
7141;Evelyn Lima Fernandes;3.23
10252;Rafaela Souza Martins;0.84
24452;Aline Sousa Carvalho;6.48
28011;Luiza Silva Alves;7.25
15246;Thiago Souza Alves;2.89
6562;Bruno Martins Cavalcanti;9.09
15811;Emilly Lima Melo;3.40
21572;Caio Pinto Cardoso;1.02
5371;Larissa Oliveira Araujo;3.42
23682;Aline Dias Cavalcanti;8.41
3613;Luís Gomes Sousa;2.99
24847;Davi Alves Rocha;3.08
10868;Daniel Silva Dias;8.56
11194;Erick Souza Silva;9.88
19255;Otávio Souza Barros;7.53
19899;Yasmin Barbosa Rodrigues;1.78
28410;Ana Gomes Gomes;0.16
24498;Mateus Santos Costa;3.56
4311;Carlos Ribeiro Cavalcanti;8.82
440;Nicole Dias Oliveira;0.30
14370;Murilo Alves Correia;1.49
11925;Rebeca Cunha Silva;1.78
15125;Felipe Souza Oliveira;4.04
6918;Evelyn Correia Ferreira;1.56
804;Estevan Pinto Fernandes;5.34
16984;Melissa Barbosa Barros;6.22
24293;Lavinia Silva Ferreira;3.63
220;Vinícius Araujo Gomes;5.28
21827;Diogo Melo Cavalcanti;7.56
28599;Beatriz Souza Pereira;0.58
23759;Livia Silva Rocha;8.82
11044;Fernanda Souza Cunha;0.91
23388;André Castro Melo;2.62
2919;Vinícius Ferreira Cunha;1.93
28858;Emily Melo Gomes;6.83
24009;Clara Araujo Pereira;4.87
8385;Marcos Ferreira Correia;7.79
20069;Evelyn Fernandes Barros;8.02
7152;Sofia Cavalcanti Pinto;1.61
23883;Leonor Gomes Fernandes;5.87
11912;Alex Cardoso Costa;7.97
16930;Julian Azevedo Fernandes;7.72
26276;Vitoria Gomes Rodrigues;8.39
20868;Luan Costa Rocha;6.81
18804;Enzo Goncalves Pereira;7.55
8065;Alice Alves Barros;5.88
25856;Alice Melo Silva;6.85
7821;Diogo Gomes Pinto;2.73
20933;Aline Gomes Dias;4.39
8932;Rebeca Sousa Oliveira;6.84
14733;Laura Carvalho Ferreira;2.70
8567;Matilde Gomes Rodrigues;1.62
19480;Tomás Santos Barbosa;7.36
14199;Amanda Oliveira Souza;6.96
17616;Alex Ferreira Azevedo;2.69
26983;Danilo Dias Araujo;9.78
13060;Larissa Santos Cavalcanti;1.17
6032;Renan Goncalves Cavalcanti;6.37
5386;Clara Pinto Alves;2.78
11901;Isabelle Souza Ferreira;2.74
27805;Marcos Cunha Santos;5.26
19547;Júlio Alves Pinto;3.72
27210;Rafaela Cardoso Barros;7.80
3849;Bianca Pereira Silva;0.56
26578;Bruna Correia Araujo;5.13
2077;Mateus Pinto Correia;6.83
2957;Vinicius Rocha Pereira;0.02
9599;Julian Barros Lima;7.41
14577;Vinicius Correia Araujo;8.47
13258;Luana Martins Gomes;8.07
22212;Igor Rodrigues Dias;0.23
26124;Carla Cunha Martins;4.10
29838;Nicolash Cavalcanti Ferreira;0.47
29041;Sarah Cavalcanti Sousa;5.38
23008;Leila Fernandes Sousa;5.55
28938;Carlos Ribeiro Barros;2.84
29404;Maria Lima Rocha;6.32
711;Nicolash Gomes Cavalcanti;3.89
19405;Amanda Ribeiro Goncalves;7.50
20127;Gustavo Barros Barros;1.12
438;Martim Pereira Gomes;8.94
12473;Thaís Almeida Melo;1.97
12825;Nicolash Costa Fernandes;6.96
14998;Sarah Ferreira Melo;9.64
27892;Danilo Barros Lima;5.57
29983;Ágatha Almeida Lima;8.91
28083;Matheus Rodrigues Correia;1.49
8429;Fábio Pinto Rodrigues;1.59
21808;Luan Goncalves Souza;9.57
23304;Emily Santos Silva;8.01
24786;Tiago Cavalcanti Martins;5.66
22210;Ana Oliveira Souza;0.81
16564;Kai Castro Martins;5.92
29565;Camila Fernandes Barbosa;6.92
11783;Daniel Santos Araujo;7.17
10395;Alice Carvalho Rodrigues;5.75
15493;Letícia Costa Cardoso;7.22
2585;Murilo Castro Oliveira;7.11
1252;Julia Alves Sousa;2.91
861;Antônio Araujo Souza;8.06
20768;Beatrice Cavalcanti Rodrigues;8.31
26953;Giovanna Alves Cavalcanti;9.52
7460;Gabriel Alves Pinto;2.08
13750;André Correia Rodrigues;8.27
9305;Anna Gomes Azevedo;9.33
16736;José Dias Santos;2.51
21811;Rafael Sousa Lima;1.46
28876;Letícia Martins Rodrigues;1.65
13500;Murilo Martins Barros;6.83
15506;Giovana Silva Cunha;7.99
19946;Nicolash Sousa Ferreira;2.50
6109;Bruno Melo Gomes;5.39
18318;Thaís Oliveira Pereira;5.24
11314;Raissa Ribeiro Carvalho;7.32
2632;Igor Goncalves Gomes;5.80
26871;Rafael Martins Pinto;0.64
190;Douglas Carvalho Alves;1.48
5575;Diogo Barbosa Barbosa;2.47
4079;Beatriz Correia Cunha;8.23
25106;Giovanna Sousa Correia;6.58
14101;Beatriz Gomes Araujo;5.59
9832;Thaís Carvalho Oliveira;4.10
11033;Luiz Araujo Cardoso;7.51
19889;Vinicius Carvalho Fernandes;6.59
8517;Melissa Almeida Cardoso;2.52
2549;Raissa Cavalcanti Melo;2.75
23565;Lara Costa Correia;4.18
28495;Estevan Cardoso Rodrigues;0.95
6649;Clara Lima Fernandes;4.26
4095;Yasmin Costa Dias;3.80
23710;Beatriz Pereira Almeida;7.20
28163;Yasmin Pinto Ribeiro;9.16
9730;Melissa Fernandes Oliveira;2.10
13800;Tomás Barros Carvalho;3.77
22112;Vinicius Lima Pereira;3.36
19880;Otávio Goncalves Lima;6.77
26528;Julia Lima Goncalves;4.06
26436;Julian Martins Gomes;3.36
23863;Gabrielle Correia Pereira;3.19
3462;Arthur Barbosa Azevedo;2.43
11803;Cauã Martins Gomes;2.24
21354;Carolina Ribeiro Martins;1.80
12751;Davi Sousa Melo;2.79
17567;Luiz Barbosa Santos;5.52
3381;Arthur Sousa Alves;8.93
1596;Antônio Cavalcanti Martins;5.79
14537;Lara Silva Cunha;6.07
23465;Nicole Carvalho Correia;1.29
7105;Rebeca Almeida Melo;3.22
27402;João Dias Oliveira;0.78
19000;Lara Melo Pereira;8.83
15829;Arthur Rocha Castro;9.42
28864;Erick Goncalves Costa;3.79
20482;Vitória Pereira Melo;1.81
6995;Nicolash Cardoso Cardoso;6.33
14500;Nicole Santos Oliveira;4.91
13494;Enzo Cavalcanti Oliveira;3.18
2340;Ryan Fernandes Barros;9.00
18259;Vitória Rocha Azevedo;9.31
20693;Rafael Ferreira Ferreira;9.23
22999;Julia Alves Souza;6.92
12383;Eduarda Silva Martins;1.11
574;Kauã Alves Carvalho;8.27
13606;Vitória Lima Souza;3.47
1871;Matheus Lima Correia;9.44
1299;Vitor Castro Alves;0.12
26341;Rodrigo Araujo Martins;8.13
3534;Eduarda Rocha Santos;5.97
29232;Paulo Almeida Santos;3.18
11190;Livia Sousa Costa;3.08
27247;Leila Pereira Castro;9.12
3009;Eduardo Gomes Ferreira;9.13
5183;Emily Santos Ribeiro;7.79
28328;Eduardo Castro Castro;5.11
3571;Beatrice Almeida Almeida;5.37
12857;Melissa Sousa Araujo;1.92
25354;Rafael Dias Dias;1.69
10693;Miguel Azevedo Santos;7.00
19365;Rafaela Almeida Dias;7.91
2272;Arthur Araujo Ribeiro;1.73
17603;Martim Barbosa Santos;5.47
20993;Diego Sousa Cunha;4.37
1071;Kaua Cavalcanti Santos;1.80
25928;Rebeca Goncalves Almeida;0.17
22446;Diogo Correia Azevedo;0.09
25374;Guilherme Sousa Cunha;2.05
742;Marisa Martins Oliveira;0.63
20188;Leonor Dias Cavalcanti;9.74
14872;Emily Martins Correia;8.16
19323;Leonardo Lima Rocha;5.24
15308;Breno Alves Lima;2.08
13944;Lavinia Souza Correia;3.75
9905;Evelyn Araujo Cavalcanti;5.91
8255;Matheus Pinto Fernandes;6.96
6395;Davi Silva Rocha;5.73
24218;Luis Azevedo Silva;4.47
9585;Kauã Oliveira Pereira;5.98
10883;Igor Fernandes Silva;2.35
12819;João Ribeiro Oliveira;7.54
1468;Nicolash Correia Barbosa;7.40
9661;Luis Rocha Pereira;7.82
11741;Júlio Costa Rodrigues;3.60
12802;Melissa Barros Oliveira;9.85
22068;Kai Ferreira Martins;1.97
22222;Marisa Pereira Costa;8.92
22353;Kai Goncalves Silva;9.38
29808;Breno Silva Silva;9.07
9541;Alex Costa Rocha;3.28
26370;Enzo Rodrigues Ferreira;5.54
19991;Luan Santos Barbosa;4.43
18904;Eduardo Ribeiro Barros;7.05
2606;Emilly Lima Pereira;4.26
13010;Rafael Pereira Cunha;7.74
1422;Brenda Araujo Santos;8.15
24845;Laura Melo Goncalves;0.48
4369;Lara Rodrigues Santos;5.10
11960;Julieta Azevedo Martins;7.44
26025;Vitoria Rocha Cardoso;6.46
6043;Fernanda Carvalho Lima;9.35
27798;Marina Oliveira Fernandes;0.88
587;Luiz Cardoso Sousa;0.16
6964;Rafaela Souza Carvalho;2.93
22828;Vitória Oliveira Rodrigues;4.26
27778;Livia Almeida Goncalves;5.15
10135;Kauã Silva Pereira;8.08
23891;Miguel Cavalcanti Oliveira;7.93
19341;Luan Martins Gomes;9.98
22989;Matheus Alves Dias;9.97
25183;Paulo Rocha Oliveira;9.95
924;Bianca Rodrigues Pinto;5.13
28398;Emilly Goncalves Pinto;8.29
2347;Luiza Goncalves Almeida;7.11
21045;Luan Correia Goncalves;5.07
4688;Victor Araujo Araujo;9.21
14881;Vitória Almeida Almeida;6.58
5505;Melissa Lima Sousa;1.72
18660;Paulo Rocha Pereira;1.33
556;Melissa Lima Goncalves;9.45
21584;Melissa Cunha Cunha;8.71
29467;Eduarda Pinto Ferreira;5.86
4558;Clara Pinto Cardoso;0.55
18098;Felipe Barros Sousa;0.85
15415;Melissa Goncalves Almeida;7.17
17366;Igor Araujo Cunha;2.89
10744;Lavinia Costa Castro;5.42
28297;Julieta Melo Sousa;0.82
2091;João Sousa Lima;7.09
8943;Danilo Souza Oliveira;3.15
18861;Luana Rocha Cardoso;7.15
13544;Bruna Silva Oliveira;1.91
24147;Rebeca Santos Pinto;2.34
5568;Diogo Azevedo Ferreira;5.10
29618;Sofia Rodrigues Cavalcanti;5.21
19735;Marisa Cardoso Cunha;1.27
10527;Luiza Alves Dias;1.08
7132;Isabelle Gomes Martins;4.46
20260;Fernanda Araujo Cardoso;6.78
11055;Mariana Oliveira Almeida;9.65
2214;Camila Gomes Alves;6.57
16748;Nicolash Carvalho Correia;7.58
19891;Luiza Almeida Azevedo;0.94
8014;Matilde Rodrigues Rodrigues;0.31
16802;Laura Souza Castro;6.16
7510;Caio Araujo Castro;1.72
23869;Carlos Pinto Pereira;2.24
14603;André Sousa Santos;5.63
28933;Lara Melo Correia;2.15
15595;Fábio Azevedo Martins;9.91
19790;Arthur Cavalcanti Cunha;6.25
1888;Nicolash Rocha Lima;3.35
28072;Diogo Ribeiro Sousa;0.83
9560;Paulo Dias Azevedo;6.05
7267;Marcos Castro Cunha;0.76
10885;Mateus Pereira Castro;8.52
15031;Nicole Pereira Melo;2.48
9737;Manuela Sousa Dias;2.97
15786;Manuela Barros Goncalves;8.59
28493;Rafael Azevedo Barbosa;3.88
26014;Beatrice Souza Azevedo;3.71
29122;Tiago Sousa Dias;2.89
2577;Guilherme Castro Carvalho;0.36
21617;Kauã Rodrigues Rocha;2.70
25614;Rafaela Azevedo Silva;1.96
20523;Bianca Ferreira Cunha;4.13
23801;Thaís Sousa Castro;2.51
9532;Larissa Dias Gomes;0.86
1864;Livia Costa Fernandes;9.76
4492;Marina Lima Azevedo;4.70
27193;Leonardo Martins Castro;8.83
13142;Antônio Ferreira Oliveira;8.73
23924;Ágatha Silva Barbosa;6.95
24529;Anna Cavalcanti Souza;9.51
16807;Mateus Cunha Silva;0.03
474;Leonardo Lima Santos;2.14
1584;Vinícius Costa Melo;6.24
11971;Carolina Ribeiro Santos;0.22
16103;Daniel Dias Gomes;8.77
27071;Davi Cardoso Santos;3.60
17423;Lara Melo Pinto;5.56
18639;Guilherme Castro Rocha;3.04
18362;Yasmin Goncalves Pereira;7.93
18905;Luis Ribeiro Dias;5.96
2598;Felipe Cardoso Barros;8.27
12402;Amanda Fernandes Silva;8.65
14550;Mateus Rodrigues Costa;0.92
17204;Douglas Correia Sousa;5.39
10496;Luis Araujo Souza;8.20
19863;Kauã Cavalcanti Azevedo;8.73
16605;Tiago Rocha Ribeiro;9.38
28843;Tânia Dias Souza;3.41
12552;Giovanna Costa Cardoso;1.90
15177;Mateus Melo Cunha;6.15
21889;Luana Alves Correia;5.37
8046;Nicolash Barros Lima;1.58
4370;Davi Melo Cardoso;6.05
16550;Gabrielly Barros Cunha;4.28
29295;Livia Fernandes Santos;3.69
10783;Erick Almeida Santos;3.75
22217;Brenda Melo Rodrigues;7.10
16947;Felipe Pereira Martins;2.97
3115;Gabriela Goncalves Sousa;9.63
8491;Eduardo Santos Barbosa;0.85
29620;Nicole Azevedo Oliveira;8.61
6273;Douglas Pereira Azevedo;2.76
3674;Paulo Castro Almeida;7.59
2662;Nicolas Silva Barros;6.21
5225;Miguel Martins Gomes;7.72
5010;Luís Almeida Araujo;4.04
23295;Amanda Cardoso Lima;6.71
10492;Gabrielle Cunha Castro;4.49
23044;Cauã Melo Pereira;9.01
29459;Ana Pereira Dias;9.82
13851;Leonardo Gomes Castro;7.97
9303;Julian Alves Barbosa;2.39
13477;Sofia Melo Cunha;6.08
2691;Miguel Goncalves Lima;5.18
5461;Ana Gomes Santos;8.42
23718;Evelyn Costa Rodrigues;5.66
24447;Mariana Barbosa Gomes;8.03
25563;Danilo Sousa Azevedo;2.56
23272;Luis Goncalves Carvalho;6.49
26197;Enzo Santos Araujo;8.02
18348;Bruna Silva Lima;7.32
4034;Tânia Cardoso Melo;0.20
233;Carla Lima Cunha;4.69
23526;Giovana Martins Almeida;9.93
24267;Lucas Pereira Araujo;0.15
4097;Miguel Lima Castro;7.98
19555;Rafaela Almeida Cardoso;2.03
7482;Mariana Pinto Ribeiro;4.82
5502;Sophia Rodrigues Santos;1.68
13331;Isabela Carvalho Souza;9.60
24450;Tiago Castro Almeida;4.38
9963;Isabella Melo Pereira;5.19
24630;Sophia Rodrigues Dias;8.41
15402;Isabella Pinto Gomes;8.34
29636;André Sousa Pereira;1.17
16158;Douglas Castro Oliveira;6.79
27926;Gabrielle Dias Araujo;5.58
19568;Brenda Ribeiro Cardoso;0.38
9664;Giovana Carvalho Ferreira;9.42
5670;Sofia Ferreira Rocha;8.00
9807;Rebeca Carvalho Sousa;2.01
1098;Ana Cunha Ferreira;5.36
29479;Breno Rocha Silva;2.17
12275;Samuel Castro Cavalcanti;6.04
27139;Ana Goncalves Rodrigues;1.72
9262;Melissa Sousa Dias;8.70
28723;Anna Sousa Ferreira;1.84
10957;Danilo Souza Carvalho;3.46
8740;Matilde Lima Dias;1.10
16149;Gabrielly Sousa Santos;2.59
22725;Kaua Almeida Azevedo;9.36
8185;Lucas Costa Cavalcanti;0.32
15895;Bianca Goncalves Costa;0.72
13529;Caio Silva Cardoso;1.98
18448;Breno Fernandes Carvalho;6.13
4686;Júlia Pereira Martins;8.23
26451;Tânia Goncalves Goncalves;3.63
21655;Gabriel Pinto Santos;0.60
3945;Gabriela Carvalho Oliveira;6.32
1794;Carlos Castro Gomes;9.91
27955;Antônio Cardoso Rodrigues;3.60
12562;Igor Ribeiro Cunha;9.95
5110;Felipe Martins Cunha;2.93
2620;Marisa Costa Cardoso;9.52
7998;Ágatha Alves Barros;5.53
5931;Emilly Araujo Fernandes;8.27
10032;Melissa Martins Rodrigues;6.33
3211;Pedro Gomes Castro;6.72
26557;Kauã Ribeiro Araujo;4.06
25089;Daniel Rocha Fernandes;4.07
11439;Ana Goncalves Goncalves;8.22
12059;Aline Carvalho Rocha;0.66
19939;Ágatha Dias Ferreira;8.50
14997;Marisa Melo Pereira;3.26
28911;Beatrice Cunha Almeida;9.34
8596;Carla Silva Carvalho;3.17
16763;Mariana Fernandes Fernandes;9.59
10696;Kaua Oliveira Azevedo;6.19
21006;Gabriel Ribeiro Araujo;3.45
22307;Júlia Alves Goncalves;3.38
14804;Beatrice Pereira Pereira;9.43
19459;Luana Martins Rodrigues;8.51
21544;Giovanna Ferreira Barbosa;7.47
3040;Antônio Souza Cunha;8.82
9850;Camila Cavalcanti Martins;1.97
8901;Gabrielly Alves Gomes;9.31
20023;Leila Rodrigues Silva;4.96
7897;Thaís Dias Santos;7.18
17226;Beatrice Cardoso Souza;8.65
19873;Thaís Silva Costa;5.33
12700;Martim Silva Melo;5.60
8798;Igor Martins Carvalho;2.48
20339;Leonor Martins Sousa;8.33
11668;Laura Cunha Ferreira;8.91
20977;Kauan Almeida Dias;9.87
24059;Nicole Ferreira Correia;9.93
22803;Amanda Oliveira Carvalho;8.73
6407;Gabrielle Pinto Pereira;3.58
9647;Maria Barbosa Barbosa;0.82
5510;Lucas Barros Ferreira;9.98
22218;Giovana Pereira Costa;2.40
13871;Marcos Castro Barros;3.74
11700;Sophia Alves Rocha;1.36
26635;Rafael Carvalho Almeida;9.97
5273;Isabelle Gomes Martins;5.62
26518;Igor Melo Costa;3.08
11203;Breno Ferreira Lima;8.37
5818;Bruna Souza Castro;5.56
7310;Mateus Lima Correia;6.98
19751;Gabriel Rodrigues Araujo;8.55
12945;Vitor Pereira Martins;1.80
5643;Arthur Sousa Ferreira;0.00
18056;Rebeca Oliveira Araujo;6.84
10186;Luis Barros Gomes;1.74
28554;Emily Melo Rodrigues;7.17
13626;Clara Dias Pinto;6.81
26207;Emilly Santos Alves;6.29
9370;Thiago Rodrigues Azevedo;2.18
3672;Sarah Cavalcanti Cardoso;1.09
11474;Mateus Carvalho Dias;9.99
18140;Nicole Alves Almeida;2.61
19824;Isabelle Oliveira Souza;5.57
23531;Ryan Castro Pinto;8.03
7050;Martim Pereira Gomes;4.32
2763;Julia Barbosa Ferreira;0.62
14996;Sofia Melo Fernandes;4.40
1305;Melissa Ribeiro Souza;4.51
3089;Martim Silva Fernandes;2.57
13137;Kai Costa Sousa;7.91
24253;Isabelle Cunha Costa;9.85
25643;Sarah Rocha Souza;7.00
10519;Enzo Pinto Cavalcanti;6.61
27375;Carlos Almeida Lima;1.55
6997;Sophia Castro Martins;9.11
5392;Sarah Rodrigues Dias;2.41
3075;Luiz Sousa Araujo;3.30
22072;Nicolas Ribeiro Silva;5.51
857;Thaís Castro Rodrigues;1.41
29939;Murilo Correia Santos;8.58
14740;Otávio Souza Costa;8.39
23326;Clara Almeida Ferreira;2.30
4135;Antônio Cardoso Ribeiro;4.52
4407;Giovanna Melo Gomes;6.02
23609;Carla Ribeiro Martins;6.38
25538;Nicolas Barros Lima;7.63
22761;Vinicius Gomes Silva;0.81
6943;Letícia Oliveira Correia;5.90
12433;Luana Souza Martins;6.61
23550;Marcos Correia Almeida;4.04
2704;Amanda Almeida Pinto;4.34
19072;Guilherme Barbosa Souza;1.42
23093;Miguel Santos Carvalho;6.78
27990;Yasmin Almeida Gomes;3.94
11182;Sarah Rocha Correia;2.19
7087;Luana Pereira Araujo;8.24
29701;Lavinia Silva Melo;2.08
19114;Nicole Cavalcanti Lima;7.39
27662;Kauan Correia Barros;4.67
21834;Antônio Silva Barbosa;4.19
7805;Isabelle Pereira Gomes;2.74
24223;Kauan Castro Fernandes;9.71
7449;Vitória Araujo Santos;1.07
11720;Marcos Gomes Pereira;1.74
29495;Giovanna Silva Sousa;4.07
12762;Luana Pereira Costa;5.07
6369;Evelyn Barros Ferreira;9.01
6613;Vitor Sousa Cavalcanti;7.64
604;Sophia Dias Silva;9.25
10661;Isabella Silva Oliveira;4.60
28473;Rodrigo Carvalho Castro;4.08
17813;Eduarda Gomes Pereira;5.29
29596;Leonardo Fernandes Pinto;8.25
29335;Julia Gomes Ferreira;7.01
5074;Isabelle Cunha Pinto;3.18
3191;Bruno Goncalves Fernandes;5.88
21274;Eduardo Alves Rodrigues;4.68
7649;Thaís Costa Almeida;8.44
25310;Kauê Oliveira Ribeiro;2.72
16447;Nicole Melo Azevedo;6.95
24066;Julieta Souza Oliveira;9.74
24704;Marina Fernandes Barros;7.69
11590;Sophia Melo Sousa;1.58
25179;Fábio Correia Cunha;8.91
13159;Bruno Rocha Cavalcanti;6.31
20790;João Barros Barros;4.33
5385;Mariana Correia Gomes;2.01
20372;Alice Souza Almeida;0.07
27626;Marcos Santos Costa;8.52
1590;Kauã Castro Pereira;5.59
1941;Fernanda Oliveira Oliveira;3.87
12440;Kai Cardoso Barros;3.28
28728;José Dias Azevedo;4.67
387;Alice Barbosa Azevedo;6.25
16230;Evelyn Pereira Melo;6.15
11375;Mariana Barros Carvalho;7.61
17683;Lara Barbosa Cavalcanti;5.32
24893;Thiago Barros Barros;4.47
4858;Miguel Dias Barros;5.77
11153;Vinícius Oliveira Sousa;9.34
22894;Renan Melo Lima;3.03
19286;Luís Correia Almeida;4.29
12394;Leonor Santos Pinto;9.57
6565;Maria Martins Fernandes;8.06
18042;José Rodrigues Sousa;5.03
8092;Matilde Carvalho Rocha;1.52
8898;Isabelle Rodrigues Martins;1.56
1652;Arthur Lima Goncalves;7.77
25843;Alice Pinto Gomes;7.31
7266;Giovana Melo Rodrigues;7.78
19141;Julian Correia Almeida;3.79
13075;Guilherme Oliveira Cunha;4.64
25517;Mateus Ferreira Goncalves;2.76
5374;Arthur Dias Lima;7.84
6897;Mateus Santos Ferreira;6.20
25795;Igor Melo Ribeiro;8.46
28183;Renan Barbosa Ribeiro;2.17
1715;José Sousa Santos;9.55
22902;Melissa Fernandes Azevedo;9.03
14363;André Silva Almeida;2.61
22465;André Barros Ribeiro;8.69
14394;Emily Alves Souza;1.31
29762;Alice Barbosa Oliveira;5.30
25208;Isabela Carvalho Correia;3.13
28413;Raissa Rodrigues Rodrigues;2.00
7312;Nicole Goncalves Correia;4.19
8585;Beatrice Ribeiro Dias;3.97
24552;Rafael Melo Cunha;4.14
4676;Clara Fernandes Correia;7.74
10749;Caio Araujo Carvalho;0.95
27435;Paulo Silva Alves;5.57
25077;Diogo Azevedo Ribeiro;7.38
27712;Sarah Costa Cunha;6.14
21928;Joao Silva Rocha;7.68
13502;Luan Souza Correia;0.84
14703;Giovanna Castro Sousa;1.43
24350;Kai Costa Costa;2.73
25688;Rafaela Cavalcanti Pereira;5.49
12118;Alex Silva Almeida;5.64
3284;Kauan Sousa Ribeiro;5.50
10201;Murilo Cunha Costa;5.61
22698;Diego Cunha Rocha;6.97
11917;Kauê Carvalho Carvalho;8.38
29756;Nicole Martins Silva;0.68
17042;Bruno Correia Almeida;6.84
24631;Diego Carvalho Goncalves;7.46
12055;Vitor Cardoso Castro;5.73
21823;Gabrielle Araujo Lima;1.85
9791;Diego Cunha Souza;6.46
12952;Isabela Goncalves Castro;9.04
28411;Daniel Rocha Pereira;3.61
2234;Alice Cardoso Sousa;6.99
3679;Igor Dias Santos;1.99
5432;Tomás Silva Lima;9.50
21131;Lara Gomes Barbosa;1.65
16059;Alex Cardoso Santos;4.44
7092;Bruno Costa Gomes;0.19
10633;Raissa Ribeiro Sousa;0.55
9666;Melissa Lima Azevedo;4.75
20112;Fernanda Barbosa Pinto;6.90
5607;Davi Fernandes Rodrigues;3.36
20861;Leila Correia Cunha;5.44
14265;Carla Martins Rodrigues;6.91
12790;Gabrielle Azevedo Ferreira;5.46
12792;Alex Goncalves Rodrigues;7.88
3853;Matilde Costa Pinto;1.40
17171;Kai Sousa Cunha;6.90
13554;Kauan Martins Correia;8.91
26523;Luan Pereira Correia;5.47
8272;Carlos Silva Silva;9.16
12615;Livia Almeida Goncalves;0.68
27155;Alice Cardoso Rodrigues;4.91
27634;Marisa Barros Barros;8.18
29182;Emilly Cardoso Goncalves;6.80
1074;Murilo Santos Araujo;9.22
26315;Kauê Pinto Cardoso;9.18
23119;Leonardo Alves Correia;5.54
12152;Danilo Martins Araujo;0.55
23865;Tomás Alves Almeida;5.36
12858;Guilherme Carvalho Gomes;4.36
9456;Gabrielle Azevedo Rocha;8.21
27152;Lucas Cavalcanti Oliveira;2.71
2363;Alice Cunha Sousa;0.76
15179;Vitór Carvalho Goncalves;2.09
965;Tomás Sousa Pinto;2.58
14585;Anna Souza Cavalcanti;6.02
12999;Giovana Oliveira Souza;4.82
3164;Luiz Araujo Araujo;3.96
2203;Cauã Cunha Rodrigues;5.46
16717;Fábio Melo Costa;9.40
6513;Livia Oliveira Castro;1.75
11662;Antônio Dias Sousa;6.60
14409;Lucas Carvalho Correia;5.60
10267;Marcos Martins Souza;7.36
15788;Luana Goncalves Correia;9.73
5590;Anna Lima Cardoso;7.27
15712;Nicole Fernandes Alves;1.22
24788;Manuela Almeida Silva;0.29
14520;Igor Lima Rocha;0.85
1272;Isabelle Alves Rodrigues;2.03
7374;Breno Santos Costa;1.85
15376;Evelyn Gomes Araujo;0.44
14338;Ana Almeida Rocha;5.51
27099;Letícia Santos Melo;3.55
22941;Rebeca Rocha Silva;4.28
25709;Ana Oliveira Melo;5.93
13467;Tânia Rocha Pereira;2.39
29845;Tomás Martins Pereira;7.70
665;Luiza Goncalves Gomes;1.75
12749;Carla Costa Cunha;8.98
25890;Estevan Rodrigues Martins;7.27
3810;Giovana Castro Dias;0.20
23820;Isabela Alves Lima;1.64
19096;Antônio Martins Silva;7.03
27481;Laura Cardoso Silva;2.88
15489;Alice Fernandes Ferreira;1.21
1740;Julia Pereira Barros;3.69
21873;Brenda Barbosa Gomes;5.75
26702;Melissa Cunha Correia;6.59
24464;Melissa Fernandes Ferreira;4.76
7208;Rebeca Lima Fernandes;0.89
11142;Kauan Carvalho Barbosa;8.56
11805;Mariana Pereira Costa;0.79
7399;Nicole Gomes Carvalho;4.78
29544;Gabrielly Castro Gomes;2.68
9665;Luan Azevedo Almeida;5.78
21570;Isabela Fernandes Silva;6.66
6671;Ana Fernandes Almeida;9.62
6826;Carolina Barros Gomes;5.48
27642;Mateus Martins Alves;5.01
27328;Cauã Fernandes Castro;1.67
114;Fábio Costa Araujo;3.50
26632;Bianca Correia Souza;5.06
1942;Pedro Azevedo Dias;9.42
20096;Larissa Carvalho Azevedo;5.40
9604;Amanda Cunha Araujo;1.77
13449;Kauê Castro Rocha;4.83
8071;Igor Barros Cunha;4.17
7631;João Alves Lima;8.92
20855;Yasmin Lima Cavalcanti;3.16
16765;Kai Melo Pereira;1.76
8649;Miguel Correia Lima;3.05
19919;Breno Barros Ferreira;1.48
15607;Otávio Carvalho Rocha;6.31
19085;Martim Oliveira Rodrigues;1.71
3366;Rodrigo Castro Ferreira;1.37
25233;Marcos Santos Costa;3.39
10834;Joao Rocha Rodrigues;8.55
23145;Laura Fernandes Martins;7.28
17774;Sophia Oliveira Cunha;5.36
13598;Anna Ferreira Silva;0.30
8127;Vinicius Araujo Ribeiro;1.93
11019;Diogo Barros Alves;7.06
25603;Marisa Barbosa Cardoso;6.46
10356;André Cardoso Lima;8.33
17842;Daniel Barros Sousa;1.96
29593;Júlia Lima Oliveira;2.94
18187;Clara Barros Barbosa;0.05
10204;Mariana Rocha Santos;1.77
23064;Danilo Costa Pinto;2.89
17907;Amanda Cunha Sousa;0.84
8572;Murilo Martins Fernandes;1.05
24331;Fábio Rodrigues Dias;2.89
10110;Giovana Oliveira Santos;8.40
11199;Diego Cunha Dias;9.46
17285;Cauã Fernandes Correia;5.44
2591;Tomás Goncalves Ferreira;6.50
8573;Fábio Costa Almeida;3.27
19634;Sophia Costa Melo;2.90
15714;Arthur Pereira Rodrigues;2.94
11939;Matilde Rodrigues Santos;9.91
1051;Arthur Cavalcanti Correia;9.48
23536;Danilo Barbosa Correia;7.14
28688;Nicole Martins Barbosa;6.36
15304;Emilly Almeida Lima;5.98
2728;Douglas Azevedo Barros;9.64
10824;Marina Araujo Gomes;6.96
5690;Eduardo Araujo Alves;5.87
16178;Kauê Cardoso Alves;2.01
20967;Vinícius Barros Lima;2.97
13386;Nicolash Pereira Araujo;6.99
14019;Marina Cardoso Carvalho;5.21
12940;Thaís Sousa Pinto;4.29
8802;Sarah Rodrigues Azevedo;8.62
10387;Julieta Gomes Fernandes;1.07
16297;João Pereira Oliveira;3.28
13481;Julieta Cavalcanti Barros;9.52
29291;Estevan Alves Alves;7.50
10112;Tomás Souza Ferreira;3.03
27485;Matheus Barbosa Ribeiro;7.45
25508;Kaua Cavalcanti Souza;8.27
7353;Sophia Dias Rocha;5.23
29758;Murilo Carvalho Fernandes;6.19
25727;Davi Almeida Fernandes;1.13
22367;Tomás Cunha Correia;7.29
6073;Júlia Silva Carvalho;2.93
26156;Joao Melo Santos;1.41
24563;Marisa Silva Rocha;9.13
12229;Tomás Correia Cavalcanti;7.61
21856;Pedro Cardoso Araujo;7.52
12604;Livia Cavalcanti Pinto;0.45
10003;Joao Silva Ferreira;5.50
28649;Gustavo Barbosa Castro;6.16
29084;Luan Alves Costa;3.09
26854;Rodrigo Araujo Correia;9.33
19258;Fernanda Almeida Martins;3.84
25865;Estevan Barbosa Cunha;5.47
4268;Larissa Pinto Souza;8.59
704;Sofia Ferreira Correia;6.77
9133;Estevan Cardoso Cardoso;5.99
9333;Carolina Azevedo Cardoso;7.01
25813;André Rocha Goncalves;0.63
16746;Murilo Lima Silva;8.73
11572;Kauan Rodrigues Rocha;6.32
23336;Luan Cavalcanti Barros;1.19
29406;Luana Carvalho Ferreira;5.45
27575;Nicole Dias Azevedo;3.24
13772;Diego Almeida Barros;3.03
20708;Caio Alves Ribeiro;3.77
14663;Raissa Rodrigues Ribeiro;5.64
29722;Gabriela Barbosa Azevedo;3.36
21699;Lavinia Castro Goncalves;7.58
2366;José Santos Fernandes;7.45
4763;Nicolas Cardoso Lima;4.18
7328;Luis Azevedo Ribeiro;3.71
29790;Bruna Fernandes Fernandes;2.61
28234;Kauê Lima Castro;1.57
23785;Marisa Rocha Carvalho;3.38
7495;Davi Fernandes Souza;0.52
9479;André Santos Oliveira;2.49
6894;Leonardo Santos Correia;8.39
25510;Erick Pinto Cavalcanti;2.76
19713;Otávio Costa Cavalcanti;2.79
4424;Ryan Santos Almeida;9.64
6246;Beatrice Cardoso Goncalves;5.46
26414;Cauã Lima Dias;6.33
26345;Aline Almeida Castro;1.15
25294;Caio Costa Correia;8.71
11679;Erick Goncalves Pereira;3.86
6145;Samuel Azevedo Araujo;0.00
6672;Kauê Barbosa Oliveira;8.37
9716;Thaís Cardoso Pereira;6.69
23005;Beatrice Souza Ferreira;9.71
23331;Diogo Goncalves Correia;5.59
27008;Arthur Almeida Dias;7.23
27111;Melissa Pinto Rocha;9.05
4100;Raissa Barros Melo;3.69
5458;Matilde Cardoso Correia;5.22
23069;Eduarda Silva Barbosa;8.08
26894;André Oliveira Pinto;0.18
15545;Luis Rodrigues Azevedo;3.50
2022;Luis Silva Castro;4.47
7252;Alex Dias Araujo;0.91
28416;Martim Araujo Ferreira;4.09
6152;Alex Alves Silva;4.39
14717;Yasmin Souza Araujo;2.98
20191;Julian Cunha Barros;2.16
16768;Renan Gomes Oliveira;2.26
25730;Sarah Santos Rodrigues;3.70
14853;Yasmin Dias Gomes;8.96
14432;Anna Rocha Alves;4.43
28630;Leila Pereira Silva;6.69
12007;Isabela Ferreira Almeida;7.05
1199;Martim Cardoso Araujo;4.36
22927;Bruna Fernandes Castro;0.83
21155;Breno Costa Oliveira;6.14
21316;Diogo Costa Azevedo;3.81
7256;Carla Gomes Rodrigues;1.54
17684;Gustavo Almeida Castro;3.17
13790;Arthur Souza Cavalcanti;1.29
1293;Vitoria Ferreira Cavalcanti;9.40
11028;Amanda Fernandes Ferreira;4.35
22085;Camila Cunha Rocha;7.05
8765;Caio Araujo Rodrigues;8.60
9075;Julieta Carvalho Cardoso;6.60
14631;Guilherme Araujo Ferreira;4.91
7997;Manuela Alves Almeida;6.88
29285;Anna Sousa Goncalves;5.97
10197;Manuela Barbosa Correia;2.89
5966;Gustavo Ribeiro Martins;7.63
16981;Julieta Alves Pinto;1.65
12381;Manuela Carvalho Araujo;8.41
21783;Lavinia Martins Castro;8.76
10333;Melissa Cavalcanti Fernandes;1.20
28916;Giovana Dias Rodrigues;1.07
10975;André Ferreira Pereira;4.53
5561;Marcos Ferreira Araujo;8.27
14694;Gustavo Barros Ribeiro;2.38
7841;Vinícius Correia Cunha;6.62
15212;Felipe Cavalcanti Barros;6.11
6731;João Alves Araujo;7.16
23586;Rodrigo Cavalcanti Castro;3.33
20709;Marcos Alves Fernandes;6.66
2836;Giovana Melo Pinto;9.70
15698;Lara Melo Santos;3.46
24478;Gabriela Pinto Pereira;6.23
7178;Bianca Barbosa Martins;9.24
16096;Larissa Carvalho Santos;6.68
754;Mariana Dias Goncalves;1.68
20921;Kai Fernandes Pinto;7.64
25080;Ágatha Ferreira Cardoso;5.09
13284;Anna Cardoso Sousa;3.01
22180;Igor Barros Dias;4.64
11128;Julian Gomes Martins;6.76
15810;Kauê Correia Barros;3.94
7528;Beatrice Martins Lima;8.19
307;Luiz Goncalves Rocha;9.72
24516;Murilo Lima Fernandes;3.79
21893;Julia Araujo Castro;8.55
21685;Gabrielly Martins Rocha;1.37
4301;Luana Barbosa Rodrigues;2.33
21487;Lucas Correia Dias;4.36
17154;Amanda Rocha Goncalves;3.90
20064;Antônio Ferreira Gomes;3.31
9624;Melissa Gomes Alves;1.15
23381;Anna Alves Pereira;4.71
16853;Beatriz Goncalves Rocha;0.03
6485;Diego Silva Barbosa;6.25
16621;Rebeca Barbosa Correia;5.27
2697;Giovana Lima Alves;6.48
15615;Erick Pinto Alves;8.94
18211;Luís Alves Goncalves;8.71
29007;Kauê Barbosa Melo;2.91
6087;Rebeca Araujo Sousa;8.10
17743;Vitória Ferreira Carvalho;4.20
26542;Sarah Martins Goncalves;8.33
25861;Livia Fernandes Ribeiro;3.28
3839;Laura Correia Souza;5.76
1152;Anna Pinto Cunha;4.19
10469;Diogo Correia Martins;1.64
28788;Nicole Rodrigues Pinto;6.86
16593;Luana Ribeiro Ferreira;3.22
29526;Giovana Oliveira Carvalho;1.90
19102;Vitória Almeida Souza;1.89
8326;Samuel Barbosa Pinto;6.41
19180;Brenda Costa Cavalcanti;5.84
17791;Letícia Sousa Carvalho;2.56
16997;Martim Barbosa Ferreira;7.46
6116;Daniel Dias Cunha;3.41
16086;Tânia Cunha Souza;8.15
17436;Lavinia Martins Melo;9.19
4197;Vitór Sousa Melo;0.29
14251;Alice Carvalho Souza;9.57
12424;Livia Souza Cunha;2.18
5529;Luiza Melo Pereira;0.11
15970;Sophia Araujo Pereira;1.06
11807;Miguel Melo Castro;6.64
16211;Gabrielle Souza Carvalho;8.22
29706;Letícia Pereira Rodrigues;9.97
15942;Carla Santos Pereira;2.08
18864;Leila Goncalves Costa;1.29
12265;Júlio Souza Carvalho;5.84
18277;Erick Ribeiro Sousa;3.39
19184;Marina Melo Ribeiro;0.54
15453;Emily Correia Sousa;6.74
20392;Júlia Cunha Gomes;2.73
22264;Alex Lima Almeida;6.42
23325;Otávio Martins Goncalves;4.24
19466;Mateus Carvalho Oliveira;0.60
26193;Ágatha Oliveira Castro;3.91
12446;Gabrielly Melo Souza;0.34
21712;Evelyn Dias Araujo;5.66
9658;Bruna Rocha Gomes;0.95
5459;Julia Sousa Barros;4.92
18066;Gabriel Barros Almeida;9.69
24553;Luiza Alves Gomes;5.26
15586;Matilde Gomes Rocha;4.59
24685;Isabelle Santos Azevedo;2.54
24216;Lavinia Dias Gomes;1.31
14168;Aline Barros Ribeiro;7.18
9464;Gabrielle Oliveira Pinto;0.90
11724;Rafael Barbosa Alves;0.56
5227;Renan Cunha Araujo;6.25
29814;Ana Santos Souza;2.97
3791;Enzo Cavalcanti Pereira;5.73
16355;Manuela Rodrigues Martins;0.01
14842;Ana Costa Rodrigues;3.17
2731;Davi Dias Goncalves;1.60
214;Luiz Ribeiro Alves;4.31
14691;Miguel Barros Rodrigues;2.10
13351;Victor Almeida Silva;3.32
25406;Ryan Lima Correia;8.20
21115;Miguel Martins Sousa;6.56
15628;Giovana Araujo Almeida;4.89
23779;Aline Cavalcanti Carvalho;9.84
12320;Amanda Azevedo Cavalcanti;6.74
7898;Thiago Costa Castro;7.45
8208;Gabriela Almeida Melo;3.76
6103;Sofia Cavalcanti Pereira;0.41
24666;Guilherme Lima Santos;0.16
20655;Amanda Ribeiro Correia;6.06
3538;Joao Rocha Correia;4.55
29821;Paulo Ribeiro Oliveira;0.77
5881;Cauã Cunha Cavalcanti;0.73
29687;Júlia Barros Ferreira;4.51
29902;Eduarda Almeida Melo;2.32
10947;Bruna Oliveira Melo;9.41
11083;Evelyn Costa Lima;2.76
17031;Renan Alves Alves;2.76
27488;Carlos Lima Gomes;3.61
9458;Igor Costa Rodrigues;9.14
8735;Alice Dias Oliveira;2.20
26177;Alex Santos Azevedo;7.25
23624;Breno Gomes Santos;2.47
8284;Pedro Sousa Cavalcanti;6.78
27679;Fábio Dias Pereira;8.88
22555;Pedro Santos Pereira;4.52
5532;Diogo Rodrigues Barbosa;5.54
8258;Marisa Martins Souza;9.95
12286;Livia Ribeiro Barros;0.40
14225;Fábio Costa Cardoso;5.01
18175;Larissa Azevedo Souza;2.03
18315;Gabrielly Pinto Barros;9.22
1083;Felipe Ribeiro Ribeiro;1.90
13326;Vinicius Santos Souza;9.13
10011;Kauê Correia Martins;4.28
12667;Fernanda Dias Silva;1.06
13567;Leonor Cunha Ribeiro;3.33
21917;Carla Cardoso Almeida;3.08
29419;Davi Souza Lima;2.46
29912;Daniel Souza Souza;1.68
10674;Julia Costa Fernandes;5.79
27045;Thaís Martins Oliveira;7.97
25659;Vinícius Rodrigues Fernandes;6.77
21846;Carla Rocha Sousa;5.44
22878;Tânia Oliveira Barros;6.26
26138;André Pinto Almeida;4.17
23669;Lucas Rocha Cunha;7.68
21228;Rafaela Castro Oliveira;7.37
15366;Manuela Correia Almeida;9.21
7382;Brenda Fernandes Barbosa;9.81
7341;Rafael Silva Ribeiro;9.28
25626;Sarah Barbosa Silva;7.90
19680;Felipe Ferreira Rodrigues;3.82
16723;Joao Rodrigues Martins;9.12
2478;Diego Lima Araujo;7.83
10830;Brenda Rocha Gomes;5.54
2575;Matheus Silva Pereira;8.64
29075;Julia Ribeiro Silva;7.88
21600;Guilherme Correia Costa;5.54
28661;Raissa Oliveira Santos;2.36
14120;Diego Ribeiro Ribeiro;7.02
21176;Livia Souza Alves;1.21
3333;Clara Gomes Cavalcanti;2.48
19515;João Ribeiro Carvalho;9.07
7994;Alex Almeida Lima;4.69
11491;Antônio Cardoso Dias;4.96
1555;Tânia Cardoso Castro;0.65
26218;Lara Almeida Goncalves;0.46
23758;Bianca Sousa Gomes;1.03
16105;Guilherme Dias Pinto;3.66
25755;Kai Ferreira Gomes;6.89
16523;Tiago Fernandes Barros;3.15
29089;Marcos Almeida Araujo;7.74
26683;Bruna Souza Oliveira;9.01
13768;André Cavalcanti Lima;2.01
13452;Alice Ribeiro Correia;6.95
23538;José Sousa Almeida;4.36
19029;Vinicius Sousa Lima;9.70
28155;Danilo Cavalcanti Barbosa;7.67
9710;Luana Rodrigues Silva;7.18
1850;Estevan Gomes Melo;6.31
10992;Alice Martins Oliveira;0.92
18479;Felipe Carvalho Ferreira;6.87
16161;Bianca Ferreira Barros;2.54
22438;Vitor Cavalcanti Cardoso;3.04
10043;Diego Correia Silva;8.51
15642;Breno Barros Pinto;3.10
11874;Luís Correia Santos;7.56
13892;Kauê Alves Melo;5.56
4141;Kai Lima Pinto;2.20
9549;Arthur Pinto Araujo;9.29
23810;Murilo Lima Costa;3.00
148;Gabriel Goncalves Lima;2.04
6968;Tânia Carvalho Correia;1.60
2128;Luís Barros Castro;6.18
9136;Pedro Martins Pereira;5.61
12724;Lara Silva Rodrigues;0.90
19852;Matheus Pereira Ferreira;0.81
8510;Emilly Azevedo Araujo;3.00
16393;Vitória Cunha Araujo;5.51
23798;Lara Cunha Rodrigues;7.93
19782;Júlia Rodrigues Silva;0.50
28946;Eduarda Martins Gomes;0.58
15725;Maria Rocha Dias;5.74
26863;Pedro Melo Castro;6.40
12669;Gabriel Costa Cardoso;9.43
5173;Diego Silva Dias;1.28
1092;Livia Cavalcanti Oliveira;1.40
13706;Julian Goncalves Carvalho;1.06
6367;Rebeca Goncalves Ribeiro;3.26
6827;Pedro Pereira Souza;7.27
9950;Ana Azevedo Araujo;7.34
28795;Arthur Melo Fernandes;7.32
4193;Leonardo Castro Almeida;6.00
11414;Vinicius Barbosa Martins;6.46
21852;Erick Rodrigues Gomes;7.29
4651;Murilo Castro Correia;3.82
26340;Luan Lima Martins;3.79
20761;Giovanna Azevedo Silva;8.21
28687;Vitória Goncalves Ribeiro;8.68
7079;Alice Carvalho Cavalcanti;6.03
13255;Alex Oliveira Martins;7.62
26564;Victor Correia Goncalves;4.46
24038;Matilde Souza Costa;5.47
10969;Camila Pereira Fernandes;3.54
8288;Luís Silva Lima;4.85
18787;Leila Fernandes Ferreira;1.06
29990;Luis Melo Pereira;9.88
28824;Gabrielle Pinto Cardoso;7.04
22384;Douglas Sousa Alves;3.73
5264;Miguel Dias Melo;4.96
15035;Kauê Oliveira Alves;8.52
4157;Tomás Cardoso Ferreira;7.52
4267;Caio Oliveira Santos;6.86
9093;Júlio Pinto Rocha;1.74
26589;Fernanda Ferreira Fernandes;7.24
27423;Murilo Ferreira Silva;2.40
24336;Camila Barros Melo;6.27
7124;Beatriz Cardoso Cardoso;7.01
23598;Rodrigo Lima Fernandes;5.60
9719;Carla Pereira Castro;4.76
24113;Yasmin Ribeiro Cunha;0.68
10919;Clara Santos Pinto;8.13
4625;Kauan Fernandes Castro;2.62
15373;Igor Barros Pereira;8.09
25164;Thiago Ferreira Pereira;4.17
27589;Erick Pinto Almeida;3.72
29430;Fernanda Lima Rocha;8.24
14291;Júlia Castro Costa;2.35
17011;Alice Alves Sousa;2.47
27430;Nicolash Rodrigues Dias;2.31
23162;Luan Barros Lima;5.47
9576;Felipe Gomes Cardoso;1.40
17028;Tânia Fernandes Goncalves;2.22
3271;Nicolas Rodrigues Gomes;5.44
14484;Eduarda Cardoso Ribeiro;0.60
20608;Renan Rodrigues Correia;9.30
22491;Guilherme Barros Fernandes;2.48
485;Leonor Gomes Alves;0.54
10061;Joao Azevedo Rocha;7.72
24446;Lucas Almeida Ribeiro;5.22
24573;Sofia Alves Castro;4.63
20737;Samuel Barbosa Lima;6.91
2592;Laura Ribeiro Carvalho;6.29
6941;Danilo Gomes Cavalcanti;1.21
4110;Isabelle Castro Correia;1.18
11992;Guilherme Barbosa Almeida;9.16
1996;Emily Dias Goncalves;2.26
26112;Laura Barbosa Rocha;3.39
25941;Nicole Fernandes Fernandes;6.77
19958;Marina Rodrigues Costa;8.92
10861;Evelyn Oliveira Araujo;3.27
22610;Marcos Fernandes Pereira;1.97
14976;Evelyn Gomes Cavalcanti;2.35
591;Nicole Oliveira Araujo;6.10
25799;Leonor Rodrigues Correia;6.97
12048;Matheus Ribeiro Correia;3.73
13050;Igor Goncalves Castro;2.72
1826;Luana Silva Castro;2.28
6549;Luís Carvalho Ribeiro;2.47
17151;Douglas Gomes Cardoso;7.33
13948;Raissa Cavalcanti Castro;0.88
27476;Camila Silva Barros;0.30
24485;Igor Souza Azevedo;3.08
2139;Júlio Costa Fernandes;5.76
18031;Gabrielly Ferreira Alves;2.98
19866;Ryan Almeida Melo;5.77
15916;Emily Pinto Alves;2.05
29738;Vitória Gomes Ribeiro;4.21
23032;Emilly Azevedo Cunha;7.44
1525;Renan Costa Sousa;1.90
18732;Isabella Cavalcanti Fernandes;9.24
12038;Livia Gomes Alves;3.07
20070;Victor Silva Goncalves;2.28
9640;Matheus Castro Sousa;9.31
22381;Tânia Almeida Pinto;8.52
12599;Yasmin Pinto Dias;7.68
5007;Igor Fernandes Cardoso;8.64
16414;Melissa Silva Castro;7.93
21304;Beatrice Souza Silva;8.01
3848;Luis Cunha Santos;3.07
2551;Julieta Goncalves Barros;2.79
4502;Manuela Souza Ferreira;0.10
6535;Tomás Pereira Souza;1.61
5512;Luis Lima Pereira;6.50
516;Kai Lima Lima;1.11
22768;Letícia Cunha Barbosa;1.27
10087;Laura Alves Ribeiro;3.06
13036;Fernanda Ribeiro Barbosa;0.96
7826;Nicolas Carvalho Carvalho;4.45
9529;Gabrielly Alves Lima;2.75
8280;Carolina Sousa Alves;5.12
960;Tânia Pinto Cardoso;8.77
28968;Daniel Ribeiro Rocha;7.26
20534;Diogo Ferreira Alves;6.07
21109;Brenda Barbosa Carvalho;8.84
11881;Kaua Fernandes Goncalves;5.95
12583;Danilo Almeida Ferreira;9.82
25311;Danilo Costa Correia;6.93
23740;Aline Rodrigues Santos;4.91
25582;Igor Dias Fernandes;0.90
10881;Giovana Costa Cardoso;9.56
24162;Beatrice Dias Cavalcanti;9.23
19845;Melissa Fernandes Oliveira;9.35
20362;Eduarda Correia Barros;4.11
3098;Ana Silva Castro;3.07
3902;Maria Alves Azevedo;5.36
21478;Otávio Gomes Araujo;6.43
24396;Emilly Azevedo Silva;8.42
25763;Rafaela Melo Ferreira;9.34
9126;Lavinia Melo Carvalho;7.96
16566;Kauan Pereira Correia;0.63
10716;Júlio Carvalho Souza;9.98
161;Bruno Barbosa Cardoso;2.05
19629;Júlio Fernandes Ribeiro;6.23
10280;Nicolas Gomes Almeida;7.02
13236;Rafaela Rocha Ribeiro;3.88
22686;Matilde Pereira Goncalves;1.40
18586;Eduarda Silva Rodrigues;1.49
26793;Maria Barros Pinto;2.25
11849;Laura Barros Souza;9.77
25653;Breno Santos Pereira;7.01
29564;Letícia Oliveira Ribeiro;1.64
25019;Sarah Souza Silva;4.93
26666;Luana Pereira Lima;9.65
24944;Paulo Ribeiro Araujo;7.64
13637;Isabelle Dias Cardoso;8.57
25644;Melissa Correia Azevedo;4.75
27463;Isabela Cavalcanti Ferreira;1.43
22738;Manuela Almeida Rodrigues;1.80
8475;Tomás Barbosa Carvalho;4.30
16043;Erick Azevedo Barbosa;0.24
22083;Breno Silva Goncalves;1.32
1187;Nicolas Fernandes Sousa;5.52
26485;Luiza Melo Lima;9.93
16864;Carlos Castro Barbosa;8.82
2490;Tânia Ribeiro Araujo;4.81
21083;Tomás Alves Azevedo;0.46
17891;Leonor Gomes Almeida;5.70
25513;Luis Dias Rodrigues;7.73
21620;Cauã Santos Barros;5.31
29323;Aline Rodrigues Pereira;0.81
6928;Cauã Araujo Almeida;0.76
29410;Igor Alves Alves;3.08
17754;Antônio Dias Alves;5.36
27579;Gabrielly Lima Pereira;0.77
28738;Marisa Lima Costa;8.92
20370;Carlos Almeida Silva;4.50
21032;Carolina Cardoso Souza;7.57
5901;Antônio Ferreira Dias;7.47
26243;Fábio Dias Gomes;7.05
27949;Melissa Rocha Ribeiro;4.06
19346;Estevan Melo Gomes;5.22
4951;Aline Carvalho Azevedo;4.06
20730;Davi Santos Rocha;6.37
26416;Breno Alves Almeida;2.94
1306;Fernanda Pinto Gomes;4.78
27127;Rafael Dias Lima;9.47
24467;Marcos Cardoso Dias;6.10
10980;Emily Gomes Ferreira;5.77
26110;Otávio Lima Gomes;6.02
20288;Luana Pinto Castro;5.93
4973;Bianca Almeida Azevedo;8.55
8599;Luana Goncalves Ribeiro;7.63
14344;Livia Silva Cunha;5.45
9814;Thiago Pinto Carvalho;4.17
22346;Sophia Almeida Pinto;4.31
26002;Vitória Silva Barros;1.10
27089;Yasmin Ferreira Sousa;9.25
18299;Nicolash Castro Fernandes;8.86
9947;Lavinia Martins Barros;3.84
18019;Gabrielle Cunha Cavalcanti;1.53
5616;Estevan Costa Castro;7.31
18765;Rafael Fernandes Pereira;4.52
7595;Julieta Araujo Carvalho;4.96
13777;Vitória Costa Pinto;8.53
23227;Leonardo Castro Pereira;7.15
29984;Isabela Silva Correia;3.75
4270;Rafael Santos Alves;7.57
3243;Júlio Rocha Souza;3.00
17511;Isabela Carvalho Azevedo;6.39
29338;Gabrielle Almeida Rocha;3.93
14375;Alice Correia Almeida;4.95
12686;Martim Melo Gomes;7.02
29175;Vinícius Pinto Costa;5.82
8881;Felipe Barros Pinto;8.33
11837;Cauã Barros Pereira;6.24
8436;Joao Oliveira Correia;8.24
2570;Rafaela Cavalcanti Almeida;9.91
5520;Lavinia Pereira Fernandes;3.78
1042;Paulo Barbosa Castro;3.34
29768;Luiza Castro Martins;7.56
23094;Kauã Lima Rocha;6.78
2948;Lara Pereira Souza;0.79
22166;Giovana Cavalcanti Pereira;8.93
6922;Lara Lima Sousa;7.70
13414;José Araujo Alves;3.75
11471;Leila Barbosa Pinto;6.76
3442;Carolina Rocha Goncalves;8.63
15181;Sofia Goncalves Barros;7.39
17066;Camila Martins Pereira;4.50
16989;Julia Gomes Oliveira;4.43
7307;Laura Rodrigues Costa;0.43
10838;Fábio Castro Barbosa;4.53
2198;Melissa Gomes Pereira;1.84
1178;Mariana Almeida Fernandes;3.12
21309;Luan Sousa Fernandes;8.11
18768;Sofia Lima Castro;0.42
15235;Nicolash Azevedo Ribeiro;0.80
14253;Vinícius Rodrigues Cardoso;5.50
1166;Thaís Rodrigues Cunha;2.01
26026;Sophia Correia Souza;6.21
8396;Maria Cunha Costa;1.66
27436;Sophia Cunha Pinto;3.12
22981;Kauan Barros Alves;6.41
5847;Carolina Martins Correia;4.50
28871;Kaua Pereira Pereira;2.06
6666;Kaua Castro Souza;4.64
27107;Gabrielly Ribeiro Goncalves;2.10
6136;Julieta Lima Ferreira;3.81
11136;Nicolas Azevedo Pinto;1.09
11930;Ryan Dias Lima;4.74
14568;Davi Correia Correia;5.41
22580;Raissa Castro Araujo;2.85
11663;Samuel Pinto Almeida;4.81
28359;Tiago Pinto Oliveira;0.72
29304;Kauan Costa Silva;0.12
2860;Gabriela Cunha Gomes;4.57
29944;Kauã Rocha Pinto;2.21
25965;Diogo Cavalcanti Cunha;8.66
24257;Giovanna Gomes Souza;2.11
843;Manuela Silva Pereira;3.44
13296;Livia Cardoso Goncalves;1.33
20297;Julieta Barros Pinto;6.25
5071;Rafaela Sousa Rocha;6.99
4509;Yasmin Silva Barros;2.69
5402;Matheus Cunha Silva;6.81
14332;Kauan Almeida Dias;5.50
5292;Beatrice Dias Carvalho;7.33
28479;Larissa Dias Sousa;1.52
17002;Daniel Cardoso Dias;5.32
6284;Julieta Martins Castro;4.10
21559;Martim Cavalcanti Dias;0.45
26440;Breno Sousa Cardoso;6.14
22723;Mateus Oliveira Souza;9.34
47;Thaís Melo Oliveira;1.17
3878;Murilo Pereira Castro;6.58
1198;Vitór Ferreira Costa;7.01
13681;Bruno Castro Cunha;9.93
4088;Julieta Alves Lima;2.77
5415;Maria Sousa Almeida;5.32
26646;Marcos Castro Sousa;1.69
5675;Renan Carvalho Rodrigues;0.82
4889;Julian Sousa Costa;8.55
24497;Nicolash Oliveira Araujo;0.45
11053;Breno Araujo Carvalho;3.08
2843;Kaua Barros Gomes;2.07
15337;Giovanna Silva Costa;5.98
8503;Ana Martins Martins;3.22
18620;Eduardo Oliveira Dias;9.75
10128;Matilde Goncalves Martins;3.16
9627;Nicole Cunha Ferreira;0.53
15225;Beatriz Rodrigues Lima;2.63
7762;Laura Pinto Barros;0.12
2025;Vinicius Martins Azevedo;5.66
2345;Aline Azevedo Souza;7.83
15228;Gustavo Ferreira Oliveira;3.46
19940;Rafael Lima Costa;7.42
22793;Kauan Pereira Almeida;1.44
28039;Bianca Almeida Lima;9.28
14507;Luan Ferreira Sousa;4.39
25665;Joao Ribeiro Barros;8.33
13093;Rebeca Almeida Dias;4.38
13560;Isabelle Lima Rodrigues;4.51
3295;Luiza Alves Correia;8.71
29661;Fernanda Pinto Carvalho;1.29
28548;Isabela Souza Castro;6.84
14293;Yasmin Costa Cavalcanti;5.62
8307;Marina Fernandes Castro;7.30
8330;Melissa Barbosa Cavalcanti;8.57
21285;Nicole Gomes Cavalcanti;5.13
5933;Nicolash Ferreira Cavalcanti;4.11
273;Júlia Pereira Gomes;8.15
5096;Leonardo Dias Cunha;3.56
27377;Luiz Fernandes Alves;7.90
9090;Clara Martins Cunha;1.29
18795;Cauã Ferreira Cavalcanti;9.30
8871;Davi Santos Fernandes;2.22
21344;Enzo Carvalho Correia;1.98
24509;Julieta Oliveira Santos;4.36
4358;Enzo Souza Oliveira;4.84
27794;Diogo Souza Dias;6.66
3832;Igor Pinto Araujo;3.25
29803;Leonor Silva Barros;8.50
10097;Fernanda Melo Sousa;2.52
28862;Caio Santos Lima;8.85
13125;Matilde Barros Costa;7.97
17665;Breno Cunha Gomes;7.45
7637;Mariana Melo Rodrigues;7.72
3990;Vitória Gomes Dias;9.74
24430;Sophia Sousa Lima;3.68
5971;Leila Melo Rocha;6.57
22257;Kai Martins Castro;3.56
7070;Isabela Rodrigues Martins;3.48
28229;Vitoria Goncalves Costa;7.02
24128;Joao Rocha Barros;6.05
6872;Júlio Barros Rocha;6.28
18288;Letícia Cardoso Fernandes;9.47
13782;Thiago Melo Rodrigues;9.02
20707;Ágatha Almeida Araujo;9.26
21492;Kauan Oliveira Cavalcanti;3.87
2844;Vitor Cardoso Cardoso;4.73
15888;Manuela Sousa Fernandes;5.82
11751;Julieta Pereira Rocha;2.83
29530;Nicole Castro Almeida;8.70
25196;Bianca Costa Costa;0.40
12505;Carlos Cunha Dias;6.64
18758;Miguel Melo Oliveira;8.73
26678;Maria Santos Pinto;1.47
16982;Brenda Castro Fernandes;0.89
9652;Giovana Cunha Melo;6.99
16858;Gabriel Araujo Oliveira;3.94
29031;Danilo Almeida Ribeiro;2.88
3421;Kaua Costa Azevedo;8.80
1601;Marina Dias Barbosa;7.71
9967;Carla Alves Correia;5.94
8159;Caio Carvalho Lima;6.43
28430;Giovanna Goncalves Castro;8.60
18;Gabrielle Rodrigues Ribeiro;3.49
18504;Mariana Correia Azevedo;4.48
579;Otávio Ferreira Pereira;8.54
10665;Alex Rocha Rocha;6.97
28119;Tomás Sousa Cavalcanti;7.63
18578;Bruno Lima Sousa;8.15
21118;Igor Oliveira Martins;8.78
17521;Emilly Souza Araujo;9.38
13932;Leonor Alves Barbosa;2.75
3179;Fábio Costa Santos;6.87
12726;Lavinia Melo Rocha;2.18
6702;Camila Pinto Goncalves;3.21
19525;Brenda Carvalho Cardoso;0.02
12801;Maria Costa Fernandes;3.85
5401;Emily Almeida Cunha;3.78
7074;Kauê Santos Correia;6.03
14711;Danilo Dias Silva;1.93
7655;Ryan Souza Martins;7.78
23127;Livia Dias Ferreira;8.19
2871;Ana Rocha Barbosa;2.37
8757;Eduardo Lima Alves;8.76
28472;Martim Lima Barros;1.68
29246;Amanda Ferreira Pereira;2.08
29053;Raissa Ferreira Carvalho;0.83
4589;Estevan Pereira Sousa;0.35
10779;Carlos Martins Ferreira;5.79
2038;Julia Oliveira Barros;6.22
16600;Alex Azevedo Ribeiro;7.02
10913;Joao Barbosa Ferreira;5.56
23025;Kauê Barros Gomes;1.47
25313;Rafael Rodrigues Rodrigues;7.65
21647;Miguel Souza Ribeiro;1.22
12612;Samuel Ferreira Correia;1.63
7215;Livia Araujo Martins;1.81
10116;Breno Oliveira Martins;7.55
8824;Kaua Barros Barbosa;7.78
27404;Beatriz Cavalcanti Martins;3.57
17470;Thiago Melo Oliveira;7.99
16607;Ryan Rodrigues Cunha;9.14
27233;Evelyn Barros Alves;8.98
20424;Giovanna Araujo Goncalves;1.56
16334;Maria Rodrigues Sousa;5.68
22263;Isabela Melo Cardoso;0.63
9024;Marisa Cunha Martins;8.84
21976;Mariana Ferreira Goncalves;3.68
2643;João Silva Alves;9.52
26748;Douglas Sousa Barbosa;0.78
7373;Livia Santos Cardoso;1.77
25537;Isabella Santos Cunha;6.76
18945;Bianca Pinto Melo;0.56
1106;Renan Goncalves Pereira;3.53
961;Emilly Silva Lima;7.00
15042;Vitór Barros Pereira;4.65
8072;Livia Rodrigues Araujo;0.46
544;Emily Araujo Sousa;8.66
29843;Ryan Sousa Ferreira;9.16
14273;Eduarda Azevedo Barros;6.86
6863;Paulo Rodrigues Fernandes;9.92
5794;Thaís Rodrigues Barros;2.64
14025;Sophia Souza Cunha;7.40
13178;Beatriz Fernandes Goncalves;6.40
22601;Melissa Castro Goncalves;1.04
8990;Julia Rocha Cardoso;6.56
3889;Miguel Rodrigues Gomes;1.54
16755;André Melo Pereira;6.38
11092;Gabriel Pinto Cavalcanti;5.68
6884;Caio Silva Ferreira;0.81
992;Luiz Fernandes Fernandes;4.06
8317;Camila Santos Goncalves;1.33
28787;Julieta Carvalho Carvalho;4.05
11466;João Rocha Cunha;2.27
26621;Vitória Castro Ribeiro;7.20
28523;Lara Costa Sousa;7.08
7980;Fábio Barbosa Ferreira;1.31
5151;Breno Lima Pinto;6.06
6544;Livia Oliveira Rodrigues;3.22
142;Matilde Gomes Azevedo;0.73
26375;Nicole Alves Barbosa;0.30
12927;Nicolas Costa Dias;1.35
17529;Marina Rocha Dias;7.00
22387;Davi Rodrigues Martins;8.07
16567;Thiago Rodrigues Gomes;7.63
6338;Diogo Correia Fernandes;8.20
14041;Leila Souza Pereira;3.42
22450;Tânia Ferreira Cardoso;6.57
9243;Letícia Araujo Barbosa;1.58
21469;Rafaela Melo Sousa;1.72
210;Leonardo Santos Carvalho;0.44
11802;Diogo Lima Correia;9.74
4118;Camila Costa Cavalcanti;0.87
15851;Thaís Gomes Almeida;6.57
25262;Anna Rocha Silva;4.95
25123;Kaua Cunha Silva;8.38
6373;Vitoria Correia Lima;6.71
13370;Danilo Martins Rocha;7.07
17289;Ryan Cardoso Ribeiro;0.62
9930;Luiz Lima Souza;2.44
17765;Otávio Araujo Almeida;4.28
19329;Arthur Araujo Cardoso;2.47
21013;Júlio Ribeiro Carvalho;0.76
8260;Rafael Souza Santos;2.94
19077;Leonor Cavalcanti Alves;0.76
27203;Sophia Martins Cunha;0.36
18237;Daniel Alves Pinto;8.01
13316;Vitória Cavalcanti Azevedo;5.07
15132;Vinícius Lima Azevedo;3.13
14486;Lavinia Martins Araujo;8.44
19410;Letícia Souza Cardoso;6.75
15640;Cauã Santos Rocha;8.54
18532;Alex Araujo Correia;9.31
16901;Alex Sousa Cunha;0.20
23674;Breno Castro Oliveira;9.44
26353;Júlia Lima Ferreira;4.89
16289;André Barros Ribeiro;6.65
2147;Isabelle Ribeiro Rocha;8.05
11735;Anna Sousa Sousa;9.58
2282;Igor Martins Ferreira;6.96
9365;Bruna Santos Carvalho;8.83
15752;Giovanna Oliveira Cardoso;8.19
1148;Nicolash Ribeiro Costa;6.85
29844;Vitór Rocha Souza;2.95
24890;Tânia Dias Pinto;7.80
11953;Eduardo Costa Cavalcanti;9.98
12010;Camila Souza Carvalho;1.88
27747;Rodrigo Pereira Gomes;2.45
10961;Alice Castro Carvalho;7.22
27248;Mateus Gomes Santos;4.45
12241;Douglas Fernandes Lima;7.35
3;Paulo Ferreira Silva;1.08
18407;Livia Costa Sousa;4.28
5030;Ágatha Fernandes Barbosa;7.64
16577;Enzo Cavalcanti Barbosa;8.77
21215;Gabriel Barbosa Oliveira;5.41
9406;Mateus Sousa Dias;0.13
4262;Júlia Silva Ribeiro;6.72
28820;Beatrice Cavalcanti Martins;0.57
11049;Letícia Castro Castro;8.21
6487;Vitoria Ferreira Martins;1.17
25498;Bruno Fernandes Souza;4.65
4511;Ágatha Lima Barbosa;7.68
2387;Lucas Correia Cunha;3.61
16223;Kaua Carvalho Barbosa;5.28
18097;Erick Rocha Cavalcanti;7.47
21193;Vitoria Pereira Pinto;4.46
11611;Gabrielly Barros Alves;1.11
6860;Giovanna Ribeiro Martins;8.10
26227;Júlia Rocha Martins;6.40
28777;Gabriela Oliveira Gomes;0.55
1366;Rebeca Carvalho Pinto;7.04
19564;Carlos Ferreira Castro;6.69
28132;Larissa Sousa Cunha;6.72
12929;Luís Melo Azevedo;8.57
2956;Kauã Costa Oliveira;4.36
24150;Thiago Cavalcanti Azevedo;4.06
10521;Giovanna Castro Oliveira;4.33
8701;Nicolash Martins Correia;0.93
7555;Martim Carvalho Barros;3.44
1401;Julian Rodrigues Fernandes;4.68
18538;Danilo Almeida Ribeiro;0.12
5367;Enzo Barros Ferreira;4.61
27350;Pedro Cardoso Oliveira;7.28
16687;Lucas Santos Alves;3.69
9847;Bruno Cardoso Barbosa;5.22
8534;Antônio Cavalcanti Costa;5.36
24940;Breno Goncalves Gomes;6.20
15968;Beatrice Cavalcanti Sousa;6.65
9952;Gabriel Castro Pereira;0.10
122;Antônio Silva Sousa;3.29
24261;Luana Alves Carvalho;1.20
11576;Sarah Barbosa Barros;9.25
9639;Isabelle Almeida Almeida;0.82
19073;Matheus Rodrigues Almeida;5.44
24800;Marisa Almeida Araujo;2.41
27515;Thiago Fernandes Silva;6.44
21313;Igor Castro Correia;4.95
26848;Victor Ribeiro Martins;4.05
25729;Vinícius Rodrigues Cunha;0.12
7759;Carlos Castro Oliveira;0.02
26467;Felipe Rocha Silva;3.17
10873;Murilo Ferreira Azevedo;7.04
24651;Tiago Costa Cardoso;4.30
2627;Júlio Ferreira Araujo;5.71
25593;Camila Rocha Alves;2.17
1316;Mateus Santos Cavalcanti;0.18
9158;Tânia Pereira Castro;8.35
16637;Vinícius Almeida Ribeiro;2.30
25063;Kauê Gomes Souza;9.85
15541;Giovana Rocha Dias;7.43
12079;Luiza Melo Martins;7.58
408;Marina Alves Barbosa;6.19
16588;Vitória Gomes Oliveira;3.97
26263;Beatriz Correia Correia;9.96
25753;Maria Castro Pereira;2.41
21630;Douglas Martins Ribeiro;2.16
1476;Enzo Martins Melo;2.58
20962;Kai Castro Castro;5.29
8576;Raissa Costa Oliveira;7.78
17012;Mariana Oliveira Silva;8.68
19853;Kauan Alves Alves;5.28
12418;Emilly Azevedo Sousa;4.30
28520;João Melo Rocha;4.79
24554;Igor Cavalcanti Cavalcanti;9.80
19053;Ágatha Ribeiro Barbosa;7.52
4043;Diogo Rocha Silva;8.91
22188;Evelyn Pinto Barros;6.83
22669;Beatrice Goncalves Araujo;1.73
11566;Douglas Alves Rocha;3.09
3658;Julian Gomes Correia;5.32
28927;Samuel Lima Correia;6.08
12624;Melissa Rocha Alves;7.40
21120;Vinicius Cardoso Pinto;4.23
28262;Murilo Lima Barbosa;9.21
2932;Sofia Araujo Silva;3.24
9213;Larissa Sousa Carvalho;2.09
27457;Ryan Fernandes Melo;0.44
24104;Giovanna Souza Dias;9.20
22103;Sarah Santos Rocha;3.19
7885;Miguel Castro Rocha;7.87
505;José Dias Lima;8.85
7165;Tomás Lima Cardoso;1.76
17563;Pedro Costa Pereira;8.38
9801;Thiago Castro Cunha;2.13
8671;Erick Barros Costa;6.90
28625;Arthur Ribeiro Silva;3.76
29056;Isabela Araujo Castro;4.87
28645;Nicole Silva Sousa;7.73
11848;Aline Barbosa Rodrigues;7.87
20872;Camila Cunha Silva;1.80
29744;Antônio Santos Santos;8.42
11337;Antônio Ribeiro Rocha;4.86
17626;Gustavo Pereira Almeida;8.11
11356;Diogo Sousa Rocha;0.27
23333;Carolina Carvalho Pinto;0.47
7129;Matilde Rocha Barros;3.39
3144;Emily Martins Pinto;2.01
3159;Bruno Goncalves Fernandes;0.60
3677;Julieta Souza Sousa;1.85
2713;Gustavo Pinto Barbosa;2.88
21067;Martim Lima Rocha;5.46
10822;Melissa Sousa Souza;4.92
16175;Rodrigo Souza Gomes;5.28
20147;Carla Ferreira Alves;4.26
13444;Diogo Ferreira Azevedo;9.19
6575;Thaís Ferreira Martins;6.46
22599;Alex Barbosa Barbosa;4.40
8629;Anna Santos Souza;7.68
26684;Nicolas Ferreira Lima;3.82
4872;Evelyn Cunha Castro;0.59
12291;Gustavo Barbosa Cavalcanti;6.73
13041;Emilly Castro Dias;5.40
16612;Julia Castro Ribeiro;5.60
1636;Tânia Cardoso Pinto;3.84
11506;Murilo Oliveira Ribeiro;2.64
28857;Antônio Rodrigues Correia;2.40
21618;Lavinia Almeida Pereira;7.44
27228;Marisa Martins Barros;3.42
20965;Kai Gomes Correia;0.75
18496;Melissa Souza Dias;9.72
20016;Brenda Lima Carvalho;3.90
28440;Vinícius Correia Melo;5.46
26309;Arthur Costa Fernandes;1.23
21568;Cauã Araujo Barbosa;0.83
9338;Luís Santos Silva;1.84
29731;Bruna Lima Souza;8.60
24366;Leonor Martins Barbosa;8.21
25154;Arthur Cunha Lima;5.22
10178;Brenda Cardoso Dias;5.88
7388;Lara Silva Alves;4.55
25685;Fábio Castro Araujo;8.96
8559;Rebeca Fernandes Rodrigues;7.33
21019;Beatriz Cunha Barbosa;4.28
21999;Kauã Dias Carvalho;6.40
11357;Evelyn Costa Cardoso;6.93
17044;Kai Pereira Gomes;7.18
18092;Luis Alves Rodrigues;0.16
19349;Leila Rodrigues Silva;7.16
5649;Renan Martins Santos;9.80
13523;Bruna Ribeiro Barros;1.31
28476;Clara Dias Azevedo;4.44
8360;Melissa Correia Pinto;9.59
6262;Bruno Sousa Goncalves;6.60
23177;Marina Cavalcanti Pereira;8.81
8354;Diogo Azevedo Rocha;1.37
28887;Ágatha Carvalho Cardoso;9.32
19119;Leila Alves Rocha;0.18
25159;Camila Melo Cardoso;9.46
25555;Bianca Oliveira Rocha;6.99
26744;Ryan Castro Sousa;4.68
4868;Murilo Goncalves Almeida;4.33
1773;Raissa Cardoso Correia;1.46
24818;José Barros Gomes;3.61
28166;Vinícius Dias Souza;9.84
19195;Isabela Cavalcanti Ferreira;8.19
2469;Antônio Dias Dias;9.96
14045;Cauã Fernandes Melo;7.19
11204;Isabela Azevedo Ribeiro;1.87
25773;Caio Costa Sousa;4.93
15587;Yasmin Santos Pereira;9.70
28750;Gabrielle Barros Souza;9.67
1087;Kauan Azevedo Alves;1.30
27898;Renan Araujo Fernandes;7.91
16974;Felipe Martins Cavalcanti;8.27
192;Enzo Barbosa Correia;0.52
29583;Estevan Gomes Martins;3.70
8297;Luan Ribeiro Ferreira;0.81
25166;Nicolas Carvalho Barros;4.40
18530;Felipe Pereira Castro;7.79
17638;Breno Barbosa Oliveira;4.97
12164;Samuel Lima Pinto;9.08
1396;Antônio Souza Azevedo;0.38
28196;Beatrice Pinto Araujo;7.08
16806;José Silva Pinto;4.38
25821;Yasmin Costa Silva;6.45
6553;Luana Cardoso Araujo;1.82
11727;Vitoria Rocha Sousa;8.90
23727;Estevan Sousa Pinto;4.18
19128;Mateus Gomes Carvalho;5.10
25345;Yasmin Ribeiro Pinto;9.83
466;Leonor Ribeiro Barbosa;3.35
26331;Vitoria Martins Ribeiro;5.91
28903;Gustavo Correia Gomes;7.28
14967;João Rodrigues Ferreira;2.22
8055;Giovana Castro Ferreira;5.62
6057;Marcos Pinto Santos;7.74
10936;Lavinia Almeida Sousa;9.89
21306;Gabriela Pinto Rocha;7.86
22049;Marcos Cavalcanti Barros;7.28
12500;Gabrielle Dias Alves;0.63
188;Davi Azevedo Dias;1.74
24943;Marisa Gomes Rocha;5.31
3022;Mariana Correia Melo;9.90
9312;Larissa Alves Lima;0.83
21886;Carolina Dias Ribeiro;0.83
29997;Joao Alves Barros;7.29
17788;Emily Araujo Alves;5.81
28941;Maria Gomes Souza;0.62
17059;Vitor Cavalcanti Melo;9.17
13516;Gabrielly Rocha Correia;9.61
24015;Vinicius Barros Gomes;2.53
16089;Gabriel Cardoso Cardoso;3.57
21040;Rafael Castro Barbosa;0.07
6162;Bruna Cunha Correia;4.30
26308;Luiz Almeida Alves;0.93
1895;Emilly Pinto Carvalho;8.13
2279;Antônio Pereira Ferreira;4.72
23123;Erick Pinto Pereira;4.98
9156;Gabriela Correia Martins;0.28
19105;Emily Alves Santos;3.83
16888;Kauan Carvalho Santos;1.87
7732;Pedro Martins Rodrigues;1.33
7250;Carolina Cavalcanti Carvalho;9.86
27624;Rodrigo Cunha Oliveira;1.00
28347;Luana Castro Oliveira;6.43
12671;Sarah Rodrigues Pinto;1.71
20859;Fábio Goncalves Correia;2.55
15522;Alex Cunha Cardoso;4.00
29088;Aline Correia Castro;3.37
11349;Isabella Rocha Carvalho;4.88
6299;Daniel Goncalves Almeida;6.32
4993;Vinícius Sousa Barbosa;1.65
26214;Camila Cavalcanti Dias;3.61
3582;Luan Pereira Cardoso;2.95
28167;Tânia Alves Castro;7.15
20177;Murilo Castro Martins;8.45
29682;Ana Cunha Alves;6.90
377;Luana Barros Souza;6.95
19799;Tomás Cunha Costa;5.48
12268;Julieta Correia Goncalves;4.20
4433;Alice Cunha Pereira;6.22
18902;Nicolas Santos Almeida;2.79
4248;Evelyn Barbosa Pereira;4.89
24492;Luis Gomes Araujo;9.44
12537;Brenda Barbosa Ribeiro;6.12
10495;Kaua Castro Costa;5.15
18698;Felipe Ferreira Barbosa;9.98
11256;Beatriz Sousa Melo;0.65
10562;Otávio Gomes Araujo;2.02
21082;Sarah Fernandes Melo;5.62
15049;José Santos Cavalcanti;1.10
5517;Murilo Ribeiro Costa;5.95
2808;Yasmin Oliveira Santos;5.27
15122;Paulo Correia Cunha;0.21
22435;Mateus Rodrigues Araujo;4.26
17499;Carlos Cunha Ribeiro;5.56
15495;Arthur Cardoso Goncalves;6.83
15131;Evelyn Cavalcanti Fernandes;7.37
14595;Nicole Carvalho Oliveira;1.08
2780;Bianca Costa Fernandes;5.12
27070;Luiza Oliveira Dias;4.25
15319;Carlos Azevedo Pereira;2.55
22309;Amanda Gomes Oliveira;2.12
24235;Isabella Azevedo Silva;6.63
17843;Rebeca Gomes Santos;9.08
12477;Alex Gomes Carvalho;9.22
5592;Marina Martins Dias;9.24
16579;José Barros Costa;8.15
4880;Matheus Sousa Santos;9.76
20128;Larissa Cardoso Almeida;5.23
26296;Raissa Barros Barbosa;1.95
12775;Clara Cunha Cardoso;9.87
19169;Julieta Martins Alves;8.40
13248;Julian Cardoso Correia;9.37
21679;Vitor Carvalho Lima;6.76
1;Giovanna Rocha Lima;2.08
14;Luiza Dias Carvalho;8.93
5120;Luan Barbosa Sousa;2.26
28542;Raissa Lima Almeida;2.93
27969;Douglas Rodrigues Ribeiro;2.39
19802;Tânia Melo Araujo;0.54
15289;Luana Goncalves Silva;4.98
2065;Livia Barbosa Cavalcanti;4.48
3264;Gabriel Fernandes Barros;1.43
22583;Mateus Souza Goncalves;7.81
8226;Sarah Castro Gomes;5.95
27921;Julia Cavalcanti Dias;2.58
328;Emily Azevedo Cunha;1.52
15230;Sarah Souza Araujo;7.49
16943;Vitor Rodrigues Gomes;2.06
9072;Davi Dias Cavalcanti;2.69
9294;Leila Melo Melo;0.17
10297;Anna Correia Castro;3.87
1635;Matilde Santos Pereira;0.56
7147;Júlio Barbosa Carvalho;1.59
28524;Julieta Dias Sousa;3.52
5296;Rebeca Cardoso Pinto;0.92
9913;Melissa Fernandes Cavalcanti;0.22
179;Cauã Lima Dias;7.73
2501;Tomás Sousa Martins;1.90
1592;Rodrigo Correia Correia;5.17
16696;Emily Pinto Souza;4.34
24637;Rafaela Castro Ferreira;2.13
19541;Renan Dias Alves;1.86
11838;Bruna Sousa Pinto;4.03
20471;Júlio Souza Gomes;1.85
5909;Raissa Barros Alves;6.77
747;Lucas Gomes Ferreira;2.17
21614;Douglas Silva Pinto;2.49
29507;Daniel Costa Azevedo;5.27
15929;Bianca Carvalho Goncalves;5.47
1980;Julian Souza Cavalcanti;4.27
16985;Diogo Cardoso Melo;3.95
27366;Felipe Silva Pinto;8.58
22731;Brenda Almeida Rodrigues;5.14
17866;Cauã Castro Barros;9.40
17196;Carlos Melo Silva;8.95
7691;André Barros Cardoso;5.82
8997;Julian Araujo Pinto;8.02
14104;Joao Cunha Alves;2.24
19253;Larissa Alves Barbosa;8.47
10630;Murilo Almeida Costa;2.40
16713;Gabrielly Castro Martins;7.02
15679;Carla Dias Cavalcanti;6.30
19230;Luana Oliveira Silva;5.01
5883;Sofia Castro Martins;5.01
4733;Maria Melo Ribeiro;0.07
4403;Aline Barros Souza;2.06
26024;Aline Cavalcanti Cunha;2.25
21043;Tânia Souza Ferreira;4.89
4354;Anna Pereira Alves;6.75
11854;Matilde Cavalcanti Carvalho;7.84
21729;Vitor Pereira Lima;8.15
14362;Giovanna Sousa Azevedo;3.77
21071;Vinícius Cunha Cavalcanti;3.14
10928;Carolina Sousa Santos;5.37
9755;Igor Costa Alves;2.71
15116;Guilherme Araujo Silva;5.63
9607;Melissa Gomes Rocha;0.89
19836;Raissa Araujo Lima;0.41
15436;Vitoria Ferreira Ferreira;3.41
20285;Tânia Araujo Ribeiro;7.69
14777;Kauan Araujo Silva;1.63
21388;Kauan Sousa Barros;2.57
23493;Breno Almeida Barros;0.03
6972;Laura Oliveira Souza;7.55
4436;Yasmin Correia Cardoso;0.39
25874;Isabelle Silva Souza;1.08
22532;Melissa Pereira Melo;7.98
6804;Vitor Cavalcanti Souza;0.01
27847;Ágatha Gomes Barbosa;9.28
3591;Breno Pereira Rocha;7.91
6500;Bianca Cavalcanti Rodrigues;4.52
19809;Tiago Carvalho Cunha;3.66
7194;Beatrice Lima Martins;9.23
4691;Vinicius Pinto Santos;2.62
29896;Carlos Costa Fernandes;8.71
7995;Nicolash Melo Goncalves;5.99
22862;Arthur Santos Correia;5.24
5685;Ana Cunha Silva;5.95
11104;Vitór Castro Ferreira;6.63
11789;Livia Barbosa Sousa;3.15
3152;Amanda Pinto Castro;1.55
16936;Carlos Ribeiro Costa;3.82
20363;Rafael Cunha Lima;2.39
2879;Cauã Ferreira Cavalcanti;2.04
27930;Breno Correia Goncalves;3.39
10817;Felipe Azevedo Almeida;2.74
22349;Eduarda Azevedo Cunha;1.73
21661;Matilde Oliveira Castro;2.36
20754;Sophia Azevedo Oliveira;0.79
4839;Luis Azevedo Araujo;1.11
1750;Júlio Correia Castro;7.92
19502;Raissa Sousa Melo;0.49
16581;Beatrice Dias Rodrigues;8.76
11379;Victor Silva Azevedo;6.38
26446;Lavinia Araujo Castro;6.08
9778;Camila Martins Correia;9.05
4982;Miguel Rocha Santos;1.34
7425;Cauã Rocha Souza;5.42
23016;Gabriela Souza Azevedo;9.31
17365;Samuel Ribeiro Ribeiro;7.69
27749;Leila Costa Melo;1.54
4001;Antônio Gomes Dias;5.95
16966;Matheus Dias Gomes;0.21
10768;Vitória Lima Cunha;9.62
15676;Luana Ferreira Pereira;7.23
6999;Júlio Santos Lima;8.11
6441;Livia Dias Cavalcanti;6.10
19398;Arthur Carvalho Cunha;0.46
15604;Fernanda Rocha Santos;7.03
11580;Vitór Azevedo Correia;0.73
27187;Douglas Gomes Lima;5.19
20858;Vinicius Cardoso Pereira;3.52
9065;Sofia Azevedo Ribeiro;7.74
21862;Luiz Rocha Santos;5.60
9582;Júlia Goncalves Rocha;5.68
6291;Mateus Araujo Melo;0.86
338;Kauan Barbosa Santos;2.77
17176;Kaua Fernandes Cavalcanti;4.49
18817;Luiza Silva Fernandes;3.56
1386;Brenda Barros Fernandes;4.96
20389;Emilly Cardoso Cavalcanti;9.31
25569;Rebeca Oliveira Rocha;8.52
15420;Melissa Barros Castro;0.24
18402;Isabela Carvalho Lima;5.27
19273;Laura Rodrigues Barbosa;3.42
10613;Martim Alves Ribeiro;0.46
26515;Douglas Melo Oliveira;9.33
29386;Luis Azevedo Souza;3.92
1105;Davi Silva Rodrigues;5.56
16733;Fábio Rocha Rodrigues;8.14
28805;Alex Lima Barros;6.99
894;Fernanda Alves Rodrigues;3.23
14678;Samuel Souza Oliveira;6.89
20463;Isabelle Ribeiro Pereira;7.68
365;Kaua Ferreira Almeida;4.88
23168;Enzo Souza Souza;9.91
14327;Aline Pinto Alves;6.17
26763;Vitór Goncalves Costa;3.55
14784;Tomás Cunha Cardoso;8.18
11516;Vitor Silva Melo;3.44
19411;Felipe Correia Barbosa;3.29
2528;Felipe Pereira Rodrigues;6.82
8248;Ana Sousa Carvalho;1.10
24042;Antônio Araujo Ribeiro;2.35
5356;Gabriel Souza Ferreira;7.55
18446;Luis Pinto Rocha;4.45
12288;Sofia Santos Pinto;5.93
21129;Miguel Melo Souza;8.20
20839;João Rodrigues Almeida;1.55
27491;Cauã Pinto Fernandes;1.61
21031;Pedro Oliveira Santos;5.03
7193;Ryan Carvalho Santos;5.46
28244;Nicolash Gomes Pereira;0.25
10805;Sophia Almeida Fernandes;7.03
4266;Ana Ribeiro Ferreira;2.05
8830;Fernanda Correia Carvalho;6.00
25160;Tomás Alves Gomes;1.64
16218;Felipe Ferreira Rocha;7.96
16797;Beatriz Souza Cardoso;7.49
5456;Beatrice Pinto Melo;1.13
11905;Beatriz Castro Silva;1.53
26017;Felipe Barros Cardoso;8.71
21720;Tiago Cardoso Alves;6.04
17141;Guilherme Rodrigues Castro;3.99
18051;Breno Pereira Fernandes;4.65
20314;Luís Costa Azevedo;4.33
11420;Bruna Ferreira Almeida;4.69
14938;Fernanda Barros Sousa;2.26
10381;Vinícius Ribeiro Martins;3.44
6316;Renan Fernandes Almeida;8.51
2273;Giovanna Dias Silva;6.00
1197;Paulo Alves Carvalho;7.73
17630;Manuela Barbosa Rocha;5.46
28074;Carlos Alves Gomes;9.10
21539;Nicolash Pereira Pereira;9.40
4745;Estevan Castro Cunha;3.44
24285;Danilo Sousa Rodrigues;0.87
1628;Fábio Martins Araujo;9.63
22797;Estevan Goncalves Rocha;2.78
12743;Marina Sousa Silva;4.26
25586;Nicolash Lima Barros;0.22
13205;Beatrice Fernandes Castro;1.46
14033;Luiz Ribeiro Correia;3.25
20793;Thaís Ribeiro Ferreira;8.44
5653;Julia Araujo Barbosa;0.38
27658;Alex Araujo Cavalcanti;3.96
16656;Marcos Oliveira Souza;6.13
16549;Evelyn Dias Gomes;2.08
25863;Vitor Barbosa Ferreira;0.82
4219;Samuel Ribeiro Pinto;3.90
4555;Fernanda Martins Dias;3.86
4169;Leila Pereira Carvalho;9.57
29220;Enzo Lima Souza;9.38
22628;Gabrielle Martins Souza;0.69
18848;Sophia Fernandes Carvalho;3.16
23805;Beatrice Ferreira Cavalcanti;0.96
15270;Kai Azevedo Pereira;2.64
14597;Joao Cardoso Barros;2.43
28067;Carla Ferreira Dias;1.67
1215;Marcos Cunha Cunha;8.00
22370;Vitoria Fernandes Cardoso;5.74
25624;Douglas Goncalves Cavalcanti;6.68
21201;Thaís Castro Oliveira;6.43
13454;Victor Cunha Souza;2.27
24665;Thaís Barros Rodrigues;6.94
10222;Sarah Cardoso Costa;2.68
29528;Diego Rodrigues Ferreira;1.39
21289;Gabrielle Cavalcanti Ribeiro;2.10
24546;Matheus Azevedo Castro;9.25
23938;José Dias Souza;5.39
25654;Isabelle Rocha Santos;6.32
28976;Maria Barbosa Correia;1.92
21900;Diego Goncalves Goncalves;6.06
5793;Julieta Pereira Melo;1.16
6924;Martim Almeida Cunha;8.55
350;Arthur Almeida Lima;9.79
18468;Sofia Silva Almeida;3.97
27212;Júlia Gomes Ferreira;9.52
28585;Vinicius Barros Sousa;8.97
26676;Emily Barbosa Rodrigues;0.38
6397;Enzo Cardoso Barros;5.71
5958;Leonardo Ferreira Araujo;1.68
20935;Eduardo Cavalcanti Pinto;3.82
5611;Emilly Gomes Costa;4.82
13266;Camila Rodrigues Martins;5.15
16388;Marisa Alves Melo;5.75
15069;Vinicius Pinto Cavalcanti;0.25
14429;Leila Pinto Ferreira;0.71
22653;Arthur Pinto Costa;8.06
12456;Vitoria Lima Sousa;2.37
16363;Cauã Barbosa Pereira;8.58
9774;Luiz Silva Rodrigues;4.15
19498;Julia Souza Oliveira;7.59
15244;Kauã Barros Correia;1.72
20862;Sophia Araujo Rocha;4.23
22749;Leonor Gomes Oliveira;5.72
22221;Lavinia Pereira Rocha;5.43
18824;Martim Almeida Oliveira;2.39
25698;Raissa Rodrigues Almeida;6.60
29234;Joao Sousa Oliveira;7.73
8112;Letícia Pereira Cavalcanti;2.15
2603;Fernanda Cardoso Melo;9.52
12273;Luana Dias Ribeiro;0.76
11545;Luana Ribeiro Ferreira;9.74
3830;Leonardo Cavalcanti Barros;8.39
6532;Felipe Barbosa Sousa;5.38
20438;Vitór Silva Santos;4.15
26170;Anna Rocha Sousa;7.34
4015;Julieta Oliveira Rodrigues;7.18
19612;Matheus Silva Azevedo;0.17
20528;Anna Fernandes Goncalves;5.73
18120;Joao Melo Cunha;8.56
28027;Ágatha Oliveira Oliveira;0.16
21777;Arthur Barbosa Pinto;5.05
19395;André Pereira Barros;2.24
18450;Manuela Pinto Pereira;5.17
2631;Giovana Goncalves Martins;5.54
16766;Nicolash Rodrigues Rocha;7.60
10719;Ryan Sousa Rodrigues;4.82
27652;Clara Melo Goncalves;3.13
15909;Giovanna Barbosa Carvalho;9.69
16693;Gustavo Pinto Fernandes;2.44
846;Julian Correia Melo;7.43
20453;Ágatha Cunha Lima;4.05
12382;Vitoria Gomes Oliveira;5.67
13396;Carla Correia Pinto;3.45
18638;Mariana Pereira Pinto;7.02
12663;José Gomes Lima;1.52
21533;Martim Martins Cavalcanti;3.04
22818;Isabelle Correia Lima;5.56
17235;Luana Cavalcanti Cunha;4.48
8362;Douglas Gomes Santos;7.16
9124;Matheus Barbosa Barbosa;2.98
25343;Rafael Azevedo Melo;8.57
7864;Julia Martins Lima;3.61
13563;Clara Carvalho Oliveira;3.38
18371;Rafaela Fernandes Pereira;5.08
9081;Daniel Goncalves Dias;3.29
19752;Larissa Barros Souza;7.35
4448;Leila Melo Melo;4.22
18421;Antônio Lima Carvalho;4.36
15110;Gabrielle Santos Araujo;9.37
23277;Fernanda Almeida Alves;1.20
12371;Raissa Fernandes Gomes;0.15
5413;Beatrice Fernandes Rodrigues;9.61
3598;Nicolash Pinto Cunha;2.89
13184;Emilly Sousa Dias;9.68
21475;Sophia Costa Santos;2.27
13267;Amanda Carvalho Barros;2.68
24219;Enzo Cardoso Cardoso;3.70
5936;Luiza Melo Cavalcanti;6.96
16004;Yasmin Pereira Almeida;2.94
10746;Martim Fernandes Dias;5.95
27668;Gabriela Goncalves Lima;8.74
15294;Estevan Melo Goncalves;8.99
21573;Gabriel Goncalves Dias;2.08
3877;Júlio Pereira Martins;1.19
9147;Enzo Rodrigues Alves;2.08
14793;Lara Cardoso Ferreira;9.20
15448;Júlio Araujo Alves;6.48
80;Vitór Costa Alves;1.92
2110;Carolina Oliveira Oliveira;8.42
29461;Marcos Martins Pereira;0.57
28179;Ana Azevedo Oliveira;2.03
11163;Nicolash Castro Pinto;7.20
12397;Amanda Cavalcanti Melo;6.83
26544;Mateus Ferreira Santos;8.18
7221;Matilde Costa Carvalho;2.43
4654;Diego Ribeiro Castro;1.14
21332;Julia Santos Fernandes;5.05
7115;Vitór Oliveira Barros;3.69
16098;Enzo Ferreira Araujo;7.98
24102;Carla Alves Almeida;9.95
18790;Vitor Rocha Dias;4.82
11081;Vitór Fernandes Ferreira;3.30
28754;Sofia Araujo Barbosa;1.69
7033;Miguel Alves Martins;1.53
12731;Luis Gomes Alves;6.46
9186;Fernanda Dias Sousa;8.05
5226;Alex Azevedo Cavalcanti;5.33
18422;Raissa Ferreira Barros;2.54
28133;Larissa Lima Pinto;5.67
8784;Marisa Cavalcanti Oliveira;1.40
3922;Lavinia Oliveira Correia;6.30
19874;Fernanda Fernandes Cunha;5.61
10292;Melissa Martins Barros;4.84
4921;Carla Dias Araujo;9.38
12903;André Cardoso Sousa;6.08
15843;Julieta Carvalho Alves;4.71
4154;Alex Cunha Araujo;8.90
9902;Kauã Pinto Carvalho;0.21
28838;Bianca Silva Costa;0.51
21821;Kauã Almeida Barbosa;1.08
5022;Victor Correia Dias;1.58
19167;Manuela Gomes Melo;4.92
7920;Isabella Pinto Cardoso;8.47
25919;Tomás Silva Cardoso;1.14
18677;Isabelle Fernandes Costa;2.17
12304;Giovana Lima Cunha;4.03
8264;Alice Barros Carvalho;5.43
5340;Julia Sousa Rodrigues;7.02
23556;Anna Pinto Goncalves;6.22
23928;Aline Almeida Cunha;3.66
27705;Marina Alves Pereira;5.79
18716;Danilo Pinto Souza;4.66
16280;Paulo Castro Cavalcanti;9.76
9934;Rafael Almeida Cardoso;1.59
13638;Alice Souza Fernandes;4.09
22780;Alex Souza Costa;2.11
18673;Guilherme Araujo Carvalho;6.83
3699;Nicolash Cardoso Martins;5.07
22716;Martim Souza Almeida;7.07
26488;Kaua Rodrigues Correia;5.47
20437;Rafael Barros Cavalcanti;2.22
6376;Lucas Pinto Araujo;1.67
29278;Brenda Alves Cardoso;0.90
20436;Kai Fernandes Goncalves;3.70
2625;Vitoria Barbosa Santos;6.81
24079;Camila Barbosa Ferreira;3.13
2644;Vinicius Souza Rocha;7.97
3785;Vinicius Sousa Araujo;9.97
22777;Vinicius Santos Alves;0.81
17895;Júlia Castro Cardoso;6.88
25734;Emilly Melo Pinto;4.06
22225;Lucas Cardoso Araujo;8.23
29685;Leonor Goncalves Alves;9.30
18553;Nicole Gomes Carvalho;0.80
7989;Enzo Carvalho Ferreira;9.43
5302;Marisa Ferreira Melo;3.57
4011;Sophia Ferreira Almeida;1.75
14723;Leonardo Melo Dias;0.57
25168;Rafael Carvalho Araujo;2.11
29436;Julia Silva Gomes;9.43
29353;Caio Fernandes Santos;7.14
3451;Eduardo Sousa Azevedo;3.22
12342;Júlia Ribeiro Souza;0.27
6642;Leonardo Lima Barbosa;4.88
5103;Melissa Carvalho Ribeiro;8.04
29381;Giovanna Sousa Ribeiro;1.51
3576;Júlia Dias Martins;9.70
6028;Tomás Cavalcanti Cavalcanti;3.10
10700;Eduardo Goncalves Carvalho;8.53
1743;Enzo Pereira Oliveira;1.91
9959;Gustavo Martins Ferreira;2.77
4500;Vitór Martins Lima;1.18
29911;Evelyn Almeida Santos;4.50
10313;Isabella Rocha Lima;6.76
18809;Sofia Ferreira Souza;5.87
8975;Mariana Pinto Cardoso;6.05
22029;Júlia Cavalcanti Pinto;2.47
21089;Leonor Almeida Sousa;9.36
6348;Sofia Martins Pereira;5.08
16761;Clara Santos Barros;7.93
5335;Kauan Dias Melo;9.20
15084;Eduardo Ribeiro Melo;9.07
7564;Evelyn Oliveira Pinto;0.58
18882;Kauê Azevedo Carvalho;9.21
21153;Emily Rodrigues Carvalho;6.86
25969;Alex Dias Costa;3.81
2921;Maria Gomes Ferreira;2.90
22271;Martim Pinto Almeida;2.56
12837;Felipe Silva Rocha;6.57
19120;Carolina Costa Fernandes;9.27
7828;Ryan Rocha Correia;3.91
18195;Thaís Barros Silva;3.12
23346;Otávio Cavalcanti Rodrigues;6.57
10408;Matilde Azevedo Rocha;8.27
19535;Lucas Oliveira Lima;7.89
1120;Guilherme Goncalves Cavalcanti;4.77
25723;Isabelle Costa Almeida;8.98
3220;Larissa Rocha Cardoso;9.85
16495;Isabela Correia Cardoso;2.66
2694;Vitória Lima Barbosa;4.82
29733;Carla Azevedo Fernandes;7.67
17607;Carla Silva Barbosa;0.13
14558;Sophia Alves Santos;2.66
848;Breno Almeida Cavalcanti;6.67
22513;Gustavo Carvalho Cunha;9.40
22308;Paulo Rodrigues Carvalho;2.34
15427;Pedro Barros Barros;9.73
23067;Gabriela Lima Dias;3.85
23848;Livia Barbosa Sousa;8.08
21641;Renan Pinto Gomes;6.68
22472;Rafael Correia Ferreira;9.09
16430;Luan Araujo Almeida;7.87
12503;Kauã Azevedo Goncalves;4.86
18721;Ryan Araujo Cardoso;1.46
526;Erick Barbosa Pereira;8.72
20700;Gabriel Costa Fernandes;10.00
6091;Matheus Ribeiro Lima;8.21
9015;Laura Alves Rocha;1.30
3329;Rafaela Oliveira Correia;1.37
1488;Samuel Dias Azevedo;8.70
2136;Breno Carvalho Ribeiro;2.84
26591;Carlos Barbosa Souza;5.33
29575;Júlia Pereira Martins;6.55
13168;Larissa Dias Pinto;6.91
4009;Guilherme Almeida Dias;9.53
22550;Eduarda Santos Alves;7.57
21260;Manuela Carvalho Martins;9.94
1924;Lucas Ribeiro Souza;7.15
5765;Beatrice Lima Barbosa;5.81
4119;Leonor Castro Costa;5.69
25544;Luan Carvalho Pinto;6.22
12636;Camila Martins Oliveira;9.61
26048;Julian Azevedo Goncalves;5.81
11840;Douglas Dias Alves;7.41
27110;Luiza Melo Lima;3.79
7489;Martim Sousa Sousa;2.45
16325;Kauan Almeida Santos;8.14
2954;Luiz Goncalves Santos;8.79
23726;Vitória Carvalho Fernandes;8.53
9146;Alice Castro Sousa;6.28
16177;Renan Cavalcanti Carvalho;9.86
28821;Victor Cardoso Santos;7.63
22836;Camila Alves Cardoso;5.83
27241;Beatriz Cardoso Goncalves;3.65
3321;Emilly Cavalcanti Carvalho;8.30
4768;Caio Almeida Souza;3.74
9557;Emily Martins Costa;9.20
28174;Clara Almeida Castro;1.76
11972;Brenda Goncalves Rodrigues;0.35
7481;Fábio Sousa Alves;1.75
2596;Marina Martins Cavalcanti;1.20
5024;Lucas Lima Santos;5.39
621;Enzo Rocha Silva;5.89
22172;Luis Cunha Goncalves;1.68
6183;Gabriela Barros Lima;1.23
17969;Livia Correia Araujo;9.34
7207;Laura Alves Gomes;9.54
1045;Igor Sousa Pinto;3.53
58;Murilo Pinto Azevedo;3.42
1225;Paulo Ribeiro Rodrigues;1.74
9460;Caio Souza Azevedo;6.74
14224;Maria Dias Silva;0.55
24476;Isabelle Ferreira Fernandes;3.52
10078;Caio Cunha Silva;9.04
15309;Vitor Alves Silva;9.10
10905;Sarah Costa Cardoso;1.20
5582;Matilde Correia Oliveira;3.25
17340;João Rodrigues Barros;4.93
12546;Samuel Araujo Silva;0.60
8694;Vinícius Goncalves Pereira;2.21
3519;Anna Carvalho Oliveira;9.56
3403;Matheus Castro Almeida;0.18
19318;Júlia Araujo Souza;3.13
20421;Marisa Araujo Fernandes;3.14
18924;Vinicius Silva Castro;6.60
11625;Vitória Pinto Gomes;8.78
25702;Julia Oliveira Cavalcanti;6.49
4405;Luiza Castro Rocha;9.35
18672;André Martins Araujo;0.95
20558;Diego Oliveira Castro;8.06
7764;Brenda Almeida Melo;5.59
26344;Mariana Melo Almeida;1.71
27;Estevan Alves Barros;2.72
18839;Sofia Fernandes Melo;3.28
17663;Anna Goncalves Souza;4.21
2193;Renan Fernandes Cunha;5.95
14442;Gabriela Santos Goncalves;6.36
4487;Beatriz Barbosa Castro;6.70
8155;Vitoria Rocha Souza;1.51
13218;Igor Souza Goncalves;7.02
1079;Eduardo Rocha Correia;9.85
1995;Leonardo Santos Ferreira;2.65
7915;Vitor Melo Ferreira;0.28
16735;José Barros Pereira;1.46
19551;Antônio Melo Cardoso;0.85
4997;Arthur Rodrigues Pinto;7.19
12495;Kauã Lima Cunha;7.85
9789;Brenda Cunha Melo;4.82
17137;Martim Almeida Pinto;0.17
22886;Laura Fernandes Santos;0.57
25954;Erick Pereira Cunha;3.53
23977;Diego Rodrigues Azevedo;5.86
28516;Carla Rodrigues Melo;9.41
22031;João Cunha Melo;9.53
28424;Melissa Cavalcanti Martins;4.17
22877;Manuela Silva Pinto;8.12
27245;Beatrice Castro Martins;2.51
15355;Eduardo Souza Silva;3.03
17120;Sofia Rodrigues Gomes;1.82
2624;Luís Cardoso Cavalcanti;8.18
7807;Luana Oliveira Martins;4.75
19857;Ryan Castro Martins;4.20
21219;Fernanda Souza Santos;1.30
14701;Lara Costa Fernandes;3.12
27336;Pedro Araujo Azevedo;3.99
24736;Ryan Silva Dias;6.85
29728;Alice Pinto Sousa;1.55
20171;Vitor Barbosa Cunha;4.87
8174;Otávio Ferreira Araujo;6.74
13754;Gustavo Goncalves Ferreira;7.84
46;Sofia Alves Dias;5.29
5470;Luís Pereira Almeida;7.63
2553;Lucas Rodrigues Cardoso;6.66
8068;Isabela Silva Rodrigues;3.97
12702;Carla Sousa Ferreira;1.46
11811;Julia Azevedo Alves;6.53
17070;Rafael Azevedo Costa;4.84
15623;Sofia Oliveira Fernandes;0.19
14736;Alice Goncalves Cardoso;4.87
20241;Beatriz Castro Correia;6.36
3364;Vitoria Sousa Silva;4.29
7966;Julia Barros Costa;3.56
24539;Felipe Rodrigues Cardoso;9.73
8020;Gustavo Correia Ferreira;1.27
6420;Tiago Pereira Correia;3.25
15710;Laura Correia Sousa;9.37
24414;Emily Martins Azevedo;1.73
4484;Kauê Araujo Fernandes;3.04
10403;Otávio Ribeiro Cardoso;8.72
14648;Amanda Rocha Martins;2.72
12613;Murilo Pinto Santos;7.24
18517;Mariana Pinto Rocha;5.31
15904;Kauã Correia Martins;4.55
15729;Kaua Pinto Rodrigues;7.02
995;Leonor Pinto Rocha;1.68
3572;Melissa Rodrigues Castro;9.37
4048;Danilo Correia Castro;2.81
6027;Luiza Dias Cunha;3.75
11817;Rodrigo Oliveira Martins;1.09
8836;Tomás Rocha Castro;9.56
11020;Breno Santos Pereira;0.08
11342;Anna Rodrigues Rodrigues;2.94
7125;Victor Fernandes Barbosa;0.65
3238;Arthur Cardoso Lima;9.44
26799;Vitoria Ferreira Cardoso;3.37
4224;Sophia Fernandes Souza;4.00
7257;Yasmin Pinto Dias;3.39
25909;Nicolas Cavalcanti Correia;4.35
25789;Julieta Pinto Fernandes;4.45
18646;Bianca Fernandes Pinto;7.31
1179;Tiago Carvalho Silva;1.45
14017;Kauê Araujo Costa;9.35
24696;Ágatha Castro Castro;9.32
21147;Isabela Araujo Lima;1.15
8500;Beatriz Ribeiro Souza;0.16
603;Giovana Cavalcanti Castro;8.70
1439;Luís Dias Santos;7.92
9686;Nicole Barbosa Correia;3.06
4632;Victor Goncalves Alves;7.38
24664;Thiago Araujo Castro;6.74
15767;Leonardo Dias Dias;5.51
21148;Letícia Pereira Cunha;8.76
2942;Gabrielle Barbosa Cunha;9.52
11261;Eduarda Barros Castro;9.08
16434;Isabella Azevedo Cavalcanti;7.94
20359;Luiza Barbosa Sousa;8.88
13032;Arthur Cardoso Lima;8.67
14692;Nicolash Cavalcanti Gomes;4.39
7334;Cauã Castro Melo;9.52
3641;Diego Rocha Cavalcanti;8.88
5132;Bruno Carvalho Almeida;4.86
22604;Aline Barros Costa;3.23
11691;Sophia Rocha Lima;5.11
25808;Gabriel Pereira Almeida;5.42
24627;Miguel Almeida Gomes;7.94
13618;Eduardo Castro Goncalves;9.18
2933;Joao Cavalcanti Azevedo;1.12
8846;Ana Oliveira Rodrigues;9.11
12693;Yasmin Cunha Azevedo;7.57
19248;Miguel Ferreira Cunha;0.09
19223;Bruna Castro Fernandes;2.76
9349;Bianca Dias Araujo;0.18
13368;Vitor Araujo Santos;3.65
18547;Eduardo Martins Cunha;8.99
11787;Nicole Alves Martins;5.40
24274;Diogo Goncalves Castro;9.01
222;Gabrielle Oliveira Almeida;1.96
20048;Victor Lima Cavalcanti;8.48
24070;Samuel Cunha Gomes;3.40
7971;Diego Alves Costa;5.66
28231;Beatrice Rocha Ferreira;5.63
21825;Joao Pereira Barros;4.27
26475;Yasmin Silva Araujo;1.10
12853;Amanda Carvalho Barros;0.80
26739;Antônio Rodrigues Azevedo;6.05
13154;Sophia Barros Ribeiro;9.45
16361;Emilly Rocha Gomes;9.60
12861;Carla Azevedo Goncalves;1.17
23085;Julieta Gomes Azevedo;4.23
18893;Lucas Dias Pereira;2.11
27318;Emilly Rocha Cunha;2.93
245;Julieta Rodrigues Oliveira;9.50
715;Luan Rodrigues Pinto;0.21
18644;Isabela Rocha Melo;1.99
20926;Gabriel Ribeiro Barbosa;9.32
10105;Mateus Alves Azevedo;3.62
23204;Kauan Barbosa Pinto;5.14
8562;Sophia Cavalcanti Goncalves;2.43
9427;Luan Carvalho Santos;4.83
24456;Vitória Cavalcanti Gomes;3.77
13439;Fábio Pereira Cunha;8.38
18119;Leonor Azevedo Ribeiro;4.32
13608;Amanda Ribeiro Silva;4.66
17403;Rebeca Dias Cardoso;0.30
15435;Alice Rocha Araujo;3.28
14020;Amanda Rodrigues Rodrigues;8.49
12917;Felipe Ribeiro Santos;2.76
17555;Ágatha Carvalho Barros;7.59
21599;Ágatha Rocha Lima;3.35
10392;Victor Cavalcanti Goncalves;0.79
18983;Paulo Cardoso Silva;1.43
2680;Lucas Silva Santos;9.16
12360;Breno Souza Gomes;8.24
19464;Leila Dias Araujo;2.54
29039;Kaua Cavalcanti Cardoso;4.81
4823;João Ferreira Almeida;7.20
7360;Ana Alves Sousa;1.68
29671;Marcos Sousa Gomes;9.07
21151;Nicolash Cardoso Martins;1.25
21330;Bruna Oliveira Sousa;7.98
15770;Sophia Cavalcanti Barbosa;1.01
4750;Giovanna Souza Fernandes;4.50
16250;Eduarda Correia Cunha;1.46
9571;Guilherme Ribeiro Silva;2.56
7644;Enzo Lima Almeida;7.49
28579;Nicolash Correia Barros;3.52
20996;Kai Melo Barros;0.11
8331;Felipe Rodrigues Carvalho;2.85
19603;Bruna Correia Lima;6.13
21227;Kauan Lima Rodrigues;7.53
29214;Thiago Carvalho Cardoso;4.62
9522;Raissa Cunha Ribeiro;1.00
19122;Camila Lima Silva;6.93
2191;Vitoria Rocha Santos;9.03
24848;Anna Lima Goncalves;4.84
17746;Bianca Barbosa Rocha;6.22
18229;Tiago Pinto Sousa;5.43
4907;Tânia Araujo Gomes;5.92
26038;Vitória Lima Goncalves;6.68
19715;Felipe Cunha Dias;6.71
24246;Thaís Rodrigues Lima;7.58
6310;Julian Barbosa Almeida;5.97
29315;Pedro Cardoso Barbosa;8.33
8804;Maria Melo Gomes;7.67
9443;Nicolas Rodrigues Ribeiro;6.63
4585;Luan Ferreira Cunha;9.29
24803;Thiago Azevedo Souza;6.34
19587;Eduarda Souza Correia;1.92
13377;Melissa Almeida Cavalcanti;4.04
4440;Aline Rocha Goncalves;0.87
6001;Beatriz Pinto Barros;3.02
22151;Lara Rodrigues Souza;4.72
12866;Caio Rodrigues Gomes;1.53
1224;Pedro Azevedo Costa;3.16
18930;Camila Santos Ferreira;3.59
15454;Cauã Rocha Azevedo;0.09
1502;Fábio Costa Gomes;5.83
11328;Emily Dias Gomes;0.66
8314;Aline Ribeiro Cavalcanti;5.13
16399;Livia Cavalcanti Pinto;2.34
24562;Julia Souza Cardoso;1.50
17517;Cauã Ribeiro Cavalcanti;3.01
12739;Marcos Santos Oliveira;5.75
355;Leila Castro Lima;7.56
20934;Renan Dias Silva;9.64
18840;João Costa Carvalho;3.37
20411;Rebeca Barbosa Goncalves;7.32
7466;Brenda Melo Azevedo;1.17
1436;Murilo Goncalves Santos;3.37
12529;Lara Rodrigues Pinto;3.08
1175;Evelyn Cardoso Alves;6.87
10475;Amanda Santos Souza;1.49
27179;Júlio Cavalcanti Fernandes;0.30
21440;Beatrice Pinto Gomes;4.80
22921;Lavinia Barros Barbosa;9.86
14320;Paulo Lima Correia;8.31
26255;Gabriela Fernandes Rocha;6.47
29907;Rebeca Souza Cunha;0.39
26612;Raissa Dias Pinto;3.15
7576;Júlia Castro Correia;7.66
2681;Eduarda Castro Souza;3.23
10651;Laura Almeida Correia;4.79
10894;Rodrigo Azevedo Correia;8.92
6839;Emily Ferreira Azevedo;1.62
8706;Raissa Pereira Goncalves;1.40
1046;Sarah Pinto Costa;4.76
12676;Beatriz Cavalcanti Barbosa;1.77
2516;Julia Souza Rodrigues;2.47
24455;Enzo Gomes Costa;8.21
6639;Kauan Carvalho Carvalho;2.37
20047;Rodrigo Lima Alves;0.61
24409;Laura Almeida Castro;7.99
21371;Gabriela Fernandes Gomes;3.66
18968;Julia Rodrigues Martins;0.94
3045;Joao Pinto Pereira;8.10
3928;Felipe Souza Cavalcanti;5.99
8432;Gabriela Dias Carvalho;3.90
492;Samuel Gomes Cardoso;7.17
29953;Manuela Barbosa Barros;9.39
15542;Vitória Lima Almeida;2.84
4145;Gabriela Souza Rodrigues;3.06
9507;Eduardo Castro Araujo;6.65
21520;Bruna Carvalho Oliveira;7.28
25278;Matheus Martins Castro;5.07
22752;Diogo Silva Lima;2.37
11454;Matheus Cardoso Pereira;8.42
11306;Camila Pereira Castro;2.16
22701;Larissa Lima Rocha;5.29
10074;Alex Alves Barros;4.48
17919;Giovanna Azevedo Ribeiro;3.53
28840;Thiago Oliveira Costa;6.88
16169;Júlia Melo Araujo;7.19
14474;Lara Cardoso Cunha;5.85
1561;Luis Gomes Carvalho;8.17
22456;Ágatha Martins Barros;8.05
21433;Daniel Oliveira Oliveira;6.89
414;Kaua Pinto Lima;7.13
8444;Otávio Correia Sousa;2.94
24263;Estevan Silva Cardoso;1.70
1969;Nicolash Carvalho Silva;7.18
6133;Carolina Rodrigues Castro;9.49
13478;Vitór Barbosa Martins;6.86
25136;Sophia Rodrigues Oliveira;9.42
28742;Mateus Barbosa Almeida;3.30
9219;Joao Cardoso Cardoso;9.68
24776;Renan Araujo Barbosa;9.36
21972;Leonardo Silva Oliveira;5.72
15845;Lucas Martins Ferreira;4.70
6994;Kai Souza Alves;4.32
18934;Marisa Fernandes Cardoso;2.34
1402;Tânia Costa Azevedo;3.77
16792;Caio Correia Costa;8.10
11156;Julian Melo Rocha;5.38
23143;Diogo Araujo Oliveira;8.35
11285;Julian Barros Costa;1.36
12498;Sarah Oliveira Cunha;4.98
12527;Bianca Melo Alves;9.46
8373;Vitória Barros Martins;4.93
141;Rebeca Rodrigues Pereira;9.08
14259;Letícia Correia Pinto;5.36
4242;Matilde Rocha Araujo;7.04
7992;Camila Azevedo Alves;9.39
10753;Davi Fernandes Pinto;4.64
12060;João Sousa Pereira;1.44
6416;Leila Martins Alves;0.84
24647;Rebeca Costa Sousa;1.69
14157;Ryan Azevedo Cunha;5.44
18777;Guilherme Costa Gomes;7.65
21448;Matheus Barros Dias;0.80
19957;Yasmin Cardoso Pinto;4.35
10869;Sarah Melo Lima;0.97
6842;Vinícius Rocha Fernandes;8.53
25875;Pedro Silva Silva;9.14
20675;Julieta Oliveira Silva;5.87
21983;Samuel Dias Souza;6.63
7820;Aline Castro Goncalves;9.13
17061;Bruna Pereira Silva;4.05
15584;Kauã Lima Pinto;5.42
12153;Matilde Sousa Silva;1.07
24929;Breno Rodrigues Oliveira;0.23
23847;Yasmin Alves Silva;1.77
10587;Rafaela Pinto Cardoso;3.24
24996;Carolina Dias Melo;5.97
27092;Luiza Barbosa Correia;6.48
15301;Rafael Oliveira Costa;5.60
29979;Thiago Pereira Melo;8.77
10645;Sarah Souza Castro;0.84
29531;Ana Rodrigues Sousa;0.48
14973;Enzo Santos Cavalcanti;0.17
11697;João Rodrigues Araujo;5.73
25920;Fábio Costa Carvalho;1.64
10501;Thaís Barbosa Barros;1.70
16093;Lavinia Ribeiro Pereira;8.86
17876;Lavinia Araujo Goncalves;2.91
25623;Carla Carvalho Cavalcanti;4.44
16138;Fernanda Cardoso Silva;7.37
61;José Oliveira Correia;4.38
6034;Luiz Barros Alves;7.76
17181;Gabriel Rocha Cunha;0.92
19001;Carla Sousa Rocha;5.04
27494;Luan Castro Araujo;9.97
1066;Isabella Carvalho Araujo;6.16
6235;Kauã Cardoso Correia;2.62
20203;Raissa Correia Cunha;6.61
12221;Tomás Araujo Castro;7.39
17980;Sofia Ferreira Dias;0.99
23731;Thiago Lima Dias;0.46
12248;Pedro Dias Almeida;1.42
5307;Samuel Barros Oliveira;8.17
5838;Isabella Costa Melo;2.81
9534;Tomás Correia Rocha;0.70
27833;Laura Barros Castro;5.76
21716;Lara Costa Correia;4.62
14830;Diogo Santos Araujo;2.72
25835;Nicole Cardoso Castro;5.20
3963;Júlia Castro Rocha;8.76
19495;Tânia Castro Sousa;0.59
28581;Isabelle Melo Sousa;2.89
8049;Pedro Costa Souza;6.75
21918;Livia Oliveira Costa;3.51
16552;Douglas Alves Pinto;3.63
476;Leonardo Lima Martins;8.31
2172;Sofia Cunha Martins;0.93
6806;Julieta Correia Pinto;4.22
28127;Tomás Oliveira Cardoso;3.07
15372;Emily Almeida Almeida;1.03
23981;Emilly Gomes Martins;1.71
13273;Rafael Souza Alves;5.79
26357;Tomás Cavalcanti Santos;9.89
25302;Leonardo Rodrigues Almeida;4.60
786;Vitoria Pinto Santos;0.46
6640;Eduardo Pereira Gomes;6.41
28396;Danilo Pinto Barros;8.41
8502;Luís Martins Pereira;3.34
9088;Julian Castro Silva;0.68
19315;Carla Cavalcanti Alves;6.00
16652;Luis Barbosa Lima;7.16
6266;Daniel Rodrigues Gomes;4.53
24395;Carlos Cardoso Almeida;2.35
13712;Giovanna Oliveira Lima;3.28
17936;Emilly Silva Rodrigues;6.88
21532;Davi Costa Goncalves;0.83
4610;Nicolas Lima Melo;5.46
26611;Letícia Ferreira Cunha;5.48
2227;Bianca Cavalcanti Silva;3.06
21788;Gustavo Santos Araujo;1.10
8364;Murilo Ferreira Alves;4.01
26395;Sophia Silva Barbosa;2.80
873;Giovanna Martins Lima;1.98
16021;Melissa Carvalho Santos;7.82
12318;Felipe Costa Cavalcanti;9.46
12;Lavinia Silva Rodrigues;1.46
10850;Igor Rodrigues Carvalho;4.36
7808;Douglas Almeida Ferreira;0.30
13141;Diego Correia Santos;5.14
2581;Júlio Cavalcanti Cavalcanti;6.37
8509;Marcos Alves Silva;3.10
50;Danilo Fernandes Araujo;4.16
4991;Giovanna Silva Goncalves;0.18
12269;Yasmin Cavalcanti Cardoso;3.11
243;Alice Santos Rodrigues;8.08
13813;Leila Cunha Barros;1.77
3705;Giovanna Castro Pereira;0.68
14905;Estevan Rocha Almeida;6.34
21416;Felipe Araujo Alves;8.99
7065;Giovanna Lima Alves;6.31
11616;Letícia Barbosa Lima;7.52
24538;Nicolash Silva Alves;4.09
13425;Nicolash Ribeiro Ferreira;9.27
23987;Rafaela Castro Cavalcanti;1.90
28204;Felipe Cardoso Silva;4.07
22087;Tânia Silva Barbosa;2.62
25842;Victor Santos Azevedo;4.87
4071;Erick Barros Souza;7.00
18548;João Santos Sousa;7.43
12691;Diego Almeida Sousa;0.93
24569;Nicole Castro Cunha;6.25
1172;Manuela Gomes Carvalho;9.35
16477;Eduardo Souza Cunha;7.70
9693;Bianca Costa Cavalcanti;1.15
27093;Bianca Fernandes Santos;0.50
1824;Letícia Rocha Melo;9.25
10931;Ryan Pereira Goncalves;2.74
20857;Kai Carvalho Alves;8.03
28973;Beatriz Santos Almeida;7.37
11920;Daniel Cardoso Melo;2.27
26385;Lucas Araujo Costa;0.18
3891;Bianca Pereira Cunha;6.52
15704;Guilherme Barbosa Almeida;5.94
24275;Gustavo Gomes Ribeiro;4.75
25163;Eduardo Oliveira Carvalho;0.99
23278;Murilo Sousa Silva;8.74
481;Felipe Rocha Pinto;7.81
9416;Douglas Barros Goncalves;8.91
29469;Thiago Costa Cardoso;8.99
25127;Raissa Gomes Cavalcanti;9.45
11322;Matheus Pereira Fernandes;7.86
25174;Carolina Almeida Barbosa;6.68
12199;Eduardo Barbosa Souza;5.61
3912;Matheus Lima Gomes;0.15
7958;Diogo Santos Pereira;6.46
26581;Carolina Cunha Sousa;6.33
21518;Felipe Lima Cavalcanti;6.70
18465;Clara Barros Fernandes;6.52
23445;Renan Almeida Rocha;4.09
7436;Júlio Almeida Correia;5.94
22757;Leila Cavalcanti Ribeiro;8.98
29332;Maria Barros Silva;3.26
3685;Felipe Santos Fernandes;2.73
28957;Carla Sousa Gomes;5.88
15531;Mateus Barros Lima;0.47
15467;Murilo Rodrigues Oliveira;1.55
7174;Ryan Cunha Goncalves;5.54
5284;Pedro Alves Rocha;1.98
16347;Isabela Sousa Ribeiro;1.78
18689;Ana Barbosa Gomes;9.75
23917;Martim Lima Almeida;9.53
27549;Ágatha Dias Cavalcanti;2.12
7851;Ryan Dias Dias;5.57
9382;André Souza Santos;8.63
28287;Diego Cardoso Sousa;0.28
24919;Carlos Gomes Pinto;0.89
7332;Samuel Souza Oliveira;0.96
1865;Eduarda Azevedo Azevedo;4.67
16628;Leonor Fernandes Ferreira;6.71
27069;Bruna Almeida Azevedo;3.04
24541;André Santos Carvalho;6.94
26421;Tomás Araujo Cavalcanti;2.20
2542;Alex Melo Cunha;4.83
1385;Marina Silva Cunha;1.85
22082;Luiza Rodrigues Costa;2.62
22078;Vinicius Fernandes Oliveira;1.01
14851;Ana Santos Fernandes;7.55
5429;Luiza Gomes Fernandes;3.41
2231;Pedro Carvalho Barbosa;6.89
7941;Júlia Rocha Oliveira;1.19
16916;Carlos Alves Cunha;5.58
26265;Luana Dias Pereira;8.10
6142;Vitoria Oliveira Barros;6.37
12890;Arthur Ribeiro Lima;0.52
16258;Gustavo Goncalves Lima;1.58
18044;Alice Cavalcanti Ribeiro;1.60
10670;Danilo Goncalves Dias;0.13
6375;André Silva Cardoso;7.28
20786;Daniel Fernandes Azevedo;5.12
24601;Raissa Correia Pinto;1.19
6875;Eduardo Silva Lima;3.00
10034;Maria Barbosa Rocha;9.36
12771;Matheus Alves Castro;9.85
13472;Lavinia Alves Cavalcanti;0.29
2850;José Melo Correia;5.58
20676;Rodrigo Araujo Costa;2.09
12748;Thiago Correia Rodrigues;5.41
28468;Vitor Correia Pereira;1.94
29988;Paulo Araujo Lima;1.68
10611;Melissa Almeida Souza;3.93
7019;Vinicius Pinto Barros;6.13
14372;Fábio Ferreira Pereira;0.57
10301;Bruna Sousa Souza;5.24
24044;Daniel Barros Cardoso;8.74
16659;Marcos Oliveira Castro;4.17
28350;Estevan Lima Melo;4.62
8721;Lavinia Oliveira Martins;5.38
15403;Giovanna Rocha Goncalves;9.74
17903;Matheus Rocha Barbosa;9.35
10826;Lucas Costa Barbosa;2.04
6232;Manuela Fernandes Souza;7.06
24021;Rebeca Cunha Almeida;1.02
12165;Igor Goncalves Rodrigues;2.27
17249;Lucas Barros Alves;7.06
18669;Rafaela Alves Melo;1.44
7311;Alice Sousa Barros;5.96
21536;Murilo Cunha Carvalho;4.87
7633;Daniel Gomes Silva;0.75
15983;Anna Ferreira Lima;8.76
19145;Melissa Pereira Souza;5.91
10715;Miguel Silva Correia;4.10
5449;Sofia Rocha Cavalcanti;7.30
19908;Igor Correia Almeida;1.71
17698;Fernanda Rodrigues Souza;2.74
29238;Manuela Azevedo Cardoso;1.35
3898;Nicole Gomes Barbosa;5.16
14150;André Santos Ferreira;3.15
23308;Kai Araujo Rocha;7.91
15027;Julieta Cavalcanti Silva;9.82
23561;Thaís Alves Pereira;4.55
23703;Samuel Pinto Rodrigues;4.18
19431;Luís Sousa Pinto;4.37
12121;Vitór Silva Melo;6.07
13576;Kai Pinto Castro;7.33
28146;Diego Melo Pereira;5.77
18089;Emilly Cardoso Cunha;7.26
2221;Marcos Santos Azevedo;2.36
2895;Kauan Pereira Ribeiro;4.03
23220;Carlos Oliveira Goncalves;3.52
939;Anna Almeida Gomes;1.12
26570;Raissa Pereira Dias;6.82
25594;Nicolash Melo Ribeiro;5.89
21872;Isabella Correia Correia;1.88
19915;Leonor Sousa Correia;1.19
18444;Yasmin Silva Araujo;0.48
22130;Rafael Cunha Melo;6.26
14167;Gustavo Lima Lima;2.20
19362;Fábio Pinto Correia;5.62
5609;Carla Costa Silva;3.71
16234;Daniel Oliveira Cunha;3.43
22229;Luiza Pereira Rocha;5.80
8613;Nicolas Gomes Ferreira;7.44
24169;Leonardo Carvalho Araujo;2.64
21395;Kauan Carvalho Rocha;7.71
17306;Carolina Pinto Castro;9.77
27034;Nicolas Fernandes Rodrigues;6.90
12129;Douglas Cunha Almeida;1.95
16233;Sophia Cavalcanti Oliveira;5.37
21093;Gabrielle Sousa Barbosa;3.22
8734;Emily Carvalho Costa;7.56
12580;Breno Gomes Barros;9.78
25427;Yasmin Dias Barbosa;4.36
6606;Kauan Ferreira Oliveira;3.28
3595;Rafaela Cardoso Gomes;4.71
5913;Nicole Oliveira Cardoso;3.37
3319;Thaís Ferreira Carvalho;6.44
27597;Vitoria Correia Pereira;8.40
3199;Gustavo Pinto Rocha;4.49
18431;Kauê Carvalho Carvalho;6.25
13908;Leonardo Melo Pinto;1.46
7231;Fábio Araujo Costa;2.07
17279;Caio Barbosa Souza;1.75
26991;Luiza Pinto Rodrigues;7.33
20942;Paulo Almeida Castro;5.12
26245;Miguel Azevedo Barbosa;3.37
24543;Kauê Pereira Melo;1.76
28658;Matheus Goncalves Santos;5.98
26006;Tânia Cunha Araujo;8.99
20741;Brenda Santos Silva;5.16
20832;Diogo Ribeiro Azevedo;5.93
987;Martim Barbosa Rodrigues;3.26
12975;Livia Gomes Carvalho;2.07
23319;Rebeca Pereira Cavalcanti;1.47
11670;Luiza Dias Pereira;3.16
25942;Evelyn Rocha Goncalves;4.70
29830;Luana Costa Fernandes;2.03
5541;Luana Lima Almeida;5.59
23343;Bruno Sousa Carvalho;3.07
22284;Amanda Martins Pinto;9.79
25656;Miguel Santos Almeida;1.76
12870;Gustavo Rocha Pereira;8.58
950;Luís Rodrigues Azevedo;7.77
2514;Vitór Alves Almeida;0.05
1808;Felipe Gomes Oliveira;6.70
4481;Isabella Ferreira Azevedo;2.92
16530;Sofia Rocha Barbosa;7.86
1358;Emily Silva Barros;0.04
86;Otávio Dias Gomes;5.54
27899;Breno Lima Alves;4.22
21364;Marina Dias Oliveira;7.62
12558;Sofia Almeida Oliveira;7.15
4344;Camila Ferreira Rodrigues;4.03
3474;Lavinia Silva Ribeiro;8.32
2442;Pedro Cunha Azevedo;2.45
24799;Gabrielle Oliveira Dias;5.69
18415;André Dias Lima;1.72
29611;Ágatha Goncalves Carvalho;3.47
1048;Kaua Santos Silva;4.07
8579;Leonor Barros Goncalves;4.63
24905;Luana Oliveira Oliveira;3.13
26780;Enzo Rodrigues Goncalves;8.12
11017;Lavinia Sousa Melo;7.58
23579;Arthur Barbosa Correia;9.54
14676;Bianca Alves Dias;9.75
18036;Emily Cunha Silva;2.28
22140;Luan Pereira Dias;0.95
15641;Yasmin Rodrigues Alves;5.67
819;Rebeca Cardoso Oliveira;1.34
11494;Gustavo Oliveira Pereira;4.25
14681;Bruno Oliveira Goncalves;4.84
13260;Lara Azevedo Correia;5.99
13788;Vitória Ribeiro Sousa;4.87
11645;Amanda Oliveira Barros;3.66
756;Ágatha Azevedo Cardoso;8.56
5739;Breno Ferreira Silva;4.03
25242;Emily Costa Dias;2.26
27596;Rebeca Pinto Rodrigues;3.90
23892;Douglas Araujo Carvalho;3.68
23165;Diogo Araujo Goncalves;6.01
19108;Aline Ferreira Lima;2.00
19518;Carolina Melo Azevedo;1.83
11185;Beatriz Rocha Sousa;9.46
14341;Vitória Ribeiro Rodrigues;4.33
12696;João Fernandes Gomes;8.06
3871;Danilo Pinto Barros;3.54
18286;Anna Lima Costa;4.11
19492;Beatriz Costa Pereira;2.41
22781;Arthur Barbosa Carvalho;1.97
20151;Marcos Almeida Costa;9.06
4891;Raissa Azevedo Lima;2.49
6572;Raissa Almeida Castro;5.62
26640;Gabrielle Gomes Rocha;8.12
4363;Carolina Araujo Cardoso;0.11
25319;Tomás Alves Correia;5.49
29504;Leila Carvalho Ribeiro;4.46
20364;Ágatha Azevedo Souza;1.20
24400;Isabela Cardoso Martins;6.35
6054;Danilo Silva Santos;1.75
4400;Vitoria Fernandes Correia;3.65
20152;Vitor Gomes Lima;9.07
29626;Rafael Cavalcanti Rodrigues;9.92
20635;Diego Ribeiro Barros;6.95
20974;Diogo Correia Carvalho;2.31
2810;Marina Azevedo Fernandes;4.35
11975;Nicolash Ferreira Goncalves;2.42
9387;Lucas Pinto Correia;5.58
10502;Carla Azevedo Cardoso;1.23
20267;Marcos Fernandes Correia;4.82
8923;Gustavo Correia Costa;4.22
14145;Vitória Oliveira Alves;4.03
26009;Thiago Costa Castro;4.16
1482;Luana Barbosa Gomes;6.79
1319;Alice Souza Correia;3.69
343;Gabriel Almeida Silva;9.42
1615;Maria Cunha Silva;4.40
6908;Letícia Goncalves Barbosa;1.49
17906;Sarah Silva Fernandes;7.62
23559;Gabriela Cavalcanti Araujo;5.87
22086;Ryan Ribeiro Souza;0.99
27002;Miguel Lima Alves;5.12
4624;Luís Oliveira Rodrigues;7.35
28823;Carla Cunha Silva;9.79
10001;Felipe Fernandes Cardoso;4.05
26932;Matilde Pinto Melo;3.58
18017;Breno Santos Pereira;5.76
21742;Rafaela Martins Rocha;1.67
23339;Leonardo Alves Santos;7.56
25575;Renan Correia Barbosa;2.56
28666;Rafaela Costa Alves;4.12
14053;Gabrielly Silva Pinto;8.09
7200;Antônio Costa Azevedo;1.57
12712;Carlos Goncalves Goncalves;1.04
20526;Kaua Almeida Rodrigues;8.03
28471;Mateus Cunha Goncalves;8.57
22658;Kauan Sousa Azevedo;8.98
23975;Giovana Pereira Sousa;4.82
542;Danilo Araujo Rocha;9.61
5699;Rafael Araujo Barbosa;4.85
842;Danilo Martins Carvalho;2.36
16282;Luis Silva Sousa;9.40
27032;Rebeca Oliveira Barbosa;5.83
19416;Luan Almeida Gomes;2.70
9059;Cauã Castro Sousa;9.69
18050;Bruno Rodrigues Cardoso;5.81
18967;Vitór Dias Silva;6.27
15805;Yasmin Alves Rocha;6.36
22928;Diego Castro Rocha;1.46
20719;Rodrigo Alves Barbosa;1.74
11078;Manuela Araujo Pinto;3.60
25184;Manuela Correia Gomes;5.42
1573;Kai Ferreira Ferreira;5.15
21993;Beatrice Carvalho Pereira;0.37
6417;José Melo Gomes;0.79
12514;Giovana Souza Souza;5.91
11615;Murilo Almeida Silva;9.48
18649;Nicolas Melo Barros;9.48
18190;Letícia Cavalcanti Costa;7.93
26365;Davi Oliveira Melo;3.37
21667;André Almeida Lima;1.59
28295;Vitoria Pinto Cunha;0.86
25186;André Gomes Castro;5.76
27566;Estevan Azevedo Rocha;5.86
15789;Beatrice Alves Souza;5.09
4298;Lara Castro Rodrigues;5.36
20750;Luiza Cunha Souza;8.30
25610;Caio Santos Alves;4.26
2617;Miguel Almeida Pereira;8.43
17633;Luana Pereira Ribeiro;8.31
15988;Felipe Correia Souza;2.95
3995;Douglas Sousa Araujo;5.08
23899;Pedro Rodrigues Azevedo;3.33
5388;Thiago Santos Carvalho;2.73
22618;Gabriel Ferreira Dias;9.03
17539;Ryan Cunha Pereira;9.25
27532;Luana Correia Barbosa;9.94
18244;Antônio Alves Rocha;1.34
20162;Laura Carvalho Cardoso;5.14
10823;Danilo Azevedo Lima;9.94
26597;Kauan Sousa Barros;3.14
23658;Miguel Cavalcanti Lima;1.03
18370;Leila Almeida Melo;5.10
10705;Matheus Cardoso Dias;7.80
29651;Laura Ferreira Ribeiro;6.70
24882;Leonor Pinto Oliveira;5.03
5337;Victor Azevedo Martins;0.66
19923;Gabrielly Cunha Rodrigues;6.38
27021;Igor Barros Carvalho;9.84
17327;Isabela Pereira Carvalho;7.93
9193;Estevan Cunha Correia;5.57
27053;Guilherme Carvalho Castro;9.28
17253;Júlia Silva Ribeiro;6.77
20146;Cauã Cunha Oliveira;8.56
4840;Eduarda Sousa Sousa;2.36
8672;Letícia Azevedo Rodrigues;1.23
26809;Aline Goncalves Almeida;9.25
22645;Vinicius Rocha Gomes;1.19
15538;Victor Alves Ferreira;2.73
28022;Sophia Ferreira Araujo;4.91
10794;Sophia Costa Rocha;3.85
26901;Vitória Cunha Melo;0.48
26339;Eduarda Almeida Sousa;0.34
20393;Emily Gomes Cardoso;6.22
25167;Enzo Cardoso Dias;9.58
5140;Davi Martins Santos;0.12
175;Thaís Dias Lima;3.49
22893;Lucas Silva Carvalho;3.37
17962;Eduarda Melo Oliveira;3.84
4315;Ana Goncalves Dias;6.26
10106;Luiza Ribeiro Lima;3.30
15514;Marcos Pereira Lima;5.47
9910;Kauê Ferreira Costa;5.23
28256;Luiz Martins Carvalho;4.96
13261;Yasmin Gomes Almeida;4.09
1661;Kai Rocha Araujo;1.15
27505;Joao Barros Sousa;1.58
4281;Beatriz Fernandes Cardoso;1.60
19076;Alex Alves Cavalcanti;5.94
12833;Pedro Fernandes Oliveira;3.65
14573;Emilly Barros Rodrigues;5.52
24526;Tânia Rocha Oliveira;9.77
17967;Gustavo Sousa Pinto;7.79
26584;Amanda Fernandes Cunha;6.00
5105;Vitoria Fernandes Araujo;1.11
25274;Martim Correia Dias;3.51
14543;Cauã Martins Gomes;8.11
14834;Ana Barros Azevedo;3.49
13232;Marina Pereira Melo;1.64
18797;Vitor Barbosa Ribeiro;8.29
29852;Isabela Souza Barros;4.77
12305;Caio Cavalcanti Barbosa;8.70
13818;Murilo Gomes Ribeiro;5.80
8344;Daniel Melo Santos;2.29
8878;Enzo Cardoso Santos;9.61
20657;Vitoria Pinto Azevedo;3.43
6638;Vinícius Barbosa Sousa;5.44
14642;Ágatha Barros Correia;8.46
6680;Julian Carvalho Rocha;0.07
25807;Emily Oliveira Araujo;6.15
13684;Joao Alves Pinto;3.05
156;Renan Melo Cavalcanti;9.67
21170;Thaís Barbosa Azevedo;0.64
7402;Gabrielly Rodrigues Cavalcanti;1.45
10570;Júlio Barros Barbosa;8.32
21749;André Costa Cavalcanti;6.93
14986;Samuel Cunha Cavalcanti;2.99
923;Luis Dias Pinto;3.12
18016;Mateus Barbosa Azevedo;8.90
12126;Leila Souza Rodrigues;3.57
25330;Marcos Sousa Carvalho;5.10
19366;Nicolas Rocha Alves;7.40
20797;José Cardoso Barros;0.33
2769;Giovanna Ribeiro Ribeiro;9.15
3554;Vitor Rocha Castro;6.88
1791;Julian Ribeiro Correia;7.40
11745;Cauã Carvalho Alves;6.95
23874;Kauã Fernandes Gomes;5.34
27280;Alex Martins Correia;9.98
16182;Martim Martins Martins;5.02
27239;Nicolash Goncalves Fernandes;7.09
20968;Beatriz Sousa Oliveira;0.25
27015;Vinicius Ribeiro Pinto;4.47
21445;Nicolas Souza Almeida;7.12
24772;Vinicius Correia Melo;0.56
24342;Thiago Castro Fernandes;4.74
17846;Larissa Gomes Araujo;6.06
8180;Luiza Goncalves Gomes;8.43
24112;Gabrielle Correia Souza;9.74
20212;Camila Barbosa Castro;0.35
15408;Sofia Azevedo Martins;4.70
8032;Renan Silva Alves;8.07
11987;Marcos Pereira Azevedo;7.18
28194;Aline Costa Cunha;4.62
9678;Carlos Cunha Costa;6.29
4022;Rodrigo Dias Cavalcanti;1.24
15206;Cauã Silva Cavalcanti;4.15
1844;Gabriel Oliveira Correia;1.75
5731;Pedro Souza Pinto;3.96
11791;Eduarda Cunha Gomes;8.31
21311;Júlio Alves Fernandes;0.84
15106;Leonor Rodrigues Martins;7.31
18754;Davi Pereira Dias;6.24
13738;Tânia Cardoso Rodrigues;8.24
23090;Erick Gomes Goncalves;7.40
9242;Vitor Fernandes Cavalcanti;9.74
20565;Ryan Barbosa Azevedo;2.83
5495;Kauã Silva Barbosa;9.59
12494;Luan Oliveira Castro;8.00
21060;Gabriela Araujo Oliveira;9.13
24013;Diogo Barros Barbosa;9.75
16446;João Santos Barros;4.42
16013;Bruno Alves Costa;6.97
11047;Diego Carvalho Correia;6.48
27250;Larissa Gomes Silva;4.79
15155;Miguel Pereira Alves;6.30
16003;Luiza Lima Pereira;0.65
24030;Nicole Gomes Cavalcanti;9.58
12666;Matilde Souza Araujo;3.51
17479;Vinicius Sousa Araujo;8.35
4291;Beatrice Fernandes Dias;4.74
17399;Breno Barros Carvalho;5.97
21684;Kauan Castro Alves;9.42
1784;Luana Sousa Correia;6.73
9858;Letícia Martins Pereira;9.74
13303;Livia Gomes Correia;7.66
4816;Douglas Araujo Costa;0.32
7551;Vitor Souza Gomes;2.20
52;Eduarda Carvalho Ribeiro;0.13
16001;Caio Silva Gomes;4.09
17990;Gabriel Oliveira Rodrigues;2.49
616;Júlia Castro Cavalcanti;3.39
19983;Arthur Gomes Oliveira;3.30
22564;Gabriela Melo Castro;4.78
262;Rafaela Alves Carvalho;3.13
4409;Gabriel Cunha Sousa;9.43
17398;Isabella Araujo Melo;4.34
27988;Rebeca Correia Correia;3.57
3826;Arthur Cardoso Goncalves;4.13
3549;Gabrielly Melo Azevedo;6.46
13012;Murilo Alves Barros;0.43
11519;Júlia Azevedo Carvalho;8.28
23494;José Rodrigues Cardoso;8.75
24270;Tiago Rocha Azevedo;2.15
25192;João Costa Rocha;6.33
14163;Marcos Correia Fernandes;6.44
18063;Luana Pereira Cavalcanti;1.80
26477;Rebeca Araujo Costa;6.78
19716;Letícia Carvalho Barros;0.22
24834;Ágatha Melo Cavalcanti;1.48
5041;Lavinia Santos Santos;1.91
12026;Emilly Alves Melo;1.46
20605;Joao Fernandes Pereira;1.53
6186;Gabrielle Cardoso Barros;0.73
7780;Ryan Gomes Cardoso;4.99
5390;Enzo Cavalcanti Almeida;1.29
27775;Kauã Rodrigues Silva;1.65
11527;Matilde Ribeiro Lima;3.91
26072;Emilly Santos Martins;2.16
1057;Luiza Melo Rodrigues;4.15
25882;Thaís Ferreira Correia;7.72
736;Bianca Ribeiro Pinto;0.51
26800;Beatrice Araujo Fernandes;1.76
16183;Fernanda Fernandes Ribeiro;4.33
12125;Davi Lima Araujo;2.30
3163;Emilly Pereira Melo;7.21
12311;Clara Barros Almeida;7.99
22575;Guilherme Souza Sousa;4.00
16195;Brenda Gomes Rocha;1.88
25273;Evelyn Azevedo Ribeiro;3.63
15793;Samuel Sousa Pinto;1.10
10725;Isabella Sousa Fernandes;9.45
23265;Miguel Rocha Santos;0.70
7597;Paulo Cardoso Ferreira;2.14
26211;Clara Melo Rodrigues;4.82
20876;Tiago Cardoso Ferreira;2.16
13340;Vinícius Costa Rocha;4.79
7972;Gabrielle Barbosa Castro;8.49
9875;Daniel Carvalho Lima;8.89
2955;Carolina Goncalves Azevedo;8.98
7163;Danilo Ferreira Almeida;8.31
16655;Vitoria Araujo Azevedo;7.94
16460;Douglas Azevedo Santos;3.81
12530;Renan Silva Pereira;7.31
18900;Douglas Pinto Sousa;5.48
22931;Yasmin Alves Cavalcanti;8.72
19972;Rafaela Rodrigues Lima;1.01
12009;Alex Pereira Barros;8.62
23898;Julian Santos Castro;4.04
27226;Martim Almeida Araujo;9.93
2412;Igor Barros Silva;3.90
26420;Isabella Correia Lima;7.96
23448;Evelyn Santos Araujo;8.34
29077;Beatriz Barros Souza;4.93
18284;Rafaela Araujo Almeida;5.38
11682;Luís Cardoso Correia;9.56
20897;Felipe Pereira Cardoso;2.02
15473;Fábio Barros Ferreira;5.87
15738;Renan Rodrigues Goncalves;2.39
22841;Miguel Alves Ferreira;8.27
1474;Aline Azevedo Santos;1.93
25228;Kauã Oliveira Almeida;0.94
18005;Thiago Ferreira Barros;4.86
11824;Clara Azevedo Barros;4.50
5176;Kai Castro Silva;5.32
10101;Miguel Melo Pinto;2.12
29525;Manuela Rodrigues Santos;7.60
16475;Paulo Ribeiro Barbosa;0.71
17316;Vitória Oliveira Oliveira;2.95
10781;Sofia Azevedo Cardoso;9.03
5972;Diego Pinto Araujo;2.39
20882;Bruno Pereira Fernandes;1.86
17728;Giovanna Carvalho Barros;2.12
28943;Nicolas Ferreira Barbosa;8.35
10183;Diogo Castro Ferreira;5.83
24754;Lara Pereira Santos;7.82
28153;André Pereira Souza;8.73
25307;Danilo Costa Gomes;5.46
23469;Fábio Dias Cunha;0.62
20532;Aline Azevedo Alves;7.23
28273;Paulo Cavalcanti Ribeiro;7.64
21069;Yasmin Carvalho Silva;6.90
1964;Nicolash Cunha Dias;2.48
4419;Vitoria Ferreira Cavalcanti;4.41
28996;Julia Oliveira Almeida;6.29
26469;Isabela Sousa Silva;8.48
22127;Nicole Goncalves Rodrigues;3.24
20461;Julia Melo Almeida;5.62
29489;Rafael Carvalho Martins;3.82
27612;Ryan Carvalho Rocha;1.02
18080;Luis Pinto Fernandes;8.79
29520;Tânia Cunha Correia;0.58
22037;Arthur Alves Sousa;6.39
3002;Raissa Azevedo Cavalcanti;4.55
3275;Yasmin Rocha Oliveira;0.21
18813;Pedro Rocha Santos;7.15
13058;Gabrielly Cunha Alves;5.97
29646;Sophia Azevedo Correia;0.33
26439;Raissa Pereira Azevedo;1.40
25718;Júlio Costa Ribeiro;6.16
20379;Miguel Sousa Lima;3.18
428;Emilly Azevedo Pereira;7.70
9170;Enzo Araujo Rocha;8.22
21691;Kauan Correia Silva;5.21
5387;Alex Ferreira Souza;6.80
13778;Thaís Sousa Costa;1.21
21731;Luan Ribeiro Sousa;4.11
2361;Sofia Costa Oliveira;3.68
14215;Eduardo Alves Cardoso;8.27
9174;Marina Silva Correia;6.91
25986;Kaua Lima Fernandes;6.13
6542;Pedro Almeida Pinto;4.99
24461;Camila Almeida Cunha;9.06
14100;Evelyn Carvalho Pinto;6.39
17098;Sarah Barbosa Azevedo;5.49
322;Lucas Ferreira Martins;0.05
22205;Martim Pereira Azevedo;2.43
23322;Manuela Almeida Barros;0.17
22378;Beatrice Ferreira Barbosa;7.82
9347;Julieta Souza Melo;7.92
19602;Diogo Pinto Fernandes;8.16
13507;Lara Pereira Gomes;8.78
23566;André Araujo Azevedo;9.85
23262;Gabrielle Silva Ribeiro;0.51
11149;Ana Castro Fernandes;9.08
12490;Aline Cardoso Costa;1.79
13536;Júlio Lima Martins;0.99
19172;Matheus Cunha Melo;1.52
9080;Kauê Barros Almeida;6.73
18843;Bruna Silva Ribeiro;6.82
25388;Diego Oliveira Pereira;3.46
26242;Melissa Goncalves Barros;3.01
15589;Danilo Rocha Castro;6.18
1836;Thiago Sousa Costa;7.29
22321;Douglas Rocha Fernandes;0.99
4613;Miguel Gomes Cunha;9.42
15496;Vinicius Barbosa Santos;7.32
16228;Luiza Azevedo Cardoso;2.12
21668;Giovana Souza Cavalcanti;9.25
22338;Vinicius Cavalcanti Fernandes;7.66
8750;Clara Santos Ribeiro;9.32
16451;Luan Alves Cardoso;9.52
6230;Marcos Rocha Pinto;6.53
14465;Renan Cavalcanti Araujo;3.40
5617;Emily Santos Almeida;7.82
7457;Ana Fernandes Fernandes;9.53
14297;Livia Cunha Melo;4.09
22584;Tânia Almeida Goncalves;1.94
13903;Joao Fernandes Castro;9.58
6861;Leonor Fernandes Correia;8.99
21596;Laura Azevedo Ferreira;2.72
14758;Livia Oliveira Costa;8.16
7593;Joao Barros Goncalves;8.99
1853;Isabella Cavalcanti Ferreira;5.43
1212;Júlio Goncalves Azevedo;1.10
10417;Thaís Cardoso Melo;7.07
19979;Luiza Santos Rodrigues;9.32
16946;Luís Castro Fernandes;3.50
18208;Diogo Costa Cunha;3.01
27795;Thiago Pinto Almeida;6.31
23507;Tânia Azevedo Almeida;0.99
25820;Nicolash Rodrigues Pinto;2.90
8038;Emilly Rodrigues Fernandes;8.72
7840;Maria Oliveira Cardoso;8.92
11621;Marisa Lima Barros;8.97
17397;Alice Rocha Silva;9.69
4887;Diogo Araujo Costa;3.37
25714;Kai Melo Ribeiro;9.84
7137;Sarah Ribeiro Castro;2.49
26426;Pedro Santos Silva;5.16
6086;Nicolas Cardoso Cavalcanti;1.03
22720;Manuela Rodrigues Sousa;2.64
20296;Vinícius Azevedo Martins;6.43
28475;Miguel Sousa Azevedo;5.28
20634;Enzo Carvalho Sousa;2.47
17221;Letícia Ferreira Rocha;4.31
13705;Nicole Barros Correia;9.00
6612;Breno Castro Pinto;7.32
17780;Eduarda Rodrigues Correia;4.60
4149;Luís Dias Goncalves;4.94
10509;Diogo Melo Costa;6.45
16208;Luis Barros Rodrigues;2.98
24419;Bruno Alves Oliveira;8.90
3776;Diogo Sousa Castro;0.64
28051;Aline Rocha Oliveira;3.94
9783;Rebeca Ribeiro Silva;1.36
24951;Ana Cavalcanti Oliveira;7.29
20108;Tomás Fernandes Gomes;3.67
26671;Carla Goncalves Barros;9.93
29652;Bruno Silva Correia;2.47
8369;Cauã Ferreira Silva;4.69
21248;André Goncalves Silva;2.68
501;Isabela Rocha Santos;8.86
1350;Lucas Pereira Dias;0.97
23012;Alex Dias Lima;4.60
4938;Tânia Cunha Pereira;4.82
14389;Marisa Melo Santos;0.95
9163;Alex Barbosa Barros;0.98
14535;Leonor Pinto Cavalcanti;4.86
10171;Leonor Sousa Martins;8.90
26432;Sophia Goncalves Santos;2.94
17291;Luana Sousa Oliveira;0.82
23769;Joao Martins Dias;7.71
9313;Kauan Barbosa Gomes;2.36
10236;Thiago Santos Rocha;4.34
4200;Gabriel Cardoso Oliveira;4.50
19282;Estevan Cavalcanti Cardoso;2.84
17411;Kauan Carvalho Ferreira;8.04
1990;Pedro Souza Ferreira;5.82
22942;Eduarda Cardoso Lima;1.46
16332;João Cavalcanti Ferreira;3.81
14675;Leila Ribeiro Souza;3.35
16850;Evelyn Rodrigues Castro;8.05
15816;Martim Cunha Cunha;1.23
3031;Bruno Castro Castro;5.31
28718;Bianca Sousa Cunha;1.77
27752;Rebeca Melo Lima;8.90
8924;Vitoria Alves Souza;8.17
18686;Vitoria Barbosa Araujo;6.04
27151;Estevan Silva Oliveira;4.84
12105;Carlos Rodrigues Fernandes;6.97
1058;Matheus Fernandes Cavalcanti;6.95
14000;Letícia Rodrigues Melo;8.98
26088;Davi Gomes Castro;2.67
12741;Alex Silva Oliveira;2.29
7492;Bianca Ferreira Ferreira;4.19
18705;Evelyn Gomes Gomes;4.58
10563;Larissa Correia Gomes;3.52
892;Fábio Almeida Castro;1.55
1416;Aline Sousa Pereira;4.03
6763;Eduarda Ribeiro Cardoso;3.50
4570;Mariana Alves Rocha;4.13
2319;Douglas Ferreira Costa;8.64
7000;Sarah Cunha Goncalves;7.46
4990;Otávio Melo Cardoso;8.94
8737;Julia Martins Cunha;6.36
14971;Larissa Azevedo Costa;8.00
26280;André Silva Costa;6.69
4946;Alice Barros Gomes;8.29
13503;Beatriz Azevedo Ferreira;9.37
24699;João Araujo Rodrigues;7.82
28991;Marina Lima Almeida;8.19
3522;Tânia Cunha Castro;5.77
28647;Martim Carvalho Barros;3.65
13011;Julieta Pinto Silva;5.16
27555;Douglas Cardoso Dias;3.29
20204;Yasmin Rodrigues Sousa;5.90
4379;Júlia Gomes Cunha;2.72
348;Carlos Barros Rodrigues;3.86
19191;Fernanda Silva Gomes;3.00
4587;Murilo Barbosa Alves;4.47
12953;Vinícius Pereira Carvalho;9.71
15209;Luiza Rocha Cavalcanti;2.19
10048;Isabella Barros Lima;2.32
26849;Tiago Gomes Lima;7.99
10308;Pedro Goncalves Castro;6.30
10123;Luis Barros Ferreira;0.04
16811;José Fernandes Cavalcanti;6.07
5758;Enzo Rodrigues Dias;8.22
7701;Maria Lima Alves;8.21
27086;Pedro Santos Gomes;0.78
19274;Livia Barros Santos;3.18
23466;Kauan Pinto Barros;2.77
20329;Kaua Costa Araujo;8.10
3445;Beatrice Castro Melo;1.92
5680;Leonor Lima Ribeiro;4.52
28609;Letícia Costa Araujo;3.24
16244;Maria Cardoso Martins;4.03
21146;Thaís Goncalves Goncalves;6.26
5645;Vitoria Correia Costa;8.62
14864;Victor Cavalcanti Barbosa;9.54
26829;Danilo Castro Ribeiro;8.77
2877;Isabella Martins Martins;2.34
15204;Gustavo Goncalves Oliveira;4.44
22639;Rafael Ribeiro Silva;3.21
6100;Carla Silva Cavalcanti;8.13
9531;Sofia Oliveira Costa;9.31
28560;Thiago Pereira Cavalcanti;3.56
27763;Caio Silva Fernandes;3.91
12334;Enzo Sousa Ferreira;0.47
24959;Larissa Souza Correia;7.20
18693;Otávio Pinto Barros;8.01
5463;Carlos Cardoso Oliveira;1.54
11929;Leila Ferreira Souza;7.61
25758;Livia Pereira Pereira;5.30
4534;Carolina Barros Santos;9.52
27096;Brenda Rocha Goncalves;5.81
28949;Isabela Dias Dias;2.19
6663;Marcos Cavalcanti Rodrigues;1.52
23510;Yasmin Melo Pinto;1.49
25823;Luiz Carvalho Martins;3.56
7303;Aline Fernandes Sousa;5.51
13019;Luiz Melo Ribeiro;1.45
24391;Julia Araujo Alves;3.14
2359;Gabrielly Goncalves Pinto;0.55
24301;Rodrigo Santos Santos;1.97
25501;Rafael Barros Rodrigues;4.57
12621;Erick Ribeiro Ferreira;7.49
29154;Vitór Rocha Carvalho;5.97
2805;Bianca Rocha Cunha;7.74
10139;Matilde Lima Almeida;8.63
10320;André Costa Ribeiro;2.44
5687;Nicolas Sousa Rodrigues;6.99
1302;Mariana Pereira Alves;8.52
22710;Vitoria Azevedo Rodrigues;6.46
11772;Arthur Rodrigues Cavalcanti;5.85
1248;Lavinia Azevedo Ribeiro;5.03
1876;Vitoria Santos Oliveira;5.21
10965;Júlio Melo Rodrigues;9.77
29158;Leonor Souza Carvalho;4.13
14038;Bruna Castro Costa;5.89
18435;Luis Santos Santos;1.49
21875;Leila Melo Souza;9.07
24914;Júlia Oliveira Rodrigues;0.55
8197;Thiago Cunha Azevedo;2.21
1965;Renan Pinto Azevedo;1.20
6600;João Santos Souza;0.52
8549;Sofia Barros Cardoso;10.00
24717;Giovanna Correia Lima;9.95
28192;Ágatha Melo Ferreira;4.83
10430;Anna Castro Ribeiro;6.21
13979;Rodrigo Melo Araujo;0.08
17314;Kaua Castro Dias;6.71
19298;Antônio Ferreira Cunha;2.30
21844;Nicolas Cunha Carvalho;9.61
26756;Thiago Fernandes Martins;8.59
2154;Thiago Rocha Melo;3.87
19309;Erick Silva Rodrigues;5.82
1896;Vinicius Lima Melo;4.26
22871;Arthur Cardoso Barros;2.71
1381;Melissa Cardoso Almeida;0.30
23385;Matilde Costa Rodrigues;4.67
2123;Caio Goncalves Sousa;1.25
26135;Tomás Carvalho Pinto;5.58
23822;Luana Castro Cardoso;6.51
7763;Giovanna Barros Almeida;6.42
18093;Fábio Ribeiro Cunha;7.06
20021;José Martins Rocha;0.06
28960;Kai Cardoso Martins;9.65
2270;Mateus Cavalcanti Fernandes;7.51
27986;Clara Cavalcanti Castro;8.57
23360;Amanda Costa Oliveira;1.03
3749;Murilo Fernandes Dias;3.30
4299;Evelyn Alves Carvalho;5.19
5589;Arthur Rodrigues Fernandes;6.00
26613;Julieta Dias Rodrigues;3.55
27403;Isabela Ribeiro Martins;0.89
10804;Fernanda Barros Oliveira;3.30
14294;Larissa Rocha Ferreira;9.22
23271;Carlos Costa Almeida;0.18
29795;Gustavo Martins Santos;9.54
25873;Paulo Rodrigues Almeida;4.65
27186;Sarah Azevedo Pereira;2.91
24674;Melissa Cunha Martins;5.23
28886;Mateus Cunha Cunha;2.35
7822;Rafael Melo Ribeiro;2.89
14095;Kai Pinto Alves;8.22
4791;Thaís Rocha Rodrigues;2.34
19229;Rebeca Barbosa Costa;9.33
23736;Thiago Azevedo Santos;4.60
21692;Mateus Costa Rodrigues;8.34
11508;Thiago Ferreira Ferreira;9.73
18805;Luiz Melo Martins;8.48
27882;Kai Sousa Azevedo;1.66
3217;Evelyn Dias Gomes;5.18
15364;Diogo Rodrigues Fernandes;2.23
7924;Lavinia Cavalcanti Azevedo;2.31
24;Rebeca Santos Santos;0.10
28610;Enzo Barros Barbosa;4.02
11000;Renan Costa Araujo;8.06
2941;Matilde Pereira Rodrigues;5.77
5985;Júlia Araujo Ferreira;6.44
9698;Nicolas Souza Carvalho;9.88
10088;Guilherme Rocha Cavalcanti;8.80
24570;Enzo Costa Castro;1.11
25308;Nicole Alves Ferreira;9.68
11604;Luis Santos Cunha;9.46
14431;Kauan Almeida Silva;7.70
12029;Diogo Goncalves Azevedo;2.02
10435;Rafael Costa Pinto;4.15
20172;Carolina Goncalves Santos;0.77
25418;Yasmin Castro Oliveira;3.82
5922;Gabrielly Santos Pinto;6.27
12719;Julian Gomes Goncalves;8.34
17559;Gabrielle Pinto Melo;5.02
15038;Eduardo Ribeiro Pinto;3.35
7556;Arthur Araujo Sousa;4.88
17096;Martim Pinto Lima;3.09
23823;Carolina Silva Carvalho;4.26
2288;Mateus Fernandes Pinto;0.82
4989;Ryan Lima Oliveira;2.34
8003;Luana Goncalves Correia;6.72
4724;Ryan Pereira Fernandes;3.99
18127;Thiago Pereira Pereira;4.20
1156;Carla Pereira Barbosa;2.07
314;Leonardo Castro Ferreira;3.73
16705;Giovanna Alves Alves;6.47
18008;Rebeca Alves Pinto;3.60
9995;Manuela Oliveira Araujo;1.89
19765;Luís Azevedo Martins;4.05
18146;Giovana Goncalves Melo;1.70
16707;Amanda Ferreira Sousa;4.24
19521;Isabela Oliveira Oliveira;8.64
16711;Paulo Rodrigues Pinto;1.19
8837;Thaís Pinto Rocha;2.70
4962;Lavinia Gomes Melo;1.65
13823;Luan Ferreira Dias;2.17
22854;Amanda Alves Souza;6.42
10093;Igor Melo Sousa;0.70
22566;Otávio Azevedo Cavalcanti;9.37
14342;Lucas Ribeiro Silva;0.83
13006;João Correia Silva;0.00
497;Ana Castro Araujo;0.59
8259;Diego Lima Lima;3.99
20045;Vitória Carvalho Cardoso;4.91
23876;Rafael Alves Melo;3.68
9851;Camila Pereira Martins;7.93
12550;José Fernandes Azevedo;8.86
6479;Maria Gomes Sousa;1.76
17375;Luana Costa Ferreira;1.87
2683;Cauã Silva Rodrigues;9.95
8639;Fernanda Costa Costa;9.61
4209;Samuel Correia Costa;2.29
28144;Thiago Araujo Barros;4.69
3764;Felipe Goncalves Barros;6.68
10039;Lavinia Pereira Souza;3.12
1936;Vitór Lima Cavalcanti;9.59
14714;Ryan Souza Cardoso;5.30
18951;Murilo Alves Cardoso;4.51
29366;Estevan Ribeiro Correia;8.14
2304;Marcos Ferreira Sousa;8.35
21139;Carla Araujo Santos;9.68
18399;Kaua Cunha Alves;0.09
664;Breno Rocha Goncalves;7.21
1032;André Lima Souza;0.05
18579;Luis Silva Azevedo;4.60
5460;Matilde Ribeiro Dias;6.89
28865;Alex Silva Gomes;0.71
22753;Vinícius Azevedo Fernandes;7.32
7532;Kauã Silva Carvalho;9.16
1271;Júlia Ferreira Melo;9.08
18863;Luana Ribeiro Lima;9.32
21009;Kauan Oliveira Melo;8.60
12003;Vitoria Silva Ferreira;1.18
2194;André Rocha Rocha;5.44
21188;Sarah Barbosa Gomes;7.01
8861;Bruna Ribeiro Rodrigues;6.16
26750;Tânia Rocha Ferreira;9.83
16404;Camila Cunha Pinto;1.65
22910;Pedro Santos Correia;1.56
14149;Carla Souza Pereira;8.21
8465;Livia Gomes Alves;4.42
14369;Otávio Costa Costa;5.34
7788;Eduarda Santos Carvalho;6.21
23092;Tomás Pereira Souza;4.91
26208;Gustavo Cunha Rodrigues;5.56
12373;Erick Barros Sousa;6.16
27625;Kauê Barros Cardoso;9.86
8860;Felipe Cunha Pinto;9.69
12017;Ágatha Silva Souza;8.65
22158;Bianca Barros Silva;2.00
5996;Enzo Martins Goncalves;2.14
20248;Tomás Dias Cavalcanti;3.83
22587;Kauan Santos Azevedo;4.64
29128;Anna Martins Azevedo;4.24
2275;Manuela Ferreira Sousa;0.15
954;Lavinia Cunha Martins;0.55
22822;Vitor Lima Ribeiro;3.08
9202;Victor Correia Rodrigues;3.10
15;Laura Souza Costa;2.14
23913;Giovana Oliveira Cunha;5.94
3142;Antônio Ribeiro Ferreira;6.90
6654;Leila Araujo Pereira;8.17
22804;Martim Costa Pinto;9.99
21198;Guilherme Santos Goncalves;3.81
22994;Luís Martins Ferreira;2.74
19269;Livia Correia Barbosa;6.59
469;Beatriz Souza Goncalves;0.73
19897;Vitoria Ferreira Cardoso;1.32
23303;Breno Alves Melo;0.92
23487;Julia Oliveira Alves;5.90
28912;Júlia Santos Correia;8.75
13514;Clara Oliveira Souza;2.54
2725;Luiza Souza Araujo;0.72
2008;Pedro Santos Cavalcanti;2.65
22244;Brenda Barbosa Alves;5.06
14523;Guilherme Martins Santos;5.53
15694;Amanda Barros Alves;9.86
16291;Kauã Almeida Alves;6.57
24503;Leonor Rodrigues Rodrigues;5.73
67;Nicolas Ferreira Goncalves;1.24
18018;Luís Barbosa Cunha;0.35
5990;Isabelle Carvalho Fernandes;7.96
1354;Luiz Goncalves Gomes;6.66
27129;Gabrielly Sousa Martins;1.46
5976;Estevan Lima Melo;3.87
1973;Caio Goncalves Gomes;6.33
20656;Eduarda Sousa Cavalcanti;2.27
28360;Rafaela Martins Araujo;2.40
17127;Miguel Barros Goncalves;9.71
2267;Kai Santos Cardoso;5.07
10290;Thaís Santos Pinto;5.26
1418;Giovana Silva Dias;0.17
26776;Alice Souza Alves;7.32
7894;Nicolas Castro Almeida;6.99
12754;Leonor Castro Pereira;3.95
22489;Brenda Lima Sousa;4.54
11377;Julia Goncalves Ribeiro;1.64
9094;Bianca Rocha Almeida;4.24
8716;Paulo Rocha Correia;8.24
4385;Erick Pereira Dias;9.50
11685;Lavinia Rocha Pereira;8.19
5679;Larissa Ribeiro Goncalves;5.70
3328;Vitor Sousa Cardoso;1.31
29487;Marina Lima Souza;5.97
16820;Marcos Melo Sousa;8.13
3564;Nicolas Correia Castro;0.62
21800;Danilo Fernandes Costa;1.76
7799;Martim Carvalho Carvalho;3.30
8193;Julieta Oliveira Melo;7.89
15751;Vitoria Azevedo Lima;3.50
17756;Lavinia Alves Cardoso;5.92
21869;Fernanda Rodrigues Almeida;7.21
11521;Gabriela Fernandes Costa;5.03
12598;Luís Martins Lima;8.40
2746;Tomás Dias Martins;4.86
22328;Isabelle Barros Dias;4.91
8481;Nicolash Melo Ferreira;0.37
2827;Giovana Ribeiro Cunha;7.96
23087;Carlos Sousa Goncalves;2.85
22134;Emilly Castro Goncalves;9.99
9558;Marisa Lima Castro;1.59
20907;Lara Ferreira Gomes;8.88
13277;Murilo Almeida Rocha;1.03
22969;Júlio Goncalves Ferreira;2.07
22317;Lara Fernandes Cavalcanti;8.84
25745;Nicole Correia Barros;8.83
13097;Ana Alves Oliveira;3.25
8666;Douglas Souza Barros;6.00
27027;Luan Martins Gomes;9.40
24671;Anna Fernandes Santos;7.08
16753;Murilo Souza Barbosa;8.21
2521;Vitor Azevedo Goncalves;9.90
1829;Kauan Souza Gomes;2.98
2732;Kai Carvalho Martins;0.78
14944;Ana Souza Cunha;1.19
26453;Luiz Almeida Martins;4.46
22524;Leonor Ribeiro Carvalho;4.56
19795;Vitória Araujo Silva;2.56
8891;Livia Pinto Souza;3.99
2727;João Rodrigues Goncalves;1.62
1467;Giovanna Goncalves Pereira;4.93
16715;Kai Pereira Correia;1.19
15317;Caio Gomes Ferreira;0.49
15937;Sophia Silva Almeida;9.63
7652;Guilherme Costa Pereira;9.49
18291;Bruna Azevedo Souza;2.10
6342;Lucas Rocha Barbosa;4.43
29954;Sarah Souza Gomes;5.80
2255;Gabriel Carvalho Almeida;6.95
20770;Emilly Ferreira Santos;5.31
19463;Vinícius Pinto Araujo;5.52
28942;Mariana Azevedo Pereira;2.16
23812;Tiago Lima Almeida;8.31
14541;Cauã Santos Cardoso;2.86
20828;Kaua Azevedo Gomes;8.60
20017;Raissa Pinto Pereira;5.08
29623;Melissa Oliveira Correia;3.98
17659;Amanda Castro Santos;1.71
11933;Kaua Ribeiro Sousa;6.46
19320;Ágatha Gomes Sousa;2.30
12049;Julia Santos Sousa;2.57
18796;Breno Barros Azevedo;5.08
28835;Carla Costa Cardoso;8.65
27693;Sophia Ferreira Barbosa;9.84
3186;Lucas Oliveira Costa;1.46
11614;Isabelle Carvalho Castro;2.19
738;Julieta Ferreira Cunha;7.39
2217;Matheus Martins Rocha;0.24
26886;Emily Gomes Rodrigues;9.71
6700;Vitór Araujo Cavalcanti;9.06
28896;Isabella Cardoso Pereira;1.90
13283;Enzo Souza Cunha;8.65
23405;Raissa Fernandes Oliveira;1.62
7183;Leonor Souza Dias;7.59
12684;Vitór Azevedo Santos;0.43
24602;Martim Fernandes Dias;0.58
6880;Isabelle Ferreira Barbosa;7.62
23398;Maria Melo Cunha;1.47
3831;Matheus Rocha Silva;0.70
11593;Sofia Azevedo Cunha;7.92
4204;Martim Gomes Rodrigues;5.09
16513;Emily Rodrigues Ribeiro;0.09
18645;Camila Cardoso Pereira;9.83
18590;Joao Lima Araujo;0.76
23434;Matheus Pinto Ferreira;2.72
18395;Rafaela Fernandes Azevedo;9.90
27511;Julieta Martins Goncalves;1.58
16383;Vitoria Oliveira Pinto;3.96
20305;Leila Castro Araujo;2.63
6812;José Azevedo Melo;1.55
24121;Sophia Ferreira Gomes;7.38
19024;Vitória Souza Barros;4.25
24759;Emilly Melo Ribeiro;6.97
26359;Luiza Pereira Ribeiro;4.28
10580;Felipe Melo Sousa;0.27
13349;Pedro Castro Cardoso;7.98
1703;Danilo Alves Santos;6.80
26845;Arthur Lima Dias;8.15
13672;Mateus Fernandes Pereira;2.73
8902;Miguel Gomes Lima;5.89
6144;Matheus Souza Alves;3.77
14668;Leonardo Ferreira Silva;1.53
23364;Victor Rodrigues Ribeiro;9.83
22814;Emilly Melo Cavalcanti;4.75
23546;Mateus Pinto Ribeiro;4.93
18643;Sarah Cardoso Cardoso;1.83
26618;Emilly Barros Ribeiro;0.76
13062;Carla Oliveira Cardoso;8.65
5437;Sarah Castro Gomes;6.87
29344;Cauã Azevedo Martins;1.50
22856;Tânia Correia Ribeiro;1.61
27036;Gabriela Cardoso Gomes;8.64
17458;Laura Alves Ribeiro;2.07
4566;Letícia Alves Lima;6.84
5361;Beatrice Pinto Alves;5.72
4653;Thiago Rocha Ferreira;6.99
6771;Clara Almeida Castro;1.82
27166;Douglas Carvalho Sousa;1.20
948;Thaís Ribeiro Pinto;7.16
21507;Isabelle Araujo Oliveira;0.26
10364;Pedro Almeida Costa;0.23
22745;Ágatha Azevedo Lima;2.22
28545;Gabrielly Dias Correia;4.87
15406;Brenda Sousa Cunha;8.01
18163;Larissa Silva Almeida;3.96
17831;Marcos Lima Pinto;5.98
19344;Luis Azevedo Araujo;1.48
5277;Marina Martins Fernandes;8.59
12244;Rebeca Melo Rodrigues;5.03
23694;Bruna Cavalcanti Carvalho;4.24
25379;Estevan Santos Dias;1.66
2357;Julian Silva Santos;7.37
3766;Diego Rodrigues Fernandes;1.56
21322;Eduardo Barros Barros;6.70
19761;Carla Fernandes Almeida;6.68
4111;Kaua Dias Souza;1.66
4231;Sarah Silva Cavalcanti;4.90
3193;Matilde Castro Fernandes;8.34
5118;Melissa Cardoso Alves;3.36
25777;Marcos Carvalho Sousa;6.56
13390;Laura Costa Barros;5.18
7960;Anna Ferreira Pinto;4.22
15659;Caio Costa Barros;2.10
24194;Tomás Cavalcanti Ferreira;7.85
1405;Emily Alves Correia;4.70
10314;Maria Santos Santos;8.84
26198;Giovana Ferreira Silva;9.17
952;Renan Fernandes Silva;0.78
17175;Gustavo Azevedo Pereira;9.06
9987;Luiz Ribeiro Correia;1.36
1738;Amanda Melo Melo;4.66
11399;Sophia Rocha Lima;4.86
9980;Vitoria Barros Sousa;7.78
10348;Vinícius Azevedo Rocha;8.92
22005;Isabela Carvalho Cardoso;2.63
20547;Julian Correia Dias;1.44
24179;Vitoria Fernandes Rocha;7.72
27599;Murilo Silva Dias;2.21
20187;Clara Lima Souza;2.08
451;Igor Souza Rodrigues;6.91
25401;Pedro Pinto Dias;9.09
11934;Paulo Goncalves Lima;0.03
25062;Manuela Araujo Gomes;0.61
18906;Paulo Cardoso Dias;9.87
110;Brenda Azevedo Gomes;0.71
21325;Samuel Cavalcanti Almeida;3.36
24861;Murilo Azevedo Gomes;9.97
4078;Yasmin Oliveira Barbosa;5.11
8411;Camila Rodrigues Rocha;0.62
17376;Giovana Costa Castro;2.27
10839;Victor Pinto Cavalcanti;6.85
99;Marcos Fernandes Santos;7.06
12660;Vitoria Almeida Gomes;4.91
16594;Nicole Rodrigues Costa;1.96
9938;Pedro Pereira Oliveira;6.27
13200;Clara Pereira Almeida;2.46
18555;Isabelle Oliveira Pereira;0.95
654;Gabriela Castro Almeida;8.05
3272;Manuela Correia Correia;7.94
7881;Camila Gomes Alves;7.06
28053;Enzo Souza Cavalcanti;8.49
8013;Douglas Carvalho Sousa;8.98
7743;Vitória Cardoso Goncalves;7.71
6834;Caio Souza Martins;9.13
8029;Rafael Correia Martins;4.32
2102;Sophia Gomes Pinto;8.60
20836;Anna Alves Alves;3.94
29519;Melissa Azevedo Rocha;1.88
27144;Giovana Goncalves Santos;3.51
25960;Tânia Pinto Rocha;8.39
18572;Marina Pereira Sousa;4.62
8282;Júlia Carvalho Almeida;2.31
20057;Clara Silva Dias;7.80
5154;Evelyn Cunha Dias;0.64
13583;Isabelle Ribeiro Pinto;8.17
10029;Sofia Melo Cardoso;6.86
24207;Renan Ferreira Rocha;6.31
3775;Erick Rocha Ferreira;4.14
2421;Otávio Cunha Cavalcanti;7.82
9434;Lucas Melo Sousa;2.75
17396;Matheus Melo Sousa;7.26
18490;Alex Pereira Martins;8.42
29083;Júlia Gomes Pereira;0.47
14030;José Ferreira Azevedo;5.36
29030;Caio Barros Carvalho;9.47
1858;Isabelle Azevedo Goncalves;9.61
18826;Manuela Oliveira Cunha;5.91
22453;Carlos Almeida Cavalcanti;2.90
4542;Alex Pereira Pereira;6.16
21347;Eduardo Rocha Barbosa;2.65
8967;Lucas Rocha Martins;2.69
11238;Tânia Correia Cavalcanti;3.07
15648;Leila Carvalho Correia;3.04
27305;Evelyn Barbosa Souza;2.25
16425;Vitor Costa Oliveira;6.98
2939;Joao Santos Cavalcanti;0.29
14395;Brenda Almeida Costa;1.47
7031;Diogo Rodrigues Santos;5.03
4152;Sarah Rocha Souza;8.02
16729;Vitór Cavalcanti Ribeiro;4.60
3073;Yasmin Dias Lima;9.94
8617;Gabriela Pereira Ferreira;6.03
22863;Camila Almeida Alves;8.25
9359;Paulo Oliveira Almeida;9.78
27603;Kaua Costa Alves;8.60
3378;Renan Alves Cavalcanti;2.85
4335;Isabela Sousa Castro;9.66
4387;Rebeca Barros Barros;1.12
22783;Renan Silva Barbosa;6.30
22576;Rebeca Pereira Cavalcanti;8.19
901;Kai Barbosa Dias;3.88
13254;Felipe Rodrigues Cardoso;7.23
5960;Isabela Lima Barros;8.87
26497;Aline Gomes Ribeiro;8.61
5040;Tânia Martins Costa;6.86
18803;Gabriela Carvalho Castro;1.09
19996;Mateus Azevedo Goncalves;0.65
26190;Danilo Barros Barros;3.01
8678;Fernanda Santos Almeida;7.79
4790;Luis Gomes Dias;7.10
19660;Thaís Martins Goncalves;5.54
13697;Fernanda Barbosa Sousa;6.42
9883;Luís Souza Cavalcanti;2.15
22766;Ana Correia Cunha;0.18
13755;André Cunha Castro;9.52
1507;Sophia Cavalcanti Ferreira;2.18
17533;Mateus Castro Rodrigues;0.59
1380;Gabrielly Santos Pereira;2.08
3970;Lucas Martins Fernandes;3.48
27452;Estevan Pereira Carvalho;3.76
19355;Giovana Rodrigues Ferreira;3.91
1967;Thiago Goncalves Dias;4.53
19508;Vinicius Alves Santos;1.17
5393;Matheus Martins Silva;8.92
16461;Isabella Gomes Barbosa;6.37
14687;Diogo Oliveira Pereira;6.34
7584;Carlos Sousa Costa;9.75
23575;Paulo Carvalho Oliveira;9.41
3793;Fábio Martins Rodrigues;2.60
1099;Ágatha Costa Fernandes;1.14
4668;Julieta Correia Cunha;9.94
9916;Lavinia Souza Ferreira;3.66
1541;Nicolas Cavalcanti Dias;7.90
4033;Lara Silva Souza;6.29
3694;Rafaela Ferreira Souza;6.87
8989;Thiago Ferreira Melo;9.13
23034;Diego Costa Araujo;2.79
4817;Yasmin Dias Carvalho;0.89
10054;Caio Dias Rocha;9.88
6325;Igor Gomes Lima;3.49
24934;Sofia Barros Araujo;4.27
25651;Fábio Costa Dias;1.32
2409;Manuela Fernandes Ribeiro;1.73
26269;Douglas Santos Lima;2.20
23629;Vinícius Azevedo Barros;7.68
9958;Daniel Almeida Barbosa;1.12
17801;Vitoria Fernandes Cavalcanti;8.38
14823;Alex Rodrigues Alves;0.38
5848;Tomás Fernandes Cavalcanti;5.84
6927;Sophia Pereira Melo;5.25
4945;Eduarda Fernandes Gomes;6.33
18002;Ágatha Almeida Castro;7.80
16036;Marcos Castro Cardoso;4.84
1313;Rebeca Pereira Araujo;2.16
15857;Carolina Azevedo Azevedo;8.59
27482;André Sousa Lima;7.80
11228;Antônio Barbosa Oliveira;5.34
28729;Leila Correia Goncalves;8.56
13153;Bruno Martins Barros;4.67
19266;Lara Cardoso Silva;6.10
25540;Luana Barbosa Melo;4.67
2529;Matilde Ferreira Santos;9.06
4020;Rafaela Pinto Pereira;2.06
5222;Ana Barbosa Gomes;3.12
22574;Aline Castro Barbosa;5.97
9417;Mariana Souza Silva;4.71
4239;Estevan Alves Silva;5.40
838;Joao Barros Lima;1.77
19070;Carlos Alves Dias;0.48
26336;Leonardo Pinto Ribeiro;2.32
5776;Brenda Costa Barros;4.92
26645;Tiago Rodrigues Santos;8.14
6472;Brenda Barros Souza;0.95
2225;Beatrice Oliveira Oliveira;6.89
1107;Julieta Pereira Goncalves;1.15
23179;Ágatha Almeida Rodrigues;7.65
16782;Raissa Gomes Silva;9.46
6879;Mateus Lima Dias;5.89
9035;Fábio Silva Melo;2.45
22876;Vitor Ribeiro Costa;1.38
6443;Bruno Carvalho Rodrigues;5.68
1953;Luis Pinto Pinto;1.88
10576;Matheus Rodrigues Rodrigues;8.26
20756;Gustavo Souza Ribeiro;6.92
5442;Eduarda Carvalho Ferreira;7.45
21540;Raissa Rodrigues Rodrigues;3.53
12681;Kaua Lima Araujo;9.97
8365;Luana Costa Cunha;9.27
19354;Murilo Santos Almeida;3.34
21830;Isabella Rocha Correia;5.02
12976;Vitoria Lima Almeida;0.14
608;Lara Goncalves Gomes;7.75
3425;Yasmin Sousa Sousa;2.18
15700;Giovana Costa Barros;8.15
21305;Vitór Araujo Costa;2.80
2567;Diogo Pereira Souza;4.42
18025;Tiago Pereira Goncalves;6.34
15870;Thaís Cunha Gomes;7.28
22488;Emily Rocha Alves;2.01
10648;Sophia Santos Santos;4.26
21639;Giovana Sousa Correia;2.74
18995;Thaís Cardoso Lima;1.96
15350;Giovanna Rodrigues Gomes;0.19
28782;Melissa Cavalcanti Rodrigues;3.73
1638;Camila Barros Goncalves;4.96
27897;Julieta Silva Alves;8.06
2588;Sophia Cardoso Castro;3.27
13252;Eduarda Correia Ribeiro;1.60
14220;Vitória Ribeiro Correia;5.81
25367;Ryan Dias Ribeiro;1.44
8505;Giovana Araujo Santos;6.50
6257;Luis Azevedo Barbosa;9.76
26425;Kauê Melo Pereira;2.76
4279;João Costa Azevedo;0.65
2358;Leonardo Correia Ribeiro;2.79
9509;Kaua Silva Araujo;7.16
12970;Beatrice Araujo Araujo;3.82
22455;Tomás Silva Castro;7.68
3414;Douglas Cavalcanti Souza;0.62
26920;Thiago Santos Araujo;4.86
28597;Beatriz Barbosa Castro;2.19
9155;Luiz Cavalcanti Alves;0.88
20665;Rafael Gomes Cunha;6.00
21504;Thaís Martins Cunha;6.08
23035;Gabrielle Lima Silva;7.52
14071;João Cunha Castro;2.90
12372;Luís Fernandes Melo;8.70
4829;Alex Costa Goncalves;2.21
12364;Thiago Correia Souza;2.47
10401;Gabrielly Lima Martins;5.95
15832;José Martins Ferreira;5.81
14091;Leila Barros Dias;9.63
4927;José Carvalho Costa;6.93
26798;Marcos Dias Costa;7.69
14646;Emily Cunha Araujo;4.02
26970;Marina Ferreira Alves;8.29
15581;Carla Pereira Carvalho;7.90
19952;Júlia Silva Ferreira;8.95
22305;Lavinia Sousa Cardoso;9.66
24738;Douglas Araujo Correia;5.33
12270;Otávio Barros Cunha;0.75
11504;Julian Sousa Melo;7.33
6448;Larissa Santos Ribeiro;8.01
22281;Júlia Cardoso Barbosa;6.12
4159;Kaua Ribeiro Araujo;1.04
5573;Kaua Castro Cavalcanti;4.59
27962;Mateus Dias Correia;5.76
16595;Carlos Castro Lima;3.22
11569;Rebeca Pereira Santos;2.29
2813;Luiza Gomes Araujo;7.52
3318;Lara Santos Goncalves;7.54
494;Nicole Gomes Pereira;1.72
10759;Breno Cavalcanti Barbosa;0.04
26660;Thaís Silva Pinto;2.25
29292;Raissa Pereira Cavalcanti;3.96
7515;Daniel Rocha Barbosa;9.09
24120;Breno Cunha Silva;7.13
12195;Cauã Pinto Dias;0.49
2353;Julia Sousa Alves;6.53
6877;Marisa Araujo Martins;2.57
11211;Julieta Castro Rodrigues;5.73
4663;Gustavo Pereira Ribeiro;1.99
2532;Ana Castro Gomes;3.78
22750;Luiza Rodrigues Correia;1.53
435;Gabriel Cavalcanti Cardoso;5.25
19738;Júlio Dias Carvalho;3.22
24596;Lucas Martins Barbosa;8.64
6385;Vitór Barros Castro;6.03
28606;Matheus Rocha Costa;6.37
11418;Antônio Lima Cunha;7.77
29674;Luiz Santos Fernandes;4.36
6471;Carolina Barbosa Melo;3.75
6829;Eduarda Melo Cardoso;0.52
24892;Joao Souza Silva;4.54
25996;Melissa Ferreira Cardoso;1.74
24494;Mateus Melo Martins;9.54
20679;Matheus Alves Fernandes;2.20
25756;Nicolas Cunha Goncalves;6.61
3166;Alice Barros Pereira;4.79
2355;Gustavo Cunha Alves;5.49
13605;Douglas Correia Barros;2.25
15171;Larissa Alves Dias;1.39
16952;Gabriel Pereira Souza;3.82
3850;Rafael Cavalcanti Barbosa;9.29
2938;Giovana Costa Fernandes;1.50
25956;Kai Melo Martins;8.73
12783;Mateus Cunha Castro;6.10
7747;Júlio Ferreira Costa;0.52
14172;Pedro Cavalcanti Cunha;3.35
5935;Júlia Pinto Azevedo;7.80
16712;Ana Carvalho Oliveira;8.38
5466;Pedro Martins Almeida;9.32
11489;Martim Araujo Barbosa;2.55
26222;Julieta Cavalcanti Cunha;4.28
3774;Marina Araujo Cunha;0.25
23568;Antônio Lima Costa;4.74
13024;Thaís Correia Cavalcanti;0.29
17265;Maria Pereira Cardoso;1.63
3171;Gabrielle Almeida Santos;9.02
5317;Cauã Correia Cavalcanti;2.91
24988;Vitória Martins Rocha;3.77
25849;Pedro Oliveira Ribeiro;6.04
14992;Daniel Fernandes Cardoso;2.42
19533;Nicolash Ribeiro Silva;7.50
1669;Ana Melo Castro;8.58
27852;Matheus Martins Pereira;4.95
7186;Joao Cavalcanti Cardoso;7.93
6134;Marisa Dias Pereira;8.70
22672;Tânia Silva Oliveira;8.61
6181;Enzo Fernandes Cavalcanti;9.57
4866;Kauê Costa Carvalho;4.71
14914;Eduarda Dias Barros;4.78
29585;Melissa Azevedo Carvalho;4.45
12810;Melissa Alves Cunha;1.51
15823;Kauã Santos Rocha;0.81
9191;Estevan Lima Castro;6.26
20432;Luiz Gomes Martins;4.21
21530;Aline Barros Azevedo;4.94
6801;Danilo Cavalcanti Cardoso;7.35
12978;Guilherme Castro Cardoso;9.09
12461;Paulo Cunha Martins;2.12
16602;Tânia Martins Cavalcanti;4.67
7772;Mariana Castro Pinto;3.65
24765;Breno Gomes Barros;0.85
8915;Bruno Castro Goncalves;3.15
19658;Emily Almeida Costa;1.20
17185;Isabella Almeida Castro;1.47
10654;Clara Goncalves Correia;2.34
12108;Bianca Barbosa Silva;4.65
24138;Sophia Costa Araujo;7.56
14891;Marisa Correia Silva;5.12
18121;Marina Rocha Pereira;2.16
1177;Manuela Silva Araujo;6.49
3449;Bianca Araujo Rodrigues;3.75
21423;Rodrigo Correia Almeida;1.43
9451;Vinicius Costa Cunha;2.37
21634;Murilo Rocha Barros;2.81
24197;Amanda Carvalho Cardoso;9.20
15609;Larissa Cavalcanti Melo;6.61
4107;Kauê Fernandes Dias;9.45
2439;Vitór Araujo Alves;9.21
25994;Amanda Gomes Correia;4.62
8958;Kaua Almeida Pereira;4.02
24600;Júlio Correia Carvalho;8.74
2459;Renan Ribeiro Almeida;2.45
6939;Rodrigo Correia Barros;9.01
13689;Leonor Alves Cardoso;0.33
27961;Miguel Alves Dias;2.80
25775;Lara Silva Ribeiro;7.04
24790;Thaís Carvalho Carvalho;9.72
29732;Lucas Almeida Pereira;8.35
4236;Bruno Carvalho Melo;0.63
5328;Gabrielle Melo Goncalves;3.13
29345;Ryan Dias Carvalho;6.53
27799;Evelyn Dias Pereira;8.40
577;Bianca Rodrigues Azevedo;2.31
7636;Lucas Fernandes Pinto;6.84
21624;Felipe Martins Costa;5.53
18994;Luiza Sousa Oliveira;1.18
29026;Luis Alves Araujo;4.56
17201;Bruno Silva Gomes;0.66
2413;Luis Rodrigues Carvalho;8.48
28601;Matilde Goncalves Araujo;0.67
15148;Carla Azevedo Martins;2.17
17704;Gabrielly Castro Barros;1.40
605;Erick Oliveira Ribeiro;7.83
10662;Tânia Pinto Araujo;2.73
4910;Anna Dias Alves;1.17
11647;Emily Rocha Pinto;6.44
10163;Leonardo Sousa Rocha;4.61
5353;Anna Almeida Correia;6.25
15086;Estevan Azevedo Melo;6.17
28624;Júlia Cavalcanti Azevedo;4.12
19604;Isabelle Araujo Rodrigues;8.50
26407;Thiago Cavalcanti Oliveira;5.73
10369;Nicole Rocha Dias;5.12
19870;Estevan Barbosa Oliveira;5.09
1204;Rafaela Martins Souza;0.01
23081;Gustavo Souza Sousa;4.57
23839;Sarah Ribeiro Almeida;7.03
8094;Tânia Correia Costa;0.89
368;Otávio Pereira Goncalves;2.16
29899;Luis Rodrigues Cavalcanti;5.95
17062;Beatriz Gomes Dias;4.49
12075;Sofia Dias Gomes;7.37
27572;Felipe Cardoso Souza;4.80
10721;Luana Azevedo Castro;1.96
16194;Beatrice Barbosa Alves;5.80
3362;Renan Dias Araujo;1.98
6914;Ryan Cunha Costa;0.23
13158;Martim Souza Azevedo;4.17
2389;Otávio Ferreira Pinto;2.37
23843;Melissa Azevedo Almeida;0.44
2076;Lucas Castro Ferreira;2.47
5717;Luan Ribeiro Sousa;7.26
3139;Gabrielly Castro Barros;7.63
16413;Eduardo Oliveira Alves;9.67
25801;Matheus Pereira Alves;8.05
12891;Luiz Cunha Cardoso;5.77
26387;Matheus Barros Cavalcanti;1.79
15944;Thiago Goncalves Souza;6.31
25236;Ágatha Rocha Lima;7.29
13005;Vitoria Souza Carvalho;3.53
17287;Isabelle Pinto Costa;8.59
22972;Amanda Rodrigues Barbosa;6.52
10972;Isabelle Barros Ribeiro;7.79
3569;Enzo Rodrigues Goncalves;5.12
15671;Bruno Santos Barbosa;0.29
16497;José Santos Almeida;5.99
28907;José Correia Santos;7.50
18618;Kauã Oliveira Ferreira;8.15
5329;Julieta Barbosa Martins;6.67
17241;Laura Pinto Oliveira;6.91
17909;Erick Oliveira Araujo;7.74
381;Luan Santos Cardoso;9.12
28381;Raissa Lima Sousa;6.11
16623;Kauã Santos Rodrigues;8.48
847;Nicolash Carvalho Correia;2.87
16170;Livia Barros Ribeiro;1.90
29013;Ana Barbosa Correia;6.95
23969;Alice Melo Costa;6.03
23415;Anna Pinto Cardoso;0.52
16372;Kai Cardoso Silva;0.36
28499;Nicole Sousa Silva;9.20
21122;Camila Silva Goncalves;4.68
21399;Sophia Azevedo Fernandes;6.17
5481;Davi Cunha Oliveira;8.29
10262;Mateus Barbosa Barros;3.59
1400;Larissa Barbosa Barros;4.32
4435;Lucas Lima Barbosa;0.19
14743;Luan Barros Lima;8.30
29425;Camila Oliveira Souza;1.78
2870;Lavinia Dias Castro;3.06
21132;Leila Barros Cardoso;1.73
19968;Matilde Araujo Dias;5.39
15010;Joao Cardoso Rodrigues;4.99
11173;Matheus Barbosa Souza;7.35
1084;Victor Cavalcanti Ferreira;8.90
9288;André Fernandes Castro;0.95
14122;Tânia Goncalves Barbosa;5.58
13531;Kauê Barbosa Lima;1.82
7164;Tânia Carvalho Azevedo;9.76
10094;Fernanda Cardoso Almeida;2.22
29324;Julieta Rocha Araujo;7.00
24092;Júlia Barros Correia;8.38
17833;Tiago Ribeiro Costa;7.56
27957;Isabela Barros Pinto;4.24
25632;Julia Cardoso Carvalho;9.12
25841;Marina Ribeiro Azevedo;8.10
9097;Carolina Correia Souza;4.07
26039;Júlia Cardoso Silva;1.67
18257;José Azevedo Silva;8.42
2716;Nicole Oliveira Dias;6.89
1415;Fernanda Araujo Goncalves;7.69
27547;Giovanna Almeida Costa;0.44
6805;Júlio Correia Pinto;9.52
23793;Davi Ribeiro Barbosa;9.57
20029;Mariana Ribeiro Ferreira;5.51
785;Yasmin Correia Ferreira;1.41
11657;Samuel Oliveira Rocha;1.95
6156;Samuel Souza Barbosa;7.06
13190;João Castro Cardoso;3.03
24981;Amanda Gomes Cardoso;3.01
2318;Carolina Silva Correia;9.89
7651;Kai Castro Cavalcanti;4.18
23359;Camila Costa Sousa;9.87
2913;Marisa Barros Cardoso;1.08
14809;Nicolash Sousa Cardoso;3.69
11057;Luiza Cunha Castro;5.06
23049;Vitória Rodrigues Pinto;5.31
12538;Alex Correia Santos;9.47
8035;Kauan Fernandes Azevedo;8.83
22393;Matilde Santos Rocha;9.91
8584;Rebeca Castro Almeida;4.10
13702;Julia Araujo Ferreira;4.62
3693;Antônio Pereira Costa;5.37
16337;Fábio Santos Carvalho;6.18
4388;Alice Barros Alves;8.03
9020;Estevan Alves Carvalho;1.86
21954;Breno Fernandes Pereira;1.31
25853;Ryan Pereira Dias;4.20
29948;Rebeca Lima Dias;9.89
1417;Isabela Oliveira Castro;0.47
21267;Livia Oliveira Fernandes;3.26
26966;Davi Azevedo Rodrigues;1.23
19892;Tiago Rocha Martins;8.83
4719;Lara Ribeiro Ribeiro;9.04
5346;Alex Cavalcanti Cunha;2.29
8899;Kauê Correia Gomes;2.09
22056;Felipe Goncalves Rodrigues;2.44
14400;Leila Costa Melo;6.45
26060;Júlio Souza Silva;5.59
25705;Marina Fernandes Dias;2.69
6268;Arthur Pereira Almeida;3.40
8886;Leonor Pereira Correia;0.97
567;Renan Oliveira Carvalho;5.87
28631;Douglas Castro Santos;1.58
10540;Luiza Almeida Carvalho;5.08
20480;Melissa Araujo Cunha;5.86
5764;Caio Ferreira Correia;7.46
28517;Gustavo Azevedo Barbosa;7.88
14508;Nicolas Ferreira Pereira;4.35
4953;Julian Martins Castro;1.99
2044;Tânia Pinto Ferreira;4.92
29261;Rodrigo Ferreira Cunha;3.80
20758;Yasmin Goncalves Alves;5.38
8703;Luana Souza Alves;0.45
821;Kauan Cardoso Oliveira;0.82
14191;Nicolash Souza Oliveira;3.70
20280;Julia Oliveira Santos;5.38
5117;Lara Ribeiro Costa;2.68
5379;Cauã Carvalho Cavalcanti;0.95
5905;Aline Melo Cardoso;6.79
5321;Breno Azevedo Barbosa;5.90
3342;Bruna Oliveira Costa;8.41
13588;Emilly Pinto Barros;1.98
24749;Evelyn Rocha Dias;0.72
14941;Diogo Silva Azevedo;7.10
26456;Daniel Almeida Rocha;8.85
660;Marcos Araujo Barros;8.30
19242;Giovana Alves Sousa;9.26
16301;Nicole Azevedo Santos;4.75
14469;Marina Silva Pinto;8.22
23999;Daniel Pereira Pinto;5.77
19648;Mateus Cardoso Santos;5.15
9223;Douglas Melo Melo;8.54
22807;Vitor Alves Ribeiro;3.15
19383;Danilo Correia Araujo;9.91
20182;Júlio Carvalho Cardoso;9.13
13616;Samuel Souza Pereira;1.93
12893;Rodrigo Rodrigues Fernandes;5.94
26881;Thaís Alves Carvalho;0.51
17305;Kauê Almeida Correia;7.56
19760;Samuel Oliveira Barbosa;9.83
15105;Tiago Goncalves Melo;0.26
21890;Júlio Barbosa Ribeiro;2.03
22940;Joao Fernandes Fernandes;7.13
29959;Arthur Ribeiro Rocha;7.72
27523;Gabrielle Cavalcanti Barros;3.32
25069;Sophia Araujo Gomes;6.56
29686;Julia Dias Araujo;5.65
8696;Thaís Castro Costa;0.76
4233;Larissa Rodrigues Costa;5.09
29960;Bruna Rodrigues Oliveira;9.78
20222;Laura Santos Dias;4.78
29569;Thiago Azevedo Ribeiro;8.57
13974;Bruno Ribeiro Fernandes;8.48
28282;Kai Almeida Silva;6.04
13894;Paulo Goncalves Barbosa;6.22
3335;Carla Martins Almeida;7.75
29555;Lara Azevedo Cardoso;1.71
23959;Sofia Rocha Pereira;0.26
27044;Estevan Sousa Ferreira;5.28
25119;Rafaela Correia Costa;5.47
22967;Davi Lima Carvalho;6.88
27750;Beatrice Azevedo Martins;1.75
20071;Sofia Costa Santos;5.75
27703;Matheus Lima Correia;1.93
25979;Tomás Cardoso Melo;5.80
24329;Leonor Oliveira Azevedo;7.73
10338;Marina Rocha Carvalho;0.73
7385;Mariana Ferreira Correia;2.59
26990;Luiz Lima Alves;3.50
17341;Clara Melo Rodrigues;7.73
12984;Aline Barros Correia;7.91
2659;Sofia Cavalcanti Fernandes;1.47
9800;Emily Costa Fernandes;3.57
11820;Giovana Ferreira Rocha;2.51
16139;Fábio Pereira Cavalcanti;7.17
28917;Nicolash Cardoso Cunha;7.96
6024;João Carvalho Barbosa;3.92
14548;Diego Dias Cardoso;6.64
12285;Mateus Carvalho Silva;9.86
12008;Letícia Correia Carvalho;6.97
2807;Carlos Ferreira Souza;5.65
13945;Thiago Souza Cunha;2.62
13997;Nicole Rocha Cavalcanti;4.15
129;Alex Almeida Santos;8.90
24912;Alex Castro Fernandes;1.12
28961;Matheus Barbosa Goncalves;3.77
17113;Giovana Carvalho Cardoso;0.42
26286;Júlia Pereira Castro;3.96
27010;Tânia Melo Rodrigues;0.67
28641;Isabella Barbosa Dias;3.19
580;Otávio Araujo Melo;6.84
21;Rebeca Pinto Pereira;4.59
27543;Maria Oliveira Fernandes;1.74
20441;Giovanna Barros Alves;4.13
9301;Arthur Santos Dias;0.50
17461;Luan Rocha Correia;9.09
5514;Leonor Oliveira Correia;8.52
24836;Kauã Oliveira Santos;5.15
9304;Gabrielle Goncalves Correia;2.53
20941;Letícia Carvalho Barbosa;0.51
10528;Brenda Goncalves Almeida;0.14
3450;Danilo Santos Gomes;4.78
28637;Breno Ribeiro Barros;6.69
14807;Vitor Barbosa Cunha;3.67
19574;Kauê Castro Fernandes;6.05
10259;Bruna Santos Costa;5.55
22443;Rafaela Sousa Azevedo;9.04
25086;Giovana Alves Rodrigues;9.56
26316;Luiza Pinto Barbosa;4.71
16772;Luis Lima Alves;3.29
19092;Luís Alves Azevedo;7.48
21947;João Costa Rodrigues;5.09
9277;Melissa Cardoso Barros;5.22
16296;Arthur Azevedo Ferreira;3.25
20133;Lara Ferreira Cardoso;4.47
5738;Eduardo Cunha Alves;7.80
10866;Mateus Almeida Barros;7.78
8091;Daniel Pereira Dias;2.97
12499;Beatriz Azevedo Araujo;4.69
14794;Vitor Rodrigues Almeida;8.12
13222;Mateus Rocha Sousa;0.41
17554;Gabrielly Melo Ribeiro;8.21
21001;Leila Carvalho Cunha;1.94
14641;Kauê Barbosa Fernandes;3.59
2465;Renan Goncalves Carvalho;1.09
8140;Luiz Souza Correia;4.26
14925;Beatriz Ferreira Souza;9.68
18268;Gustavo Barros Costa;9.92
9278;Sarah Castro Cardoso;9.13
25340;Estevan Ferreira Lima;1.40
9266;Yasmin Oliveira Sousa;2.59
5203;Igor Pereira Silva;4.43
3312;Isabelle Barros Martins;7.14
17790;Carolina Ferreira Araujo;5.73
24442;Lavinia Almeida Cunha;3.30
29486;Rebeca Goncalves Rodrigues;6.00
13215;Nicolash Pereira Barbosa;1.41
3461;Marina Correia Melo;5.87
7545;Gabriel Correia Martins;2.79
26573;Larissa Pereira Barbosa;1.00
8864;Laura Pereira Correia;8.49
9272;Luis Ferreira Castro;2.61
10099;Gabriela Cunha Alves;8.29
13239;Danilo Araujo Gomes;2.73
18475;Camila Castro Cardoso;3.87
20083;Evelyn Goncalves Ribeiro;7.98
14805;Luiza Rocha Dias;9.21
17971;André Cunha Martins;7.82
2377;Clara Pereira Ferreira;2.65
28889;Daniel Pinto Carvalho;2.14
3315;Guilherme Souza Lima;4.48
6706;Daniel Melo Santos;4.87
15536;Victor Almeida Azevedo;6.89
1181;Sofia Castro Pereira;1.95
22760;Isabella Ferreira Dias;1.17
24091;Erick Pinto Silva;5.02
9694;Yasmin Lima Goncalves;0.84
12089;Nicolash Fernandes Santos;0.02
5189;Nicolas Melo Oliveira;3.71
8922;Leila Oliveira Cardoso;8.64
15550;Guilherme Melo Azevedo;9.03
20402;Vitória Pinto Sousa;3.56
21461;Luiza Alves Cunha;6.84
8250;Tomás Costa Cunha;2.40
14105;Gabrielle Alves Pinto;5.67
3729;Letícia Lima Fernandes;0.15
18506;Sophia Carvalho Cardoso;9.78
18160;Otávio Correia Santos;6.19
11355;Vinícius Ferreira Rodrigues;4.34
23289;Leonor Costa Lima;3.23
28497;Enzo Rodrigues Rocha;6.19
12278;Melissa Pinto Melo;8.05
27820;Rodrigo Pinto Silva;5.30
3765;Eduardo Silva Silva;8.15
4280;Luana Ribeiro Carvalho;8.44
25458;Bruna Oliveira Ferreira;4.81
12543;Kauan Alves Costa;8.34
25973;Sophia Sousa Ferreira;7.67
8327;Miguel Santos Martins;3.65
16726;Vinicius Souza Santos;5.57
14190;Caio Cardoso Rocha;0.07
854;Vinicius Goncalves Cardoso;1.97
17379;Letícia Carvalho Correia;7.56
5969;Vitória Araujo Almeida;7.61
9013;Rafael Carvalho Rocha;1.98
2480;Melissa Almeida Correia;3.33
27982;Ágatha Ferreira Ferreira;8.89
29099;Samuel Lima Carvalho;8.55
20911;Erick Dias Goncalves;8.35
29603;José Santos Costa;0.75
5513;Arthur Alves Castro;5.42
28638;Marcos Rodrigues Almeida;5.55
223;Ágatha Barbosa Lima;8.61
9230;Vitória Silva Correia;0.34
10024;Miguel Rocha Pinto;6.30
20243;Victor Santos Sousa;5.90
28246;Laura Lima Castro;9.91
5756;Manuela Souza Martins;9.17
27872;Maria Barros Sousa;1.10
7598;Kauan Pereira Rodrigues;7.43
28693;Eduarda Souza Goncalves;6.28
28320;Sophia Araujo Rodrigues;0.43
4101;Mariana Barbosa Fernandes;0.58
22837;Victor Costa Goncalves;2.66
18235;Sarah Santos Azevedo;1.70
22965;Lara Azevedo Goncalves;1.56
21609;Gustavo Melo Silva;6.47
14963;Beatrice Martins Barros;1.78
25301;Victor Martins Cunha;0.47
23773;Felipe Ribeiro Ribeiro;5.72
25609;Rebeca Ribeiro Fernandes;3.94
13318;Gabriela Correia Cunha;0.81
20710;Paulo Goncalves Silva;2.56
4321;Guilherme Alves Silva;4.98
1933;Amanda Cardoso Cunha;5.23
5884;Emilly Lima Fernandes;1.53
14525;Tomás Martins Fernandes;0.56
21044;Leonardo Rodrigues Fernandes;5.64
1147;Emily Silva Ribeiro;1.50
25300;Tânia Rocha Castro;7.57
14837;Samuel Melo Ribeiro;0.56
13883;Diogo Souza Goncalves;9.23
6495;Marcos Ribeiro Souza;7.15
21925;Lucas Pereira Rodrigues;0.54
13911;Amanda Rocha Souza;5.26
23626;Luis Sousa Araujo;3.54
8474;Kaua Castro Fernandes;6.40
13223;Luis Costa Carvalho;1.60
12882;Sofia Cardoso Melo;2.20
24158;Victor Goncalves Oliveira;5.04
23183;Vitor Fernandes Carvalho;4.29
23128;Gustavo Rodrigues Gomes;8.46
15639;Luiza Martins Fernandes;0.22
1492;Rebeca Sousa Pereira;7.04
29614;Bruno Pinto Souza;0.28
17727;Vitór Rocha Azevedo;0.29
22314;Gabrielly Carvalho Rodrigues;0.06
12323;Daniel Santos Almeida;1.37
6974;Carlos Barros Barros;9.63
21496;Caio Castro Barros;8.89
16837;Melissa Costa Pinto;4.23
11690;Letícia Alves Rocha;3.67
17996;Aline Souza Silva;8.15
24318;Emilly Lima Cardoso;7.98
7938;Sophia Rocha Correia;2.95
11828;Clara Barros Rodrigues;7.73
26720;Camila Sousa Cavalcanti;2.58
23284;Thaís Almeida Souza;6.23
29239;Luana Martins Sousa;0.32
8772;Vinícius Souza Souza;9.99
667;Martim Souza Ribeiro;9.26
28124;Breno Cardoso Goncalves;0.35
26673;Sarah Melo Barbosa;0.36
17392;Carla Melo Dias;7.23
14187;Luis Cavalcanti Correia;7.98
26639;Nicolas Castro Azevedo;4.89
23723;Tânia Cardoso Ribeiro;2.47
16645;Alex Castro Ferreira;9.07
14485;Tomás Cardoso Castro;6.19
18998;Julieta Costa Souza;3.22
24949;Diogo Azevedo Santos;0.52
24822;Vinícius Rocha Costa;5.72
16133;Carolina Castro Silva;9.17
28643;Cauã Castro Pinto;6.49
6131;Luan Rodrigues Goncalves;0.93
19454;Ágatha Gomes Gomes;4.10
25955;Diego Goncalves Melo;9.24
5175;Pedro Rodrigues Santos;9.96
21499;Raissa Sousa Araujo;9.98
26549;Paulo Sousa Dias;8.80
2832;Ágatha Barros Lima;4.85
1919;Gabrielly Almeida Barbosa;5.08
2667;Aline Almeida Lima;8.65
24086;Isabella Costa Barbosa;4.65
25989;Vitór Azevedo Rocha;4.70
22197;Matheus Lima Goncalves;2.11
19126;Manuela Carvalho Martins;9.45
17693;Danilo Ferreira Pinto;1.07
920;Kauan Pereira Castro;1.55
25060;Douglas Melo Pereira;4.55
300;Mariana Correia Cavalcanti;9.76
17439;Cauã Almeida Rodrigues;4.56
12167;Isabelle Araujo Fernandes;0.60
9357;Breno Rodrigues Cavalcanti;4.70
17636;Matilde Goncalves Sousa;3.47
5629;Samuel Cunha Melo;0.63
14087;Guilherme Cunha Fernandes;1.27
5795;Fábio Ferreira Costa;2.82
16691;Carolina Cunha Cunha;3.41
5498;Vitoria Ferreira Cardoso;8.03
22586;João Cunha Cardoso;2.75
11834;Paulo Rodrigues Almeida;2.15
7456;Nicole Araujo Fernandes;9.89
22397;Erick Castro Ribeiro;9.68
19945;Nicolas Santos Rocha;9.20
25352;Guilherme Rodrigues Pinto;2.83
21892;Alex Dias Lima;7.63
14112;Julia Melo Pinto;3.34
15591;Caio Cardoso Santos;1.45
13114;Ana Gomes Oliveira;7.50
11778;Vitória Gomes Fernandes;1.00
3416;Rodrigo Silva Goncalves;1.82
28525;Gustavo Ferreira Pereira;5.89
4869;Raissa Pereira Dias;4.17
1076;Rodrigo Oliveira Ribeiro;0.17
6936;Clara Pereira Cavalcanti;8.43
20653;Carolina Cavalcanti Barbosa;6.65
21135;Diogo Barbosa Sousa;9.52
15683;Gabriela Fernandes Ribeiro;2.25
26609;Miguel Ribeiro Lima;6.62
12661;Gabriela Araujo Rocha;2.56
27616;Igor Oliveira Gomes;3.78
4912;Danilo Costa Carvalho;3.56
28783;Bruno Barros Carvalho;2.41
5613;Lucas Sousa Pereira;9.25
12208;Antônio Barbosa Barros;2.53
29805;Amanda Pereira Alves;7.49
25839;Yasmin Ribeiro Sousa;1.40
16868;Carla Lima Rodrigues;7.69
14749;Diego Castro Santos;3.95
11585;Rodrigo Almeida Santos;2.98
6618;Diogo Correia Santos;5.23
20939;Vinicius Gomes Ribeiro;8.34
16012;Leonor Melo Ferreira;6.42
3533;Nicolash Ferreira Carvalho;9.98
24164;Pedro Azevedo Pereira;1.80
20588;Eduarda Pinto Costa;3.06
22767;Manuela Castro Araujo;9.85
2996;Gabrielly Cunha Cavalcanti;8.97
19396;Manuela Carvalho Cunha;6.07
27171;Julieta Santos Martins;8.12
26826;Felipe Silva Gomes;2.96
21279;Davi Oliveira Cardoso;4.86
4834;Breno Pinto Melo;6.31
731;Tânia Cavalcanti Araujo;9.71
27156;André Rocha Azevedo;3.96
6205;Isabela Souza Silva;1.73
3669;Gabriela Carvalho Souza;8.14
18408;Vitória Alves Cunha;1.77
21128;Livia Cunha Pereira;8.61
8507;Carlos Souza Azevedo;1.73
22213;Nicolas Ribeiro Gomes;2.42
8211;Carolina Alves Melo;1.34
11660;Laura Lima Cavalcanti;8.99
3976;Emily Correia Rodrigues;1.75
22375;Douglas Azevedo Pereira;0.79
22699;Bruno Gomes Azevedo;3.57
5155;Tomás Cavalcanti Santos;6.80
16110;Ana Dias Correia;1.01
2406;Pedro Silva Cavalcanti;6.48
23819;Beatriz Rocha Souza;5.29
1024;Matheus Correia Cunha;1.53
3013;Vitoria Ferreira Barbosa;8.02
8149;Júlio Lima Gomes;6.70
29149;Rafaela Rodrigues Almeida;8.69
993;Isabella Azevedo Oliveira;2.56
27125;Rebeca Sousa Cardoso;4.41
8829;Beatriz Souza Rocha;3.96
1006;Marcos Fernandes Rocha;0.26
1054;Thaís Gomes Almeida;4.46
27273;Brenda Carvalho Melo;2.93
26777;Lucas Cunha Carvalho;5.84
14352;Felipe Correia Silva;8.36
28501;Eduardo Rocha Lima;5.66
1274;Kauã Ferreira Costa;2.17
14516;Vitoria Almeida Souza;6.71
25895;Livia Sousa Pinto;3.04
16245;Matilde Silva Pinto;0.23
20652;Tomás Martins Santos;9.84
18081;Luiz Barros Souza;3.55
17416;Felipe Araujo Carvalho;9.24
24720;Carlos Correia Goncalves;2.86
20412;Diogo Barbosa Lima;9.51
1491;Anna Correia Ferreira;2.56
19935;Rodrigo Dias Melo;9.32
8085;Pedro Correia Almeida;7.00
24588;Bruno Gomes Cardoso;4.45
17690;Júlia Santos Rodrigues;8.92
2967;Gustavo Cavalcanti Sousa;4.73
13882;Rebeca Araujo Rocha;0.89
2695;Melissa Dias Oliveira;4.78
29684;Tânia Correia Rocha;6.57
10409;Julian Rodrigues Cunha;0.08
11405;Kauan Rodrigues Lima;0.29
9467;Mateus Azevedo Lima;5.94
3304;Eduardo Barbosa Cunha;1.80
20561;Julian Barros Gomes;6.98
6998;Caio Barros Almeida;8.84
20783;Diogo Castro Melo;9.91
26630;Luis Cavalcanti Ferreira;3.95
1173;Fernanda Cavalcanti Dias;3.70
10162;Giovana Correia Lima;5.46
385;Arthur Santos Martins;5.90
16626;Evelyn Dias Silva;7.14
13045;Emilly Azevedo Cavalcanti;4.98
10590;Emily Cardoso Goncalves;3.61
7301;Paulo Souza Pinto;3.10
4055;Ágatha Almeida Melo;4.84
18514;Fernanda Pinto Barbosa;0.72
10037;Bruna Lima Santos;2.94
23423;Yasmin Ribeiro Martins;4.33
13292;Cauã Cunha Oliveira;0.88
5054;Luis Alves Ribeiro;8.16
7860;Kaua Goncalves Costa;7.54
23956;Leila Cunha Cardoso;1.57
11998;Estevan Ferreira Rodrigues;5.14
370;Nicolash Almeida Pereira;4.56
4692;Kaua Barbosa Cunha;8.57
9485;Camila Cardoso Souza;2.93
7787;Brenda Martins Correia;6.30
12540;Tiago Carvalho Carvalho;4.83
13289;Lavinia Dias Martins;0.96
16754;Douglas Silva Castro;7.72
20511;Lara Cavalcanti Barros;9.20
29394;Luiza Rocha Lima;7.41
9279;Ágatha Ribeiro Ferreira;4.52
8605;Gabriel Melo Oliveira;0.45
4246;Beatrice Castro Rocha;4.43
21337;Caio Araujo Rodrigues;9.32
29666;Marina Rodrigues Pereira;5.83
22043;Sophia Dias Azevedo;7.81
2166;Evelyn Silva Cavalcanti;5.06
29991;Giovanna Correia Fernandes;9.72
16672;Luiza Pinto Carvalho;8.91
7659;Nicolas Melo Martins;0.81
26824;Vitór Lima Dias;5.72
28780;Isabela Ferreira Cunha;9.83
16714;Kauan Melo Rocha;9.03
21230;Tiago Martins Alves;8.36
25066;Tânia Melo Azevedo;5.09
7879;Kauan Costa Cardoso;2.35
1443;Thaís Almeida Rocha;2.37
11386;Gabriela Correia Souza;7.97
3555;Júlio Barros Goncalves;3.37
15709;Ágatha Melo Almeida;6.54
1816;Erick Cunha Goncalves;3.13
6912;Samuel Goncalves Rocha;4.25
336;Marisa Barros Melo;0.70
22458;Evelyn Barros Sousa;6.74
11952;Tomás Alves Dias;5.63
11640;Tiago Silva Pinto;1.83
28790;José Azevedo Araujo;3.80
17056;Amanda Sousa Costa;5.31
26216;Thaís Rocha Castro;6.32
24099;Cauã Souza Cunha;9.91
13209;Tomás Gomes Carvalho;8.26
28965;Vinícius Gomes Correia;1.17
8445;Renan Rodrigues Martins;4.64
28170;Raissa Cunha Martins;4.14
27313;Luan Azevedo Costa;5.91
7868;Gabriela Pereira Almeida;4.27
19630;Pedro Pereira Cavalcanti;8.97
11406;Mateus Silva Cardoso;1.29
17945;Vinícius Sousa Goncalves;7.08
14209;Clara Dias Araujo;5.17
22391;Leila Lima Barros;9.44
18142;Rebeca Costa Araujo;9.15
22051;Camila Rodrigues Goncalves;5.62
24305;Davi Rodrigues Gomes;0.28
5424;Eduardo Silva Azevedo;7.29
27655;Vinicius Araujo Gomes;0.51
5814;Rafael Costa Silva;8.07
22100;Gabrielle Ribeiro Goncalves;7.43
23944;Larissa Goncalves Barbosa;5.07
25142;Laura Costa Barros;1.78
196;Thiago Souza Ferreira;7.18
23166;Ágatha Ferreira Oliveira;7.54
9575;Larissa Castro Correia;9.77
12852;Felipe Pereira Goncalves;7.39
5228;Larissa Araujo Ferreira;7.33
12565;Gabrielle Cunha Cardoso;7.23
19490;Paulo Fernandes Sousa;5.85
20852;Vitoria Costa Carvalho;1.57
2095;Cauã Cavalcanti Castro;1.72
27867;Otávio Castro Alves;3.33
26098;Gustavo Barbosa Melo;6.02
22478;Gabrielle Pinto Souza;1.83
4002;Antônio Gomes Barbosa;6.29
14946;Nicolash Goncalves Pinto;4.46
18785;Kaua Cavalcanti Sousa;0.01
27984;Renan Dias Correia;0.09
9151;Nicolas Correia Barros;3.21
18148;Tiago Carvalho Alves;7.92
26472;João Barbosa Santos;6.58
15282;Carlos Castro Goncalves;5.95
21868;Luan Cavalcanti Lima;6.89
7378;Nicolas Souza Carvalho;3.82
1701;Vitória Pereira Pereira;4.19
17947;Aline Sousa Alves;6.72
3349;Matheus Ribeiro Barros;6.93
7269;Renan Oliveira Pereira;6.22
14156;Eduarda Ribeiro Pinto;7.87
28918;Lucas Pereira Azevedo;2.00
29111;Gustavo Rodrigues Oliveira;6.36
16394;Douglas Carvalho Ribeiro;5.37
11333;Vitor Costa Carvalho;2.84
19035;Júlio Gomes Correia;9.40
13297;Amanda Carvalho Carvalho;3.12
23488;Brenda Barros Martins;3.37
14536;Luiza Rodrigues Cunha;5.81
29811;Luiz Lima Correia;6.74
24011;Raissa Rocha Rodrigues;2.35
17733;Lavinia Correia Ferreira;2.53
22954;Breno Correia Almeida;8.67
27734;Ryan Rodrigues Cavalcanti;4.82
8877;Matilde Oliveira Ribeiro;9.03
9026;Melissa Almeida Correia;7.59
10510;Yasmin Souza Barbosa;9.39
18181;Clara Ferreira Cunha;2.48
22706;José Cavalcanti Santos;5.37
11706;Luis Rodrigues Ferreira;8.36
18073;Larissa Cardoso Barros;3.82
13799;Sophia Martins Costa;5.30
18890;Kauê Castro Lima;3.53
13004;Gabrielle Barros Castro;4.09
25110;Rebeca Dias Gomes;2.74
1440;Rafael Goncalves Barros;6.20
16682;Lavinia Rocha Araujo;0.89
1025;Larissa Almeida Costa;0.70
28353;Nicolas Rodrigues Castro;6.61
1194;Larissa Oliveira Cavalcanti;9.61
19928;Rafael Martins Gomes;2.66
15066;Livia Martins Rocha;4.40
4378;Raissa Rodrigues Oliveira;8.73
28356;Thaís Gomes Ribeiro;3.38
4572;Gabriel Azevedo Santos;8.90
18711;José Barbosa Cardoso;5.47
21225;Beatriz Araujo Lima;8.79
6522;Otávio Martins Ferreira;2.38
28064;Nicole Ferreira Ferreira;9.03
24170;Giovanna Rodrigues Silva;7.58
3618;Luis Azevedo Rocha;2.18
29789;Tomás Araujo Pinto;2.48
26235;Leila Dias Ribeiro;6.80
29101;Pedro Santos Rodrigues;8.53
18283;Vitór Barros Rodrigues;3.65
22682;Yasmin Rocha Silva;8.01
16819;Diogo Cunha Rocha;5.14
8361;Joao Araujo Ferreira;9.42
22412;Danilo Azevedo Pereira;7.54
5741;Maria Carvalho Alves;2.45
19140;Gabriel Cavalcanti Santos;7.84
13443;Danilo Santos Correia;1.12
18201;Pedro Pinto Carvalho;8.88
27803;Tânia Azevedo Castro;4.74
24474;Nicole Carvalho Costa;7.21
13324;Guilherme Oliveira Rodrigues;9.46
24771;Guilherme Fernandes Lima;2.78
5149;Luís Silva Costa;4.08
17687;Lavinia Melo Oliveira;0.57
24154;Gabrielle Castro Carvalho;0.18
775;Bruna Correia Goncalves;3.54
12781;Bruna Martins Castro;3.48
22189;Lavinia Martins Araujo;3.06
28212;Gabrielly Sousa Fernandes;3.78
7337;Eduarda Cavalcanti Gomes;7.43
19858;Thiago Ferreira Souza;9.21
21368;Julian Dias Correia;3.66
5587;Diego Almeida Azevedo;6.88
12350;Camila Barros Araujo;7.23
27097;Enzo Barros Cunha;6.26
645;Joao Fernandes Carvalho;4.74
9383;Rafaela Correia Oliveira;5.29
22714;Manuela Barros Silva;3.24
28040;Nicole Barbosa Barros;9.85
12880;Evelyn Ferreira Cavalcanti;9.88
3076;Eduardo Dias Alves;6.27
10214;Luiza Ribeiro Gomes;3.59
27342;Pedro Alves Ferreira;1.21
27761;Miguel Pereira Melo;0.91
21949;Otávio Dias Cardoso;9.16
27768;Davi Correia Azevedo;2.80
3929;Rafaela Cavalcanti Cardoso;3.82
13629;Yasmin Carvalho Goncalves;0.15
21373;Luís Ferreira Gomes;5.17
29055;Igor Azevedo Gomes;8.14
9834;Davi Cunha Barbosa;3.55
25114;Alice Barbosa Cunha;0.84
25562;Marcos Cavalcanti Dias;7.76
23037;Kaua Ribeiro Cunha;9.80
16235;Thiago Rocha Rodrigues;3.86
11792;Anna Ribeiro Goncalves;2.91
5165;Caio Santos Goncalves;8.55
3650;Thiago Rocha Barros;4.29
21997;Maria Lima Ferreira;5.31
22124;Gabrielly Carvalho Barbosa;5.77
24204;Otávio Souza Rocha;8.19
1455;Thaís Cardoso Sousa;9.25
6605;Carlos Pinto Barros;5.73
13527;Estevan Costa Oliveira;3.11
5439;Yasmin Cardoso Rocha;0.69
20224;Clara Almeida Cavalcanti;7.01
8580;Larissa Cunha Gomes;1.43
27264;Raissa Pereira Rodrigues;3.81
18783;Luiz Rodrigues Dias;0.56
3953;Evelyn Castro Castro;3.64
29245;Carolina Correia Alves;3.77
10465;Carla Rocha Dias;8.93
9053;Thaís Oliveira Oliveira;7.81
11722;Igor Melo Carvalho;4.77
18854;Lucas Castro Ribeiro;4.61
24436;José Dias Carvalho;6.58
27017;Kauã Cavalcanti Carvalho;4.72
18480;Tânia Barbosa Costa;2.27
1693;Rodrigo Dias Correia;0.88
15891;Marisa Lima Fernandes;5.09
6711;Rafael Carvalho Pereira;3.66
12296;Aline Alves Goncalves;8.73
18856;José Rodrigues Barros;3.04
7478;Felipe Oliveira Cunha;1.78
28895;José Sousa Correia;8.65
849;Sophia Ferreira Rocha;8.35
22619;Tânia Martins Pereira;4.97
17516;Gabrielly Carvalho Cunha;3.96
5984;Vitória Alves Sousa;5.64
23436;Júlio Alves Oliveira;4.46
19030;Rafaela Cardoso Souza;5.12
20629;Martim Azevedo Rocha;8.62
4146;Paulo Lima Alves;0.47
26059;Lavinia Almeida Azevedo;5.95
21829;André Almeida Goncalves;5.69
6993;Giovanna Barros Castro;0.78
28673;Fábio Gomes Castro;6.68
11316;Miguel Fernandes Correia;8.95
15180;Rebeca Alves Azevedo;7.76
3511;Sarah Costa Fernandes;0.89
5579;Mariana Silva Sousa;1.75
9904;João Pereira Dias;2.79
4695;Isabelle Oliveira Gomes;7.71
19164;Murilo Silva Pereira;3.13
3252;Martim Correia Martins;3.76
13263;Aline Azevedo Ferreira;3.89
9547;Gabrielly Melo Oliveira;3.09
27102;Thaís Barbosa Fernandes;5.86
4416;Bianca Alves Araujo;6.15
25215;André Correia Martins;7.74
25663;Leila Araujo Barbosa;3.37
5724;Mateus Pinto Goncalves;6.51
5625;Eduardo Cunha Barbosa;2.55
1705;Rebeca Martins Cardoso;1.69
13574;Pedro Gomes Costa;4.49
17543;Livia Barbosa Cunha;3.75
5762;Fernanda Martins Melo;7.07
4913;Kaua Barros Alves;7.57
27394;Vitór Goncalves Ribeiro;0.29
18655;Beatriz Rodrigues Silva;9.78
28488;Kauã Azevedo Dias;2.72
5343;Thiago Castro Azevedo;9.26
16518;Diego Castro Goncalves;0.89
3866;Larissa Gomes Barbosa;2.48
13156;Vinícius Ribeiro Rodrigues;4.05
1269;Carla Gomes Costa;9.65
959;Sarah Fernandes Pinto;1.39
26880;Arthur Azevedo Fernandes;0.94
13692;Victor Martins Azevedo;0.72
29480;Felipe Barros Pereira;4.88
12128;Eduarda Oliveira Melo;6.94
16040;Julian Correia Cardoso;5.23
29508;Emilly Melo Rodrigues;4.17
27469;Manuela Araujo Barbosa;2.72
5988;Fábio Ribeiro Martins;1.93
4074;Diego Costa Cunha;8.32
7538;Amanda Santos Cardoso;7.97
1109;Eduarda Barros Ribeiro;0.83
20805;Matilde Carvalho Pinto;3.32
10030;Leonardo Martins Carvalho;4.21
8921;Diogo Castro Dias;9.45
4201;Giovanna Carvalho Melo;5.92
27098;Matilde Araujo Pinto;2.06
290;Lara Ferreira Azevedo;3.83
2888;Matheus Azevedo Castro;4.50
20072;Gabrielly Rodrigues Martins;3.22
26745;Julia Cavalcanti Araujo;4.15
26388;Luan Melo Dias;2.68
2611;Rebeca Lima Silva;5.97
25081;Antônio Barbosa Castro;8.10
13664;Kauê Barros Silva;8.51
10456;Emily Goncalves Souza;1.01
4458;Amanda Santos Castro;6.90
800;Arthur Costa Cavalcanti;0.04
17180;Arthur Fernandes Castro;7.04
15690;Giovana Goncalves Correia;1.65
7783;Anna Dias Dias;5.59
3003;Carolina Cavalcanti Rodrigues;2.45
22253;Lucas Azevedo Souza;0.95
22775;Thaís Ferreira Pinto;9.87
18000;Alex Pinto Barbosa;2.59
27873;Raissa Araujo Cavalcanti;4.39
26819;Igor Silva Gomes;3.92
12411;Mateus Almeida Sousa;6.39
14162;Ana Costa Oliveira;9.98
20413;Laura Silva Barbosa;3.69
15825;Júlia Almeida Costa;2.85
1153;Vitoria Pereira Cardoso;1.18
17144;Thaís Goncalves Gomes;1.13
9580;Vitor Rodrigues Souza;0.55
5137;Isabella Santos Lima;9.26
25188;Tânia Lima Silva;3.47
6022;Paulo Cunha Melo;3.19
21472;Thiago Barros Rocha;9.15
11738;Julia Ribeiro Melo;7.56
16649;Antônio Rodrigues Cavalcanti;1.88
26674;Diego Melo Fernandes;6.63
20376;Gabrielly Barbosa Costa;1.54
6309;José Souza Melo;5.85
9442;Thiago Silva Souza;4.73
20313;Raissa Fernandes Dias;6.86
12080;Rodrigo Fernandes Dias;9.35
7619;Nicolash Rocha Santos;8.48
12760;Beatriz Fernandes Cavalcanti;6.33
25381;Maria Dias Fernandes;3.34
20572;Yasmin Pinto Alves;1.91
15087;Luis Araujo Araujo;3.12
12193;Larissa Alves Alves;0.26
4527;Luiz Ferreira Barbosa;0.92
7034;Manuela Ferreira Araujo;5.23
8401;Eduardo Ferreira Cunha;8.96
7987;Caio Sousa Araujo;0.99
3350;Martim Goncalves Alves;9.05
13074;Joao Ribeiro Lima;9.42
10404;Murilo Ferreira Barbosa;4.52
9966;Julian Cunha Cavalcanti;2.90
18657;Livia Dias Barbosa;7.64
7212;Erick Goncalves Silva;5.90
25107;Luís Cavalcanti Cavalcanti;0.58
10445;Luiz Lima Fernandes;5.54
4579;Giovana Almeida Barbosa;9.42
26064;Samuel Carvalho Ferreira;5.93
18751;Lucas Fernandes Cunha;7.53
2855;Beatrice Costa Dias;1.06
17344;Pedro Rocha Rocha;6.41
22588;Guilherme Pereira Correia;0.75
21791;Igor Dias Cardoso;5.17
9868;Kauê Santos Cavalcanti;3.72
25803;Fernanda Melo Ferreira;8.22
14695;Rafaela Pinto Costa;1.77
27227;Luan Lima Cardoso;0.07
22294;Marisa Melo Souza;5.22
1599;Bruna Costa Almeida;4.23
25096;Melissa Oliveira Melo;1.08
29092;Nicole Gomes Gomes;6.20
22220;Pedro Ferreira Lima;9.05
21923;Rafael Araujo Gomes;3.07
12521;Antônio Almeida Cavalcanti;5.07
10205;Lara Rocha Rodrigues;8.11
3804;Miguel Rodrigues Correia;6.01
10140;Sarah Santos Martins;0.52
15513;Matheus Silva Barbosa;8.31
15390;Carlos Ferreira Barbosa;9.03
13995;Rafael Araujo Pereira;7.95
5108;Douglas Pinto Barros;0.52
432;Alex Carvalho Ferreira;6.40
15157;Davi Rocha Costa;5.99
19257;Marina Correia Pinto;7.90
10515;Estevan Araujo Melo;0.20
28873;Letícia Castro Pereira;3.40
9782;Luana Goncalves Rodrigues;9.56
26140;Ágatha Lima Gomes;9.94
17953;Igor Almeida Almeida;4.19
27576;Lavinia Alves Cunha;1.85
12497;Raissa Santos Goncalves;3.38
6082;Danilo Araujo Fernandes;2.97
9594;Vinicius Martins Dias;2.17
11767;Eduarda Castro Ferreira;0.05
28385;Luis Almeida Costa;7.32
7590;Ana Azevedo Barros;1.13
14125;Gabriel Rocha Cavalcanti;5.29
13034;Leonor Rocha Ribeiro;7.34
27854;Fábio Silva Almeida;7.35
13929;Amanda Azevedo Pinto;5.91
1793;Leonor Cavalcanti Pereira;7.76
29472;Gabriel Cardoso Silva;0.89
10243;Leonor Costa Barros;0.85
18587;Giovana Araujo Pereira;10.00
6591;Tomás Pereira Oliveira;7.17
2572;Carla Ribeiro Rodrigues;5.83
7560;Anna Barros Araujo;1.65
7415;Thiago Barbosa Dias;8.83
6933;Danilo Cardoso Carvalho;4.46
26993;Tânia Dias Carvalho;2.72
24866;Rafaela Ferreira Fernandes;3.48
29977;Luis Alves Cardoso;8.04
10689;Diego Araujo Melo;2.62
21036;Thiago Silva Oliveira;7.68
16087;Julia Alves Martins;4.88
11650;Rodrigo Silva Souza;2.72
20536;Douglas Rodrigues Barros;2.24
17157;Matheus Cavalcanti Goncalves;4.71
19997;Gabrielle Cavalcanti Castro;6.58
22522;Luiz Fernandes Oliveira;0.21
25751;Nicolash Rodrigues Souza;1.01
25948;Leonor Dias Santos;9.96
9276;Tânia Ribeiro Correia;5.96
12050;Gustavo Souza Souza;0.29
21549;Miguel Silva Barros;4.58
3372;Thaís Oliveira Cardoso;2.81
8010;Julia Rocha Cunha;5.64
1704;Martim Barros Rodrigues;7.73
16095;Giovana Santos Cavalcanti;1.14
11880;Enzo Rocha Oliveira;5.38
21381;Brenda Ribeiro Sousa;4.37
6767;Rebeca Santos Gomes;6.11
14378;Marina Souza Goncalves;2.71
11514;Laura Rocha Oliveira;8.49
8908;Felipe Martins Alves;7.08
24192;Luiza Pereira Araujo;0.45
8467;Sophia Dias Ferreira;5.15
12005;Gabrielly Ribeiro Costa;2.76
9948;Luana Ribeiro Pinto;0.83
22858;Ágatha Cunha Barros;7.55
10461;Otávio Barbosa Gomes;6.60
23643;Gustavo Barbosa Cunha;9.45
23170;Luan Oliveira Pereira;2.73
10943;Kauê Rocha Alves;2.28
4046;Igor Araujo Rocha;4.49
18405;Nicolash Santos Ribeiro;6.60
13017;Nicole Cavalcanti Rodrigues;9.11
8318;Marisa Pinto Gomes;4.09
29541;Beatriz Lima Martins;3.68
4501;Beatriz Rodrigues Sousa;0.58
5144;Matilde Souza Cardoso;8.26
15930;Vinicius Cavalcanti Souza;7.16
21226;Julia Pereira Sousa;2.20
29675;Fábio Araujo Pinto;9.77
9718;Paulo Goncalves Silva;1.91
25864;Luis Sousa Barbosa;6.96
4328;Cauã Rocha Rocha;9.30
10462;Rodrigo Barros Santos;9.42
20298;Marina Rodrigues Pereira;5.37
11122;Daniel Barros Cardoso;9.69
19331;Arthur Correia Rocha;8.64
14644;Eduardo Goncalves Ferreira;3.98
570;Giovana Azevedo Goncalves;0.06
10948;Fábio Cunha Sousa;5.89
935;Igor Silva Almeida;4.38
21393;Nicolash Carvalho Ferreira;6.94
18347;Mariana Goncalves Fernandes;2.86
25045;Luana Souza Sousa;1.12
16092;Larissa Pinto Santos;5.66
9393;Miguel Cunha Cunha;9.85
708;Bianca Alves Alves;4.06
20745;Gabrielle Carvalho Cunha;4.85
6143;José Cavalcanti Carvalho;0.88
14871;Estevan Cunha Goncalves;0.28
19078;Daniel Araujo Barbosa;4.83
29759;Victor Barbosa Cunha;1.77
23317;Melissa Gomes Ribeiro;3.93
6166;Julia Correia Almeida;2.78
4766;Sophia Rocha Costa;3.03
24594;Rafael Cardoso Souza;0.77
27322;Thiago Alves Cavalcanti;5.06
26406;Rafaela Araujo Cardoso;6.80
7348;Luana Lima Azevedo;7.64
18433;Cauã Oliveira Alves;0.32
15258;Martim Barbosa Goncalves;4.63
6601;Pedro Almeida Sousa;2.86
27931;Sophia Gomes Araujo;0.10
1277;Vitória Silva Araujo;6.27
8768;Vitor Araujo Dias;7.73
29189;Gabriela Araujo Cardoso;4.78
11486;Emilly Dias Martins;0.90
5298;Pedro Ribeiro Costa;6.29
28382;André Fernandes Martins;6.59
15796;Beatriz Pinto Fernandes;4.51
862;Luan Ferreira Rodrigues;5.14
7727;Gustavo Lima Barbosa;7.80
29400;Júlia Melo Santos;3.89
25405;Rafael Ferreira Azevedo;6.10
2608;Leila Araujo Martins;3.62
13229;Vinícius Barbosa Melo;3.66
10454;Larissa Fernandes Barros;8.47
16883;Aline Castro Fernandes;4.99
20410;Emily Rocha Goncalves;9.09
19683;Leonardo Pereira Barros;8.99
26176;Kai Ferreira Martins;8.89
12051;Paulo Alves Cardoso;7.16
7829;Felipe Cavalcanti Carvalho;3.54
3398;Murilo Sousa Gomes;4.65
17740;Luana Cardoso Silva;3.71
22494;Paulo Souza Almeida;5.46
27534;Isabelle Cunha Araujo;7.65
12171;Thiago Cardoso Barros;5.69
26644;Cauã Pinto Lima;3.62
22952;Matheus Sousa Correia;0.90
24201;Felipe Rocha Lima;9.99
1971;Camila Azevedo Correia;0.28
14795;Julia Almeida Martins;8.39
6423;Vinícius Azevedo Castro;8.30
10599;Yasmin Lima Cavalcanti;3.66
722;Mateus Gomes Cunha;3.39
24644;Clara Souza Barbosa;0.54
19421;Emilly Lima Melo;3.09
3794;Mariana Carvalho Pereira;5.02
116;Manuela Rodrigues Oliveira;4.99
7175;Breno Ferreira Ferreira;8.87
14801;Miguel Correia Ribeiro;2.19
12644;Luiz Gomes Cardoso;2.68
21910;André Oliveira Lima;2.71
23684;Camila Barbosa Pereira;9.97
22644;Emilly Oliveira Oliveira;8.80
19166;Anna Alves Silva;8.52
1133;Miguel Costa Santos;8.28
11423;Carolina Fernandes Correia;4.98
12112;Marcos Oliveira Souza;9.96
10261;Júlio Castro Carvalho;0.69
23906;Bianca Ribeiro Pereira;5.77
25571;Sarah Rocha Barbosa;5.61
24990;Marisa Santos Castro;9.25
21763;Tiago Gomes Rocha;4.01
4687;Caio Melo Silva;2.56
12283;Gabriela Alves Sousa;4.53
16060;Leila Sousa Barros;2.33
1747;Douglas Rocha Azevedo;1.69
2232;Marina Carvalho Almeida;5.28
4537;Marcos Rocha Cardoso;3.85
25475;Felipe Cunha Barbosa;1.86
27101;Murilo Ribeiro Araujo;4.89
9625;Renan Costa Ribeiro;0.11
9962;Caio Rocha Azevedo;1.27
24480;Leila Rocha Cavalcanti;9.43
352;Mateus Ferreira Ribeiro;4.27
29286;Giovana Santos Melo;2.81
9739;Tomás Oliveira Ribeiro;3.97
19967;Yasmin Cunha Fernandes;5.72
11087;Mateus Lima Martins;3.04
12854;Bruna Melo Fernandes;9.53
11077;Rafaela Oliveira Dias;8.09
3413;Kaua Barros Melo;8.37
7091;Matilde Gomes Pereira;5.93
6353;Sarah Pereira Rodrigues;3.72
18585;Rafael Barbosa Cavalcanti;3.32
6249;Lucas Costa Araujo;7.70
10405;Matheus Cunha Pereira;0.86
6658;Clara Dias Melo;8.60
2499;Renan Rodrigues Azevedo;0.47
22506;Carolina Gomes Goncalves;4.01
17100;Carla Pinto Lima;4.65
5408;Bianca Pereira Barbosa;4.30
14110;Anna Almeida Barros;6.28
904;Caio Melo Castro;7.61
17064;Eduardo Cavalcanti Melo;2.97
25191;Davi Rocha Cardoso;2.22
10232;Ágatha Carvalho Carvalho;0.67
5000;Alex Araujo Ribeiro;6.15
21428;Renan Lima Araujo;1.87
26236;Giovana Azevedo Fernandes;0.82
16949;Manuela Pereira Martins;1.26
21087;Ana Araujo Gomes;7.66
4776;Vitór Melo Barbosa;9.23
16472;Kai Barbosa Fernandes;8.41
8451;Kai Ferreira Melo;1.92
15760;Rebeca Rodrigues Cunha;3.48
9418;Breno Santos Ferreira;6.64
4278;Alice Lima Sousa;2.50
20612;Otávio Correia Ribeiro;6.71
957;Júlio Goncalves Melo;8.93
27765;Luis Lima Almeida;0.53
23897;Mariana Oliveira Melo;7.18
28785;Luís Santos Ribeiro;1.54
15745;Beatrice Ferreira Pereira;4.46
4825;Carlos Barbosa Cunha;1.27
27526;Danilo Ferreira Cavalcanti;5.27
6256;Carolina Barros Martins;3.36
18763;Enzo Gomes Fernandes;9.20
21700;Gabriela Martins Martins;7.53
7433;Daniel Rocha Alves;3.70
14127;Lara Pereira Ribeiro;5.66
29589;Vinicius Barbosa Pereira;3.48
6881;Vitór Oliveira Souza;8.16
7276;Ágatha Araujo Cardoso;9.23
21855;Beatriz Ribeiro Pinto;8.68
7702;Julia Cunha Oliveira;6.10
21718;Clara Gomes Silva;9.16
2976;Carla Araujo Dias;2.91
14909;Rafael Cavalcanti Barbosa;6.82
28877;Diego Oliveira Melo;1.82
8269;Arthur Almeida Correia;3.42
1817;Julian Cavalcanti Ferreira;9.07
11259;Pedro Correia Silva;4.48
29866;Camila Pereira Lima;0.03
13336;Letícia Gomes Santos;9.52
27671;Diego Goncalves Cunha;1.29
24439;Igor Silva Souza;1.84
2534;Tânia Cavalcanti Gomes;9.78
4637;Caio Melo Melo;6.12
8944;Leonardo Azevedo Almeida;2.88
697;Carla Ferreira Cunha;5.23
26459;Beatrice Goncalves Gomes;5.64
398;Luan Correia Rocha;1.56
7177;Bruno Araujo Oliveira;7.42
26262;Danilo Araujo Ribeiro;1.64
8627;Matilde Souza Santos;2.64
10038;Victor Araujo Azevedo;2.32
29751;Maria Silva Pereira;6.95
7169;Amanda Dias Martins;0.73
16041;Victor Almeida Oliveira;9.64
24508;Júlia Cardoso Gomes;5.92
28892;Tiago Silva Almeida;5.28
20688;Pedro Melo Santos;6.65
10791;Camila Martins Souza;0.48
6653;Aline Melo Sousa;1.92
6074;Diogo Dias Cunha;4.46
28240;André Correia Martins;1.02
14974;Diego Cardoso Correia;4.22
14657;Julian Rodrigues Martins;8.35
11740;Luis Alves Dias;1.93
13048;Joao Almeida Costa;4.64
28888;Brenda Cavalcanti Pinto;0.61
28332;Luís Pereira Araujo;8.67
6652;Aline Cunha Oliveira;7.14
28058;Renan Lima Souza;7.47
8417;Rafaela Costa Cavalcanti;8.21
4806;Kauan Araujo Souza;7.85
29336;Júlio Ferreira Almeida;2.15
14538;Maria Cardoso Araujo;3.82
6157;Marina Barbosa Carvalho;2.93
17493;Kaua Araujo Araujo;1.15
23429;Gabriela Pinto Silva;0.87
183;Daniel Cunha Costa;0.07
13463;Rafaela Costa Azevedo;8.05
15894;Yasmin Cardoso Melo;0.59
6083;Kaua Sousa Castro;5.05
21977;Arthur Carvalho Fernandes;7.13
3767;Bianca Martins Barros;9.29
15130;Kai Rodrigues Ferreira;9.22
21392;Evelyn Silva Araujo;6.31
14357;Evelyn Rodrigues Pinto;6.35
23888;Fernanda Azevedo Castro;2.49
2328;Julian Santos Pinto;4.06
20743;Ryan Barros Carvalho;5.47
14466;Alice Almeida Souza;5.11
16956;Letícia Ferreira Ferreira;2.19
13410;Leonardo Carvalho Melo;7.18
9815;Joao Pereira Cunha;5.06
14815;Miguel Correia Goncalves;0.24
2237;João Araujo Almeida;5.54
5929;Carla Rocha Costa;1.46
3811;Nicolash Carvalho Costa;4.77
25997;Emilly Cunha Almeida;5.43
16873;Erick Santos Martins;8.56
6540;Cauã Gomes Barbosa;3.94
19;Breno Souza Alves;3.31
25648;Douglas Almeida Oliveira;0.18
16219;José Rodrigues Barros;6.92
737;Mariana Costa Fernandes;7.12
20257;Carla Costa Gomes;4.38
8618;Bruno Costa Silva;9.12
11036;Gabrielle Pereira Alves;6.83
13817;Isabella Ferreira Almeida;9.36
21866;Clara Castro Castro;8.99
185;Carlos Oliveira Carvalho;5.28
19671;Vitória Souza Ferreira;7.21
8205;Giovana Rocha Cavalcanti;5.46
20763;Lucas Carvalho Souza;5.84
6421;Clara Correia Barbosa;3.10
1340;Cauã Costa Santos;2.46
14846;Thiago Souza Lima;8.40
9057;André Ferreira Fernandes;7.08
17939;Julia Correia Dias;6.17
28775;Carlos Gomes Sousa;4.35
10564;Giovana Pinto Dias;2.42
26089;Vinicius Oliveira Almeida;1.25
8012;Vitória Ribeiro Gomes;0.07
23485;Júlio Azevedo Lima;4.58
3297;Melissa Lima Barros;3.44
21262;Marisa Silva Correia;3.38
407;Luana Cardoso Santos;7.03
7682;Eduardo Castro Rocha;5.24
12864;Gabrielly Correia Pereira;6.62
2323;Antônio Araujo Fernandes;1.40
29834;Bruno Dias Souza;2.81
20409;Alex Silva Oliveira;0.43
4903;Rodrigo Silva Melo;6.83
21357;Vitór Alves Sousa;5.08
15703;Eduardo Pinto Oliveira;3.45
20886;Douglas Pereira Oliveira;8.84
949;Gabrielle Dias Rodrigues;8.42
3981;Gabriela Fernandes Castro;0.28
10373;Joao Santos Dias;9.91
8820;Isabella Melo Almeida;7.28
22000;Matheus Gomes Cardoso;5.57
29999;Emily Cardoso Goncalves;1.10
28266;Antônio Azevedo Gomes;0.12
13665;Tânia Rodrigues Costa;3.89
12084;Bruna Costa Cunha;6.16
27506;Julia Castro Gomes;3.14
11166;Bruno Pinto Goncalves;8.68
27808;Júlio Carvalho Gomes;2.39
25664;Laura Costa Araujo;9.10
15334;Luiza Oliveira Cardoso;1.79
22013;Diogo Gomes Barbosa;9.94
1565;Igor Carvalho Ribeiro;7.88
13008;Maria Cunha Souza;4.11
5243;Kauê Sousa Castro;8.54
15582;Paulo Alves Cardoso;8.26
16502;Leonardo Cunha Almeida;8.38
12147;Manuela Souza Martins;0.15
17828;Larissa Silva Lima;7.81
19947;Julian Rodrigues Pereira;6.34
11557;Carla Azevedo Costa;9.05
26838;Alex Castro Pinto;9.23
72;Vinicius Ribeiro Castro;4.61
25474;Danilo Santos Cunha;6.25
22638;Isabelle Almeida Dias;6.47
13950;Maria Martins Dias;7.22
27628;Thaís Cunha Alves;8.02
3402;Renan Castro Ribeiro;1.07
2251;Carla Correia Sousa;1.03
9050;Carla Correia Azevedo;1.79
3363;Ryan Correia Barros;8.44
10221;Emilly Cunha Santos;5.60
4998;Thaís Goncalves Azevedo;9.32
23129;Amanda Costa Silva;0.94
25493;Ryan Ribeiro Silva;2.89
6350;Sarah Almeida Fernandes;6.08
19876;Marisa Cavalcanti Gomes;6.65
28182;João Santos Santos;1.05
8066;Sarah Sousa Lima;0.60
10610;Leonardo Pinto Castro;3.35
11757;Emily Araujo Silva;8.11
13690;Maria Almeida Melo;5.85
5782;Tânia Lima Oliveira;4.41
5886;Raissa Araujo Correia;8.18
16996;Samuel Araujo Santos;9.85
15005;Vinícius Barros Rodrigues;8.93
1170;Rafael Oliveira Araujo;6.40
13804;Giovanna Barros Azevedo;4.28
11708;Emilly Castro Gomes;3.40
27996;Enzo Correia Ribeiro;4.81
123;Amanda Azevedo Almeida;0.12
23636;Victor Barros Silva;4.19
4348;Luiza Pinto Souza;1.20
11031;Camila Ribeiro Alves;0.61
16517;Gabrielly Araujo Barros;4.05
23992;Nicole Martins Melo;0.90
6137;Tiago Araujo Barros;6.43
12727;Larissa Souza Ferreira;5.75
1624;Clara Goncalves Almeida;7.72
13541;Camila Souza Cardoso;1.45
7127;Thiago Souza Melo;9.03
27014;Otávio Rodrigues Fernandes;9.54
19662;Vitória Cavalcanti Souza;8.37
2068;Estevan Cunha Sousa;8.37
15897;Carla Almeida Cardoso;5.96
2132;Rafaela Cardoso Oliveira;3.54
29352;Enzo Dias Pereira;8.51
7582;Erick Costa Goncalves;2.01
13259;Gabrielle Correia Gomes;2.78
4699;Luan Dias Barbosa;1.73
3270;Leila Cunha Rocha;3.02
8040;Emilly Goncalves Carvalho;5.08
6602;Davi Pereira Alves;7.99
4464;Kauã Ferreira Dias;6.60
345;Matheus Barbosa Ferreira;9.15
20520;Leonardo Cavalcanti Rodrigues;8.75
11147;Aline Araujo Azevedo;1.90
7309;Nicole Cavalcanti Azevedo;4.87
4125;Eduarda Santos Cunha;4.85
21887;Marisa Barros Cunha;8.36
28730;Laura Rodrigues Martins;4.56
9510;Lara Pinto Souza;9.96
3548;Isabelle Silva Gomes;6.63
14027;Diogo Ribeiro Santos;8.43
13164;Fábio Dias Cardoso;8.07
4659;Arthur Araujo Silva;5.10
20034;Julieta Barbosa Martins;3.68
24684;Gustavo Azevedo Sousa;8.76
10609;Marisa Sousa Azevedo;0.47
18336;Rodrigo Ferreira Barros;5.65
21502;Brenda Ferreira Cunha;6.60
26741;Bruna Ribeiro Cavalcanti;3.42
28260;Vinícius Almeida Alves;6.37
7295;Victor Costa Rodrigues;7.67
14256;Fernanda Azevedo Pereira;0.08
24006;Sofia Alves Azevedo;8.69
22579;Gustavo Silva Lima;8.18
9798;Clara Cunha Fernandes;3.91
3229;Leonor Oliveira Martins;2.92
1737;Giovana Barbosa Gomes;2.32
18228;Nicolas Souza Fernandes;2.22
16635;Beatriz Castro Melo;2.23
15777;Davi Rodrigues Melo;7.79
3697;Raissa Alves Cunha;4.59
2084;Vinícius Ferreira Cunha;1.34
15109;Júlio Santos Lima;7.62
16618;Gustavo Costa Cunha;0.87
20109;Guilherme Almeida Costa;8.95
19723;Gabriel Azevedo Barbosa;1.01
13927;Mateus Pereira Carvalho;0.24
19842;Lara Goncalves Lima;7.47
3037;Gabrielly Cunha Sousa;7.91
16752;Ágatha Castro Ferreira;9.48
5075;Estevan Dias Azevedo;6.54
657;Danilo Gomes Silva;0.78
16286;Emilly Cunha Barbosa;7.22
19065;Vinícius Sousa Costa;5.18
19810;Alice Barbosa Santos;9.21
26486;Enzo Fernandes Souza;7.44
24608;Isabelle Fernandes Cunha;7.25
10400;Julian Sousa Melo;6.83
7955;Giovanna Almeida Costa;6.21
6800;Daniel Rodrigues Martins;7.10
9978;Sarah Castro Ferreira;3.78
25790;Marina Castro Pinto;3.35
13937;Arthur Barbosa Cavalcanti;5.55
29085;Vitoria Souza Barros;8.47
20197;Nicole Pereira Araujo;0.39
6748;Lucas Azevedo Sousa;5.69
14183;Kaua Dias Lima;0.14
2846;Caio Silva Pinto;7.73
2294;Martim Correia Castro;8.06
20394;Daniel Dias Araujo;7.67
11440;Rafaela Ferreira Martins;1.65
14940;Miguel Santos Ribeiro;7.69
3459;Nicolas Azevedo Santos;7.28
21813;Nicole Silva Rocha;3.54
21172;Otávio Correia Carvalho;8.06
20670;Beatrice Santos Souza;7.18
22009;Sophia Goncalves Martins;8.20
14334;Vitor Pinto Costa;8.46
10776;Yasmin Cardoso Araujo;5.98
15492;Leila Ferreira Melo;7.94
14970;Kaua Cavalcanti Barros;4.43
4600;Davi Barros Cunha;4.91
18304;Leonor Pinto Silva;9.71
18483;Lara Goncalves Rocha;6.48
13408;Gustavo Martins Fernandes;8.65
24585;Aline Barros Goncalves;3.33
21422;Matilde Souza Costa;7.58
16436;Danilo Oliveira Cunha;1.12
19111;Emily Gomes Pereira;5.31
16366;Arthur Dias Araujo;2.77
12668;Caio Lima Souza;7.97
1104;Carolina Pinto Cardoso;3.65
4374;Larissa Melo Souza;6.69
16108;Amanda Sousa Sousa;6.93
23834;Raissa Pereira Fernandes;1.49
8876;Gabrielly Santos Fernandes;7.48
12637;Paulo Pinto Azevedo;7.69
14345;Nicolas Sousa Sousa;9.32
1437;Matilde Rodrigues Rocha;7.19
18789;Kai Melo Cunha;6.40
18745;Letícia Castro Goncalves;6.73
6530;Gabrielle Lima Barros;2.53
19330;Leonor Silva Costa;6.85
8452;Letícia Araujo Sousa;8.43
9643;Laura Castro Correia;0.24
27932;Rodrigo Ferreira Correia;7.85
17934;Isabela Sousa Costa;2.91
26260;Eduarda Azevedo Oliveira;6.81
13265;Tomás Ribeiro Araujo;7.04
28614;Eduardo Alves Costa;4.13
3523;Beatriz Martins Carvalho;0.03
25334;Lara Cardoso Rocha;2.34
20589;André Cavalcanti Araujo;9.55
27082;Larissa Pereira Santos;3.00
24307;Beatriz Oliveira Sousa;1.88
4824;Vitoria Ferreira Ferreira;8.56
11272;Igor Cunha Dias;3.45
10835;Samuel Fernandes Fernandes;1.84
4660;Gustavo Correia Martins;9.30
7603;Leonor Sousa Araujo;4.27
14278;Rebeca Souza Ferreira;6.26
2426;Gabrielle Santos Fernandes;7.35
13135;Gabrielle Rodrigues Correia;1.13
5423;Aline Rodrigues Alves;9.27
14845;Gabrielly Rocha Goncalves;9.04
3131;Nicolas Souza Barros;9.50
26792;Fernanda Carvalho Martins;4.28
4222;Thiago Rocha Melo;8.27
15737;Tomás Pinto Araujo;3.04
29322;Eduarda Correia Castro;7.54
17781;Pedro Correia Gomes;3.91
1550;Vinicius Castro Costa;5.69
16071;Luan Correia Silva;4.20
14865;Isabelle Azevedo Costa;2.42
24682;Lucas Correia Cavalcanti;1.46
20491;Douglas Lima Dias;7.13
28515;Thaís Alves Oliveira;3.44
25519;João Oliveira Alves;6.87
11481;Giovanna Souza Pereira;9.74
20052;Amanda Lima Fernandes;7.28
15085;Bruno Rocha Barros;2.31
13400;Nicolash Goncalves Ferreira;1.69
14981;Vitor Melo Dias;5.55
1931;Erick Oliveira Pinto;8.88
8100;Renan Fernandes Dias;2.10
12417;Fábio Cardoso Sousa;6.50
7999;Ryan Ferreira Oliveira;6.53
23117;Sophia Gomes Araujo;7.92
12703;Paulo Araujo Melo;2.42
15905;Gabriel Melo Correia;9.78
23300;Sofia Barbosa Barbosa;5.71
26787;Kaua Alves Oliveira;2.41
5252;Kauê Cardoso Correia;6.81
25;Gustavo Pereira Sousa;4.47
17065;Igor Melo Dias;8.59
19406;Kaua Fernandes Ribeiro;2.94
5787;Luan Rodrigues Ferreira;7.82
2544;Alice Rocha Azevedo;1.67
1639;Luiza Costa Oliveira;7.73
20150;Martim Costa Ferreira;1.60
12706;Arthur Cunha Correia;7.22
11968;Beatrice Araujo Santos;4.31
20041;Marisa Ribeiro Azevedo;9.37
1484;Ágatha Cardoso Martins;5.86
16132;Gabriel Sousa Rocha;4.16
5880;Leonardo Carvalho Melo;6.82
24607;Sofia Cavalcanti Costa;7.26
16674;Matilde Ferreira Cardoso;2.79
22410;Guilherme Castro Silva;5.60
17974;Leila Ferreira Ribeiro;4.81
19905;Martim Barbosa Cardoso;4.34
6611;Mariana Cardoso Souza;9.71
1310;Carolina Alves Melo;5.56
22937;Yasmin Rocha Alves;3.19
18155;André Castro Melo;2.30
3476;Vinicius Cunha Azevedo;0.86
29244;Breno Melo Fernandes;3.64
1679;Giovanna Barbosa Rodrigues;2.92
13941;Alex Barbosa Azevedo;9.47
7083;Felipe Carvalho Dias;4.81
15178;Eduardo Goncalves Barbosa;7.45
20126;Vinicius Rodrigues Pereira;3.50
12471;Sarah Rodrigues Cavalcanti;6.09
20095;Nicolas Souza Castro;0.44
1495;Guilherme Silva Azevedo;8.04
21994;Martim Araujo Ribeiro;6.53
7579;Estevan Costa Santos;6.89
8847;Matilde Ribeiro Sousa;2.85
16031;Rafaela Gomes Oliveira;7.75
409;André Cardoso Carvalho;9.67
14539;Murilo Gomes Cardoso;8.39
13451;Thiago Costa Martins;1.30
16880;Manuela Souza Rodrigues;0.81
26509;Giovanna Dias Rocha;4.42
4170;Gabrielly Cunha Melo;4.54
22228;Thiago Oliveira Fernandes;5.15
9390;Renan Rodrigues Azevedo;8.40
5953;Luis Melo Goncalves;0.12
447;Giovana Alves Martins;8.26
22646;Luana Azevedo Ferreira;4.16
18502;Luiza Pereira Ribeiro;6.22
3468;Alice Barbosa Ferreira;1.85
7712;Luís Souza Ribeiro;5.93
26301;Murilo Rodrigues Lima;4.37
14445;Diogo Castro Silva;2.56
20472;Júlio Cavalcanti Costa;8.48
13189;Kauã Melo Ribeiro;7.01
15508;Tomás Alves Cunha;1.66
9830;Thiago Castro Castro;1.02
18654;Bruna Ribeiro Cardoso;7.10
6067;Brenda Costa Cavalcanti;2.54
8173;Amanda Melo Cunha;2.00
7027;Letícia Souza Cavalcanti;8.55
1544;Gabrielly Lima Araujo;9.44
21259;Júlia Melo Silva;6.58
5618;Kai Carvalho Rocha;9.96
20587;Melissa Ferreira Rodrigues;3.98
19767;Isabella Correia Silva;7.77
7577;Kauan Barros Carvalho;4.69
22909;Douglas Barbosa Cavalcanti;6.83
244;Julia Pereira Ferreira;2.30
10020;Pedro Santos Pinto;4.20
10586;Felipe Cunha Souza;8.95
16777;Eduardo Ribeiro Correia;9.45
1892;Marcos Silva Fernandes;1.64
12042;Sophia Gomes Ribeiro;4.90
14982;Vitória Gomes Pinto;3.29
17711;Maria Souza Rodrigues;7.43
3857;Isabela Alves Dias;6.89
23244;Tomás Lima Martins;4.13
22786;Estevan Sousa Castro;6.32
24900;Erick Alves Barros;7.29
22565;Thiago Martins Barbosa;2.98
3235;Paulo Silva Cavalcanti;5.20
25137;Sophia Goncalves Cavalcanti;4.41
4108;Mateus Goncalves Cavalcanti;2.46
21680;Beatrice Alves Gomes;2.29
29604;Nicole Costa Oliveira;3.78
741;Vitória Fernandes Martins;1.84
25949;Daniel Pereira Melo;3.42
2604;João Alves Barros;8.22
418;Melissa Oliveira Barros;3.51
11612;Camila Carvalho Dias;7.85
10795;Eduardo Melo Cardoso;5.91
14948;Vitoria Rocha Almeida;1.76
9700;Júlio Castro Lima;1.76
23269;Matilde Costa Barbosa;3.83
26811;Vitória Castro Lima;8.81
17319;Igor Azevedo Ferreira;3.60
9425;Daniel Rocha Almeida;0.69
11210;Beatriz Oliveira Rodrigues;3.55
27788;Gabrielly Rodrigues Alves;3.39
28505;Douglas Santos Ferreira;5.59
1917;Anna Silva Correia;1.19
13300;Sophia Almeida Martins;6.01
16213;Pedro Melo Melo;0.51
5899;Joao Araujo Cardoso;2.06
29510;Julieta Ribeiro Pereira;3.71
20607;Marcos Oliveira Rodrigues;5.45
514;Murilo Costa Souza;5.73
28030;Rodrigo Almeida Cunha;2.63
1820;Luana Lima Dias;1.27
11242;Lavinia Pereira Azevedo;4.59
23748;Evelyn Barbosa Cavalcanti;1.86
24950;Eduarda Azevedo Alves;5.89
27837;Carlos Fernandes Pereira;0.83
9470;Alex Cunha Rodrigues;8.43
7657;Gabriela Fernandes Santos;5.31
11310;Bruno Fernandes Silva;1.14
21953;Júlio Castro Cardoso;4.75
7641;Letícia Rodrigues Barbosa;4.44
3298;Breno Cardoso Ribeiro;2.54
17502;Matilde Fernandes Cunha;0.14
6066;Renan Sousa Azevedo;4.62
20206;Joao Cavalcanti Pinto;2.22
5968;Melissa Rocha Alves;2.76
3829;Luís Oliveira Cardoso;8.64
21030;Arthur Ribeiro Barros;7.17
13561;Matheus Lima Barbosa;0.61
15941;Aline Barros Barros;1.80
25672;Thiago Souza Goncalves;6.04
11424;Rodrigo Pereira Barros;5.53
18521;Luan Cavalcanti Rocha;2.05
6782;Caio Sousa Almeida;9.70
10598;Isabella Alves Rocha;4.05
2130;Felipe Pinto Cunha;3.71
2118;Gabriela Melo Azevedo;6.11
4428;Isabela Ribeiro Goncalves;5.79
29103;Eduardo Sousa Araujo;3.69
11737;Beatrice Alves Ferreira;2.98
14619;Eduarda Alves Oliveira;6.31
8446;Breno Rocha Araujo;4.68
5164;Júlio Silva Cavalcanti;1.04
27174;Vinícius Araujo Pinto;8.73
8382;Gabrielle Santos Pinto;0.02
22018;Joao Gomes Cavalcanti;9.29
709;Kauê Barros Carvalho;7.64
3746;André Azevedo Souza;2.71
26288;Clara Pereira Cavalcanti;0.52
13299;Kauê Melo Carvalho;9.44
16573;Marina Souza Carvalho;9.47
12679;Bruno Pereira Oliveira;5.21
10681;Amanda Rodrigues Almeida;7.70
22779;Laura Castro Pinto;8.70
8817;Carlos Pinto Alves;7.44
3118;Julian Ferreira Castro;4.06
20030;Mariana Barros Cunha;7.19
3769;Maria Cunha Sousa;1.19
21786;Isabelle Araujo Fernandes;0.88
25607;Douglas Ribeiro Cavalcanti;0.77
6906;Antônio Cavalcanti Martins;7.87
23512;Alex Ribeiro Ribeiro;9.12
10506;Beatriz Melo Cunha;8.24
27382;Gabriel Martins Cunha;4.80
28498;Samuel Barros Goncalves;5.19
2156;Tiago Melo Goncalves;9.14
26220;Luiza Correia Sousa;4.44
14060;Sofia Lima Correia;4.09
25205;Breno Costa Lima;0.78
16504;Gabriel Silva Rodrigues;2.68
636;Aline Ribeiro Almeida;7.27
23100;Lara Carvalho Rodrigues;4.36
24211;Aline Cunha Barros;7.89
8216;Pedro Fernandes Cunha;1.31
23116;Carolina Rodrigues Alves;7.37
15421;Rafaela Barbosa Pinto;5.82
21397;Fábio Alves Silva;1.99
11586;Tomás Pinto Ribeiro;1.23
29050;Vinícius Goncalves Barros;6.64
1351;Estevan Goncalves Santos;7.62
10579;Carla Alves Sousa;5.95
18217;Carlos Barbosa Ribeiro;9.61
16438;Kaua Cavalcanti Santos;3.26
16323;Gabriela Sousa Oliveira;9.36
28899;Cauã Rodrigues Souza;8.26
12116;Julia Barros Rodrigues;7.44
5468;Carolina Cavalcanti Silva;8.05
29444;Gustavo Barros Castro;0.73
13413;Luis Almeida Pereira;0.09
12073;Luan Oliveira Azevedo;6.83
7806;Caio Fernandes Santos;0.36
7658;Cauã Goncalves Oliveira;4.05
15095;Daniel Costa Araujo;8.34
21637;Marisa Fernandes Ferreira;9.24
28765;Bruna Alves Lima;5.35
12753;Tânia Gomes Lima;0.45
16844;Renan Souza Dias;4.92
17203;Miguel Melo Almeida;6.35
22960;Luan Azevedo Costa;3.74
24927;Julia Pinto Pereira;0.37
263;Davi Sousa Barros;3.47
21436;Vitor Correia Araujo;2.34
23552;Melissa Costa Souza;7.84
9040;Julieta Fernandes Castro;7.33
21456;João Costa Melo;9.41
18601;Joao Azevedo Cunha;3.15
21111;Antônio Gomes Gomes;7.32
22076;Luiza Dias Alves;1.61
8762;Gabrielly Pinto Lima;3.34
9942;Luís Barros Dias;9.66
7237;Brenda Castro Souza;3.49
15040;Sofia Costa Castro;1.68
5170;Clara Correia Pinto;3.76
11419;Matilde Fernandes Castro;9.76
5889;Vinícius Gomes Dias;3.83
10812;Estevan Costa Ferreira;0.11
20865;Amanda Gomes Araujo;8.58
17437;Emily Alves Castro;3.57
2840;Rodrigo Martins Goncalves;4.77
12808;Daniel Goncalves Carvalho;6.32
3909;Clara Cavalcanti Dias;8.81
3562;Miguel Castro Cardoso;8.84
19755;Nicolas Souza Almeida;7.07
2858;Isabella Rodrigues Cunha;7.08
1352;Livia Santos Gomes;4.06
24937;Kauan Oliveira Araujo;2.22
25210;Rodrigo Cunha Barbosa;9.75
1653;Sarah Fernandes Cardoso;9.84
13226;Alex Castro Sousa;2.49
25410;Maria Rodrigues Fernandes;8.71
28706;Isabela Cavalcanti Ferreira;3.85
5806;Gabriel Cardoso Cardoso;0.88
1150;Emily Martins Carvalho;4.28
28867;Vinícius Carvalho Dias;7.31
28156;Eduardo Martins Melo;0.69
13422;Kaua Rodrigues Rodrigues;5.43
14528;Victor Souza Araujo;5.37
27681;Kauã Goncalves Cavalcanti;0.30
9497;Julian Rocha Cunha;6.03
20994;Isabela Silva Goncalves;9.18
27138;Vitoria Oliveira Santos;4.19
24974;Gabriela Fernandes Correia;8.81
21174;Nicole Pereira Sousa;9.46
15781;Gabrielly Ribeiro Cavalcanti;0.83
27194;Leonor Ribeiro Pinto;8.83
19020;Gabriela Silva Santos;0.55
24984;Lara Martins Oliveira;3.93
19837;Vitór Pinto Rodrigues;8.40
427;Vitór Ferreira Souza;6.86
23209;Joao Ribeiro Araujo;0.51
27054;Tânia Pereira Alves;6.59
27544;Emilly Barbosa Castro;9.30
6322;Vitória Alves Alves;6.53
19337;Ana Correia Rocha;0.60
15074;Júlia Carvalho Rodrigues;9.57
25560;Bianca Cunha Rodrigues;8.01
15807;Fernanda Pereira Fernandes;3.12
27260;Kauã Martins Goncalves;2.35
15004;Giovana Oliveira Sousa;3.09
21169;Thiago Rocha Gomes;4.06
3702;Luís Goncalves Ribeiro;8.89
1086;Laura Silva Almeida;8.10
13234;Nicole Cavalcanti Sousa;5.39
2734;Estevan Pereira Castro;0.20
8954;Lucas Rocha Pinto;0.84
27164;Sofia Rodrigues Alves;2.74
10803;Emilly Ferreira Araujo;3.15
21127;Eduarda Dias Carvalho;2.61
20827;Anna Almeida Sousa;0.23
29782;Alex Barbosa Lima;5.98
15306;Gabrielle Pinto Alves;8.06
26831;Rebeca Ribeiro Barbosa;5.86
4207;Tomás Carvalho Alves;4.04
23437;Julieta Cunha Ferreira;8.56
7910;Guilherme Azevedo Lima;0.51
21902;Beatriz Lima Oliveira;6.43
23972;Alex Pereira Castro;2.10
11112;Tiago Correia Cardoso;1.22
11605;Larissa Melo Barbosa;9.70
29550;Bianca Azevedo Costa;2.55
21883;Fernanda Costa Ferreira;6.81
13085;Vitória Fernandes Ribeiro;6.23
10534;Gabrielly Ribeiro Almeida;7.75
29840;Leonardo Barbosa Silva;4.56
8359;Matilde Barros Correia;0.18
5595;Vitor Oliveira Cunha;9.29
27937;Bruna Silva Correia;5.58
4353;Vitór Oliveira Gomes;1.00
26709;Caio Fernandes Sousa;4.92
19739;Julian Ferreira Gomes;4.62
21435;Isabela Almeida Correia;5.41
29307;Kai Cunha Cardoso;6.66
25312;Mariana Araujo Castro;2.50
22880;Giovanna Martins Cardoso;7.84
28384;Luis Souza Carvalho;7.40
16050;Melissa Cardoso Azevedo;2.87
24140;Livia Almeida Cunha;3.99
15899;Emilly Cavalcanti Rodrigues;3.03
22245;Julieta Oliveira Goncalves;3.40
13288;José Martins Carvalho;3.28
28465;Nicolas Silva Fernandes;7.91
20945;Vitor Fernandes Dias;2.45
23925;Giovana Cardoso Azevedo;1.66
25333;Ana Ferreira Costa;9.25
24196;Leonor Martins Gomes;7.21
1021;Marisa Melo Carvalho;3.27
619;Pedro Correia Souza;1.71
5919;Enzo Pinto Barbosa;0.72
16466;Fábio Souza Araujo;1.64
9315;Luana Correia Costa;1.08
2630;Isabela Rodrigues Araujo;3.09
10474;Fábio Costa Silva;5.53
11037;Luan Sousa Silva;6.57
16467;Vitória Carvalho Araujo;5.13
3965;Otávio Gomes Oliveira;0.50
13874;Isabela Dias Correia;7.89
3574;Luiz Almeida Alves;6.84
3420;Marina Souza Almeida;7.00
28428;Alex Goncalves Rocha;9.38
26392;Lara Santos Barros;5.25
1475;Eduarda Oliveira Martins;1.78
5947;Matilde Sousa Pinto;1.09
310;Estevan Cardoso Alves;4.12
19510;Kai Pereira Lima;1.69
16174;Julieta Rocha Rocha;7.19
6030;Luana Araujo Alves;8.36
21367;Rebeca Correia Gomes;5.46
12652;Laura Araujo Araujo;0.41
11422;Martim Carvalho Melo;8.06
4174;Nicolash Pereira Oliveira;9.13
27123;Julia Almeida Barros;5.55
13792;Lara Ribeiro Castro;2.01
11207;Eduarda Oliveira Castro;2.74
3942;Kaua Goncalves Ribeiro;3.19
17848;Diego Barros Carvalho;7.17
25889;Luana Silva Goncalves;2.09
20701;Ryan Gomes Rodrigues;9.45
20848;Danilo Rocha Cavalcanti;2.83
1442;Mariana Cardoso Melo;9.75
16357;Samuel Azevedo Santos;3.81
27354;Gabriela Rodrigues Pereira;6.67
18756;Antônio Almeida Rocha;10.00
21441;Rodrigo Pereira Cardoso;1.02
23868;Douglas Dias Dias;8.58
7486;Martim Silva Dias;9.17
13319;Emilly Fernandes Ribeiro;9.14
14117;Beatriz Ferreira Ribeiro;9.22
11479;Anna Pereira Lima;2.08
19879;Giovanna Souza Costa;5.89
25393;Sarah Cardoso Alves;1.75
6207;Nicolash Lima Araujo;5.41
24555;Giovana Azevedo Ribeiro;3.35
12944;Fábio Cavalcanti Cunha;9.26
9512;Maria Rodrigues Alves;9.50
19869;Alice Correia Castro;9.98
23958;Livia Dias Rodrigues;0.92
3384;Felipe Azevedo Costa;1.13
552;Vitór Barbosa Ribeiro;2.82
21098;Otávio Barbosa Alves;2.59
16311;Kauã Correia Pereira;2.33
3980;Kai Pinto Gomes;8.16
29401;Diogo Cunha Dias;4.92
10472;Julieta Oliveira Pinto;6.09
21308;Gabrielly Cavalcanti Dias;2.97
22430;Beatriz Pereira Barbosa;0.66
24435;Antônio Alves Souza;9.38
19994;Isabella Fernandes Costa;9.01
25143;Julia Santos Ribeiro;7.14
21779;Samuel Cunha Carvalho;8.62
28526;Luana Gomes Ferreira;4.47
26790;Manuela Correia Correia;8.51
15090;Vitória Santos Araujo;6.15
22386;Lara Araujo Pinto;7.12
26631;Vitória Martins Alves;7.20
11308;Kaua Azevedo Ribeiro;1.90
3592;Davi Rocha Castro;9.68
22872;Raissa Rocha Barros;2.59
14463;Kauã Ferreira Ribeiro;3.37
20930;Rebeca Castro Goncalves;4.71
22357;Beatriz Cavalcanti Cavalcanti;2.29
4245;Alice Correia Martins;9.84
23110;Mateus Rodrigues Lima;5.21
2890;Matilde Lima Alves;3.68
11456;Douglas Santos Santos;8.87
21179;Ana Melo Costa;8.41
23826;Gabrielly Pereira Cavalcanti;5.36
16196;Danilo Cunha Oliveira;6.56
10189;José Cunha Rocha;4.92
20723;Julia Barros Sousa;7.68
12054;Tomás Rocha Almeida;0.51
17549;Ana Correia Fernandes;2.39
6619;Aline Lima Cunha;0.13
11469;Leila Castro Rodrigues;9.24
12235;Gabriela Castro Alves;3.04
14452;Alice Fernandes Souza;8.46
5664;João Rodrigues Carvalho;6.28
10287;Sofia Cardoso Dias;5.13
18877;Vitória Oliveira Oliveira;0.16
2966;Marina Castro Cardoso;9.28
5419;Breno Fernandes Castro;9.64
24864;Luís Costa Santos;1.98
17300;Bruna Correia Silva;5.03
4028;Gabrielle Ribeiro Rodrigues;9.82
22511;Estevan Barros Souza;1.20
23661;Nicole Azevedo Santos;9.95
11768;Clara Goncalves Souza;1.89
14084;Julia Melo Ferreira;9.48
22407;Tiago Pinto Pereira;6.69
20286;Lara Fernandes Barbosa;3.38
2061;Sophia Carvalho Ribeiro;7.76
8665;Giovana Cavalcanti Ribeiro;6.00
5729;José Barbosa Araujo;7.18
5274;Alex Martins Dias;0.04
10706;Luiz Correia Barbosa;4.32
26333;Emilly Costa Santos;8.34
22311;Anna Souza Fernandes;0.31
13517;Cauã Pinto Fernandes;7.39
23970;Isabelle Araujo Cardoso;2.34
28813;Igor Ferreira Gomes;9.69
2602;Martim Sousa Lima;4.32
15593;Carolina Cunha Souza;8.94
12145;Amanda Lima Barros;1.54
3113;Miguel Almeida Pinto;2.97
2326;Carla Araujo Silva;4.59
16193;Isabelle Silva Melo;9.90
13530;Marisa Melo Pereira;7.34
16846;Julian Oliveira Rodrigues;2.12
13844;Nicole Santos Sousa;4.01
15570;Bianca Cunha Azevedo;8.63
14824;Murilo Lima Dias;2.59
25587;Enzo Souza Rocha;5.56
24153;Erick Alves Rodrigues;3.49
3731;Murilo Castro Barbosa;4.80
28902;Eduardo Dias Carvalho;1.49
2618;Lara Azevedo Fernandes;7.14
9920;André Lima Costa;10.00
19474;Rebeca Rodrigues Carvalho;8.87
2047;Kauê Alves Pinto;1.99
1526;Rebeca Costa Costa;3.67
21152;Nicole Barros Souza;9.23
1465;Vitória Cunha Cavalcanti;0.71
7697;Marcos Carvalho Silva;9.51
2990;Victor Azevedo Pinto;7.40
10831;Nicole Castro Costa;5.70
21431;Marina Rodrigues Correia;4.99
4519;Antônio Goncalves Dias;0.30
24774;Raissa Rodrigues Rodrigues;4.74
7612;Giovana Rocha Alves;0.18
11374;Ágatha Costa Rocha;6.37
6312;Gustavo Melo Silva;6.11
21199;Kaua Rocha Alves;0.17
4467;Luana Azevedo Rodrigues;1.37
29601;Leila Ferreira Silva;3.51
21018;Lucas Araujo Ferreira;4.47
21369;Nicole Martins Azevedo;7.51
15020;Larissa Ferreira Barros;4.29
28118;Luis Melo Gomes;1.94
28334;Emily Carvalho Barros;1.08
25425;Eduarda Cavalcanti Cavalcanti;1.71
23314;Gustavo Barros Martins;7.52
13176;Camila Almeida Santos;5.64
6084;Isabella Pereira Oliveira;2.51
27062;Sophia Correia Araujo;0.17
150;Thiago Cardoso Cunha;7.88
23525;Daniel Silva Rocha;3.90
415;Estevan Almeida Oliveira;5.84
28419;Júlio Sousa Correia;4.78
5357;Emilly Cunha Santos;6.42
17313;Amanda Cardoso Lima;1.13
25699;Kauê Almeida Rocha;0.92
12979;Julian Sousa Martins;9.06
13756;Matilde Ribeiro Santos;9.17
25911;Murilo Gomes Dias;8.82
24967;Aline Carvalho Oliveira;5.63
15343;Camila Martins Carvalho;1.63
870;Tânia Rocha Pinto;0.47
12752;Isabelle Goncalves Lima;6.57
17107;Lara Barros Gomes;3.66
17054;Kauê Santos Cunha;7.79
18013;Julieta Cavalcanti Lima;8.92
17565;Giovana Dias Silva;9.15
18831;Rafaela Ferreira Almeida;2.19
22695;Felipe Alves Lima;2.97
29901;Julieta Gomes Barbosa;2.84
16088;Vitória Araujo Gomes;9.29
2738;Júlio Martins Gomes;7.57
15017;Larissa Barros Carvalho;2.04
10680;Livia Lima Sousa;5.68
21650;Murilo Goncalves Melo;7.84
15048;Clara Souza Dias;7.29
6996;Eduarda Sousa Almeida;2.44
464;Larissa Cavalcanti Souza;9.17
16582;Thaís Ferreira Almeida;8.93
13130;Davi Oliveira Araujo;8.88
12257;Vinícius Rocha Melo;8.93
9674;Mateus Carvalho Cardoso;4.86
2329;Joao Silva Azevedo;1.25
25958;Matheus Barbosa Gomes;1.65
8551;Gabrielle Alves Melo;9.66
21506;Letícia Pinto Silva;4.37
10853;Martim Rodrigues Pereira;1.26
22252;Rafael Oliveira Azevedo;7.66
22364;Eduardo Lima Araujo;9.63
14661;Miguel Carvalho Castro;5.12
26106;Sarah Almeida Pereira;7.17
25269;Luiza Araujo Melo;6.33
28104;Bruna Martins Cunha;4.60
5293;Martim Santos Costa;8.50
28567;Evelyn Barbosa Alves;9.44
4781;Matheus Sousa Araujo;1.81
5995;Ryan Pinto Pereira;9.77
24060;Letícia Sousa Martins;2.91
2552;Marisa Barros Araujo;2.19
8371;Isabelle Barbosa Santos;8.05
9111;Kai Dias Sousa;1.98
26981;João Cardoso Gomes;1.65
18776;Mariana Costa Correia;9.84
22596;Luiz Ferreira Cavalcanti;8.52
2609;Nicolas Martins Pereira;9.06
22115;Julian Gomes Lima;7.68
7706;Luiz Dias Carvalho;5.38
21992;Enzo Ribeiro Fernandes;3.84
26495;Tomás Cunha Costa;9.60
17215;Luiza Lima Costa;3.61
21061;Enzo Carvalho Almeida;5.24
25619;Manuela Dias Araujo;7.04
6204;Erick Martins Alves;3.22
3500;Marisa Ferreira Lima;4.46
16144;Alice Santos Gomes;0.23
3545;Nicolas Correia Costa;9.07
10358;Vitor Cavalcanti Dias;0.54
4786;Marina Lima Pinto;8.76
29068;Marisa Barros Cavalcanti;0.44
17205;Rebeca Ferreira Azevedo;6.28
19439;Vitoria Lima Costa;5.21
4782;Raissa Pinto Martins;1.97
5210;Eduarda Pereira Fernandes;1.68
2574;Luan Cunha Barbosa;7.56
15521;Emilly Cardoso Correia;0.07
158;Fábio Carvalho Barbosa;1.88
1955;Leonor Dias Martins;5.95
3583;Arthur Dias Martins;5.67
2997;Vitória Cavalcanti Araujo;6.09
875;Enzo Barros Martins;9.36
18842;Maria Souza Martins;2.55
29578;Lavinia Sousa Cardoso;3.60
13984;Rafael Araujo Dias;3.23
16136;Julia Costa Goncalves;6.88
5895;Douglas Oliveira Souza;5.38
22840;Kaua Gomes Cunha;8.56
28250;Erick Martins Melo;6.70
28184;Bruna Cavalcanti Azevedo;0.21
24475;Sophia Silva Melo;0.66
22756;Victor Santos Almeida;8.52
13241;Kauan Barros Fernandes;2.15
11368;João Gomes Carvalho;9.60
8962;Giovanna Rocha Dias;6.86
17;Ryan Dias Castro;5.32
19401;Sophia Azevedo Cavalcanti;9.19
2889;Mateus Silva Lima;6.65
2169;Isabelle Goncalves Silva;1.47
6252;Marisa Goncalves Barros;7.55
4235;Arthur Santos Pereira;7.98
6608;Anna Lima Souza;0.11
1479;Brenda Lima Souza;1.65
11013;Marcos Goncalves Araujo;2.38
21879;Vitór Barros Goncalves;8.32
29778;Beatriz Araujo Araujo;9.87
12027;Lucas Azevedo Fernandes;6.98
23991;Gabrielle Barbosa Pereira;5.42
5631;Igor Costa Goncalves;7.64
10238;Melissa Azevedo Gomes;1.90
2395;Luís Costa Dias;6.69
19823;Isabelle Rocha Fernandes;2.59
3759;Ana Cavalcanti Rodrigues;0.07
7880;Mateus Rodrigues Araujo;8.66
27923;Tânia Melo Souza;2.88
16633;José Souza Barbosa;7.07
22187;Ágatha Pereira Costa;5.08
26204;Thiago Goncalves Lima;9.29
1718;Douglas Oliveira Fernandes;1.17
15007;Giovanna Lima Fernandes;2.89
21706;Enzo Rodrigues Martins;9.99
23605;Luana Ribeiro Castro;5.81
20684;Miguel Sousa Cardoso;8.34
28322;Clara Costa Silva;10.00
7859;Camila Martins Souza;0.14
10877;Ryan Alves Ferreira;8.31
7283;Maria Carvalho Lima;1.92
15030;Daniel Gomes Correia;8.25
14241;Letícia Cavalcanti Ferreira;4.00
9972;Melissa Santos Rocha;4.73
3019;Livia Cardoso Dias;1.76
26494;Brenda Martins Pinto;6.91
8858;Emilly Silva Costa;0.55
14454;Lucas Rocha Carvalho;4.85
867;Evelyn Correia Azevedo;1.60
3758;Bruno Rocha Rocha;2.42
27162;Livia Carvalho Araujo;9.27
23699;Raissa Azevedo Pereira;0.91
9587;Gabriela Cunha Santos;0.61
8722;Camila Fernandes Silva;6.50
26199;Leonardo Castro Azevedo;6.07
22174;Sofia Dias Barros;7.43
21693;Rafael Alves Rocha;7.36
2705;Emilly Cardoso Cardoso;7.32
4596;Aline Cardoso Ferreira;7.55
4802;Felipe Oliveira Santos;6.97
5955;Raissa Barros Fernandes;1.56
17562;Beatrice Fernandes Correia;5.06
9041;Sarah Rodrigues Ferreira;0.05
8529;Julieta Costa Cardoso;5.90
10288;Luana Goncalves Castro;9.76
18427;Aline Azevedo Fernandes;6.02
4799;Alex Ribeiro Ribeiro;1.43
2224;Julian Gomes Rodrigues;2.06
21016;Douglas Rodrigues Martins;4.14
18570;Emilly Pereira Fernandes;6.95
3954;Julieta Cavalcanti Correia;6.53
16225;Estevan Carvalho Lima;6.48
8788;Mariana Rocha Cavalcanti;8.16
20355;Kaua Dias Fernandes;0.54
12544;Leonardo Goncalves Cardoso;1.26
21405;Larissa Souza Araujo;9.37
7024;Ágatha Azevedo Cavalcanti;1.50
15667;Samuel Souza Araujo;1.73
18866;Tomás Ferreira Castro;1.04
15997;Felipe Dias Souza;0.53
8281;Emilly Santos Cardoso;9.38
24731;Rafaela Azevedo Lima;3.79
7507;Sofia Costa Pinto;6.41
18975;Luis Pereira Lima;5.08
10491;Carla Almeida Almeida;6.91
26567;Felipe Alves Castro;1.79
16804;Julia Azevedo Costa;7.95
24393;Fábio Sousa Martins;8.44
23582;Isabelle Gomes Souza;9.61
806;Isabela Almeida Melo;3.56
4882;Guilherme Fernandes Barros;4.66
25351;Giovanna Ribeiro Sousa;7.24
5044;Tiago Costa Barros;6.71
28341;Enzo Oliveira Melo;3.82
25921;Raissa Ribeiro Cardoso;5.23
14654;Ana Martins Castro;6.92
23428;Ryan Silva Alves;4.01
18364;Isabelle Cunha Melo;1.58
5349;Tomás Ribeiro Almeida;2.16
10568;Enzo Lima Ferreira;7.46
9595;Luana Rodrigues Oliveira;7.99
16905;Gabriela Castro Cunha;7.37
20101;Luiz Dias Silva;2.20
3913;Luan Cardoso Carvalho;4.95
19060;Raissa Azevedo Martins;8.26
19557;Carla Almeida Alves;9.70
11441;Julia Cavalcanti Alves;9.45
19322;Camila Cavalcanti Santos;6.89
14734;Sophia Barros Silva;2.81
11770;Evelyn Almeida Barbosa;1.56
7596;Marcos Sousa Costa;1.23
12849;Carlos Araujo Rocha;2.77
3380;Danilo Rodrigues Cunha;9.54
2170;Guilherme Araujo Lima;6.14
18749;Raissa Almeida Santos;3.14
5778;Bianca Ferreira Martins;8.15
3668;Isabela Cardoso Costa;3.05
1903;Paulo Goncalves Ferreira;8.99
1233;Nicolash Barbosa Barros;8.57
8111;José Almeida Goncalves;2.48
240;Livia Silva Fernandes;4.80
15652;Isabelle Lima Melo;9.25
809;Manuela Gomes Fernandes;4.86
11003;Clara Rocha Araujo;0.42
11485;Eduarda Barbosa Cavalcanti;1.13
7628;Paulo Silva Costa;3.60
3553;Kai Fernandes Fernandes;3.53
12542;Gustavo Cardoso Fernandes;7.91
11788;Leonor Sousa Martins;4.61
13144;Leila Azevedo Alves;8.22
20943;Amanda Santos Silva;0.95
17242;Rafaela Fernandes Araujo;3.23
14133;Kai Alves Dias;9.82
27042;Enzo Alves Almeida;1.71
11810;Diego Correia Dias;8.39
3610;Bruno Silva Dias;8.28
29513;Luan Oliveira Sousa;4.43
4355;Caio Rocha Souza;9.45
28799;Igor Cardoso Sousa;5.22
17434;Luiza Cardoso Pinto;0.24
2420;Leonardo Barbosa Cardoso;4.69
11098;Bruna Ferreira Melo;6.07
15665;José Rocha Rodrigues;6.40
18039;Marisa Araujo Barros;8.45
17482;Kauan Dias Azevedo;0.89
12865;Luís Martins Gomes;1.72
14324;Matheus Ribeiro Souza;9.97
29927;Leonardo Rodrigues Lima;9.59
2801;Eduardo Melo Melo;0.46
11313;Beatriz Castro Barros;5.36
9259;Martim Dias Rodrigues;0.63
2029;Carolina Alves Araujo;9.68
3277;Luis Ribeiro Oliveira;6.80
25845;Mateus Araujo Gomes;0.89
24773;Arthur Cunha Almeida;8.87
28318;Isabelle Ferreira Barbosa;2.37
5876;Brenda Barros Barbosa;7.99
21166;Lucas Barros Rodrigues;6.27
12355;Daniel Ribeiro Alves;5.02
11983;Giovana Souza Barros;9.65
25690;Luiz Fernandes Silva;5.83
28492;Camila Souza Azevedo;6.28
23472;Kauã Correia Barros;7.60
25336;José Melo Cardoso;5.15
9212;Anna Santos Martins;1.74
23237;Joao Carvalho Pinto;7.77
11531;Samuel Ferreira Sousa;0.90
9770;Luana Sousa Cardoso;5.03
2112;Luan Azevedo Cavalcanti;7.00
11713;Isabela Pereira Melo;5.92
2142;Thaís Cavalcanti Alves;6.68
13538;Kai Almeida Araujo;9.86
10702;Victor Almeida Santos;7.47
12472;Enzo Oliveira Santos;8.19
13669;Yasmin Ribeiro Rodrigues;7.33
16200;Giovana Cunha Cunha;0.04
13816;Lucas Pereira Silva;3.69
4516;Renan Cunha Gomes;7.92
11523;Renan Azevedo Ribeiro;4.53
25719;Rafaela Castro Almeida;9.58
12436;Júlio Pereira Fernandes;2.55
20256;Fernanda Gomes Sousa;1.05
4908;Raissa Costa Santos;0.90
25711;Isabelle Carvalho Ferreira;0.68
10378;Giovanna Barbosa Fernandes;8.38
24646;Erick Pinto Cunha;3.32
11461;Eduarda Santos Alves;9.09
24814;Vitor Cardoso Sousa;5.00
25596;Kauan Melo Fernandes;6.86
11819;Emilly Cunha Silva;6.76
12796;Gabriel Barros Carvalho;6.18
21672;Lara Dias Rocha;2.64
7549;Luis Oliveira Oliveira;5.61
6628;Kai Rodrigues Cunha;7.11
2623;Antônio Carvalho Pinto;9.04
13839;Gustavo Dias Souza;4.73
20663;Camila Santos Souza;1.26
12918;Rodrigo Castro Barbosa;3.54
9982;Leonardo Azevedo Rocha;4.23
7240;Enzo Azevedo Dias;5.48
6846;Bruno Almeida Pinto;2.27
14819;Arthur Lima Dias;8.74
22995;Renan Costa Alves;9.40
18297;Rebeca Oliveira Barros;4.66
5083;Isabelle Lima Pinto;2.61
4697;Alex Oliveira Castro;4.31
10615;Letícia Santos Dias;4.44
2834;Luis Cunha Dias;7.84
6387;Murilo Cardoso Barbosa;2.68
7769;Cauã Santos Fernandes;8.06
8150;Manuela Alves Oliveira;9.29
6123;Fernanda Almeida Ribeiro;2.04
6764;Kaua Ribeiro Martins;7.59
5628;Lucas Rocha Ribeiro;8.21
3882;Júlio Araujo Araujo;4.65
2173;Davi Carvalho Pereira;5.07
11535;Estevan Martins Rodrigues;2.10
11949;Beatriz Costa Ribeiro;0.18
7674;Otávio Oliveira Souza;9.51
18491;Thaís Cardoso Cavalcanti;8.08
20744;Ágatha Barbosa Sousa;0.59
560;Caio Barros Rocha;1.95
17547;Gabrielly Araujo Ribeiro;4.02
20815;Nicole Martins Rodrigues;4.30
2751;Bruno Sousa Cunha;5.07
14137;Luiza Barbosa Cardoso;9.49
9399;Samuel Correia Costa;1.33
4489;Fábio Carvalho Cardoso;3.42
22796;Luan Araujo Pereira;2.90
19440;André Santos Fernandes;0.38
26066;Laura Correia Sousa;7.31
18135;Thaís Souza Ferreira;7.33
13850;Davi Costa Costa;9.19
8778;Lucas Gomes Araujo;3.53
28853;Julian Oliveira Sousa;8.97
5473;Leonardo Gomes Ribeiro;7.54
18397;Eduarda Rocha Araujo;1.40
20361;Renan Souza Azevedo;9.42
20341;Carlos Castro Lima;3.67
3816;Letícia Silva Costa;3.01
26987;Davi Costa Cunha;8.23
15872;Evelyn Lima Azevedo;5.08
15395;Amanda Santos Barros;4.11
13429;Arthur Ribeiro Pereira;9.09
24489;Thaís Barros Costa;7.04
25146;Leonor Martins Melo;8.93
7540;Luana Dias Santos;4.30
28290;Erick Cavalcanti Oliveira;3.17
9984;Rafaela Costa Carvalho;3.63
29938;Victor Ferreira Ribeiro;6.27
24997;Isabelle Castro Barbosa;3.43
3061;Lara Souza Lima;8.01
24657;Samuel Fernandes Barbosa;2.41
25366;Mariana Martins Carvalho;1.52
1369;Thiago Gomes Castro;3.93
10916;Isabelle Dias Almeida;2.15
19929;Arthur Azevedo Ferreira;8.25
21413;Aline Costa Correia;8.50
5583;Kaua Ferreira Cardoso;3.28
22388;Alex Melo Lima;0.87
28036;Laura Dias Correia;0.04
28181;Mateus Souza Azevedo;3.63
5963;Bruno Pereira Sousa;8.87
7896;Davi Barros Barbosa;8.82
19652;Tiago Fernandes Ribeiro;8.18
19334;Douglas Barbosa Fernandes;2.73
9233;Julia Cardoso Pinto;6.79
10851;Vinicius Barros Correia;3.03
9465;Renan Fernandes Goncalves;0.94
16498;Amanda Santos Cavalcanti;1.45
21361;Nicolash Santos Dias;4.14
19312;Martim Araujo Araujo;2.24
9381;Aline Costa Fernandes;5.83
10227;Amanda Martins Cunha;2.26
4738;Luís Gomes Barros;5.84
24493;Leonardo Costa Gomes;1.32
14638;Breno Sousa Azevedo;7.03
24604;Kauê Cardoso Santos;6.42
21780;Caio Pinto Dias;4.60
8764;Renan Santos Ferreira;0.39
3788;João Souza Melo;7.68
10323;João Gomes Dias;9.65
4104;Lavinia Rocha Rocha;2.03
3996;José Correia Oliveira;2.28
27680;Aline Sousa Melo;8.61
802;Júlio Ribeiro Sousa;9.10
23479;Breno Souza Azevedo;7.94
1893;Livia Martins Carvalho;0.29
18276;Fernanda Ribeiro Melo;0.29
28951;Vitor Ribeiro Oliveira;7.19
28448;Rodrigo Santos Fernandes;1.62
6921;Ágatha Santos Melo;0.70
10441;Lucas Silva Martins;2.08
22907;Sophia Pereira Alves;8.03
7961;Larissa Gomes Almeida;8.65
658;Julian Castro Lima;5.04
1241;Luís Sousa Martins;2.25
21505;Miguel Santos Rocha;3.29
17814;Erick Alves Souza;6.41
12603;Lavinia Ribeiro Goncalves;6.48
22702;Sofia Barros Correia;9.19
18936;Camila Lima Almeida;3.27
27793;Kauê Souza Barros;5.78
8002;Samuel Goncalves Cardoso;1.14
18549;Giovana Cunha Oliveira;1.67
19794;Yasmin Oliveira Silva;9.95
29237;Alex Almeida Araujo;0.09
5980;Camila Cunha Araujo;7.40
28285;Mariana Martins Araujo;5.03
21353;Kauã Barbosa Correia;7.65
8335;Mariana Goncalves Ferreira;9.69
7621;Tiago Barros Castro;4.34
24551;Aline Alves Araujo;0.81
29971;Paulo Cunha Araujo;7.26
8165;Ryan Cardoso Santos;7.47
25914;Sarah Castro Araujo;5.42
19622;Guilherme Barbosa Costa;3.46
1801;Antônio Melo Rodrigues;7.18
21348;Melissa Barros Rodrigues;6.37
29264;Bruna Rocha Ferreira;3.75
27276;Marina Ferreira Cardoso;8.00
22333;Vitor Pinto Rodrigues;1.84
20626;Vitoria Ferreira Dias;10.00
28686;Julian Costa Sousa;2.65
14208;Clara Castro Lima;4.33
27901;Alice Carvalho Goncalves;9.17
15413;Mateus Carvalho Ribeiro;9.97
11684;Erick Pereira Ribeiro;0.72
11074;Maria Martins Ribeiro;9.85
12995;André Cunha Ribeiro;9.92
7917;Giovanna Ribeiro Gomes;1.43
3781;Ana Ferreira Silva;9.68
15236;Marcos Sousa Oliveira;0.60
7541;Fábio Cunha Barbosa;6.79
130;Lavinia Cunha Castro;9.30
9854;Aline Barbosa Lima;2.01
28159;José Martins Lima;5.33
358;Rafael Alves Fernandes;0.13
14062;Ágatha Castro Barbosa;6.20
5072;Douglas Oliveira Pereira;8.75
12160;Alex Castro Cavalcanti;0.47
20646;Julieta Araujo Alves;7.57
5605;Luís Rocha Araujo;0.74
19953;Samuel Sousa Araujo;3.47
4591;Isabela Sousa Araujo;6.64
8221;Melissa Dias Rocha;1.38
29958;Ágatha Almeida Cardoso;3.87
14252;Fábio Araujo Lima;7.65
27819;Miguel Almeida Barros;8.44
11298;Kauan Ferreira Alves;1.96
4567;Laura Ferreira Azevedo;5.68
13607;Lara Pinto Dias;8.32
12770;Thiago Santos Silva;1.45
10909;Maria Pinto Azevedo;1.99
17163;Miguel Pereira Silva;1.94
15608;Bruna Gomes Carvalho;0.90
2998;Fernanda Souza Barbosa;5.47
27508;Thiago Correia Pinto;7.29
10317;Sofia Barbosa Fernandes;8.30
13506;Kauan Martins Carvalho;0.04
18552;Luana Pereira Fernandes;4.36
25152;Antônio Araujo Azevedo;5.77
13056;Leonor Lima Pereira;0.12
758;Luan Melo Cardoso;8.03
6107;Brenda Rodrigues Lima;2.08
9446;Fernanda Dias Carvalho;9.30
24998;Raissa Melo Rodrigues;1.81
28571;Anna Goncalves Araujo;2.01
28484;Vitor Cavalcanti Carvalho;5.17
11673;Sophia Ribeiro Goncalves;6.72
5945;Diogo Barros Martins;5.11
9912;Leila Carvalho Cavalcanti;5.01
1890;Rodrigo Alves Ribeiro;7.05
21184;Caio Barbosa Cardoso;7.05
21782;Ana Carvalho Rocha;3.00
7856;Carla Rodrigues Ferreira;8.14
27293;Rodrigo Lima Rocha;3.50
14130;Igor Costa Azevedo;0.98
5344;Gabriela Alves Pereira;0.88
10052;Enzo Melo Pinto;5.42
19460;Larissa Souza Correia;5.41
28536;Matheus Silva Rocha;8.85
9178;Ryan Cavalcanti Azevedo;7.80
7613;Ana Araujo Goncalves;6.06
12713;Luana Araujo Correia;6.21
3735;Daniel Ferreira Gomes;1.42
28617;Tânia Oliveira Almeida;3.88
14420;Nicolash Costa Cunha;7.94
16107;Lucas Cardoso Cavalcanti;0.32
19686;Livia Alves Barros;4.28
14308;Gabriel Azevedo Oliveira;0.89
2085;Tiago Gomes Barros;9.94
26956;Isabella Alves Cavalcanti;0.06
229;Julia Barbosa Dias;6.83
27672;Leila Goncalves Costa;1.45
23196;Carolina Melo Melo;4.42
22554;Pedro Pereira Martins;1.69
3267;Luana Barros Cunha;8.22
6184;Enzo Araujo Goncalves;9.04
26520;Rafaela Gomes Lima;4.22
18101;Nicolas Lima Costa;1.76
25018;Yasmin Almeida Barbosa;3.46
7953;Kai Barros Carvalho;9.15
12722;Vitoria Pereira Santos;4.75
16364;Thaís Cardoso Alves;2.43
7405;Kauê Santos Correia;0.61
22406;Júlio Cavalcanti Goncalves;3.68
2114;Julian Cardoso Correia;7.62
18349;Carlos Santos Souza;8.18
7095;Paulo Cardoso Melo;9.65
29029;Carolina Araujo Rocha;0.10
25545;Matilde Pinto Carvalho;4.70
7135;Maria Azevedo Costa;9.32
13131;Gustavo Almeida Rocha;1.60
20178;Martim Cavalcanti Ferreira;7.15
1721;Caio Sousa Fernandes;8.22
2290;Vitór Barros Rocha;7.99
1745;Luis Almeida Correia;7.41
6039;Vitor Ribeiro Silva;1.06
19608;Vitor Araujo Correia;3.66
22270;Joao Goncalves Almeida;4.56
24686;Livia Carvalho Ribeiro;9.15
10068;Sarah Cavalcanti Santos;3.68
20232;Vinícius Alves Gomes;8.24
16353;Enzo Barbosa Ferreira;6.92
29131;Diogo Santos Almeida;6.51
24496;Victor Santos Martins;5.90
5180;Carlos Lima Martins;0.67
24368;Bianca Castro Cavalcanti;7.31
12162;Fábio Oliveira Dias;3.65
24592;Luiz Costa Barros;6.32
24986;Luis Lima Cardoso;7.90
2444;Laura Barros Cavalcanti;8.09
27004;Bianca Goncalves Silva;0.96
13194;Camila Carvalho Ferreira;9.62
4747;Estevan Azevedo Alves;9.40
18183;Evelyn Pereira Santos;4.07
8552;Júlia Souza Barros;3.86
28236;Pedro Barbosa Souza;2.88
20937;Vitor Fernandes Dias;1.30
14866;Caio Dias Fernandes;2.57
1419;Aline Silva Costa;2.83
12672;Estevan Alves Gomes;0.29
28509;Julian Sousa Pinto;4.87
20661;Leila Oliveira Pereira;0.35
12915;Daniel Correia Barbosa;1.94
15093;Fábio Castro Cunha;2.16
8514;Kai Almeida Pereira;6.06
27689;Luan Castro Silva;0.21
24544;Júlia Goncalves Almeida;0.24
3241;Kai Cunha Goncalves;9.52
23182;Luiz Rocha Azevedo;2.01
4121;Eduarda Sousa Alves;3.88
6459;Felipe Martins Rocha;8.40
24119;Samuel Silva Correia;3.77
15720;Martim Santos Barbosa;1.75
5355;Vitor Alves Araujo;8.03
2651;João Carvalho Pinto;6.70
1189;Emily Correia Ferreira;1.92
12114;Samuel Ferreira Pinto;0.46
11896;Kauê Sousa Ribeiro;6.24
4059;Alice Castro Melo;6.45
2747;Ryan Pinto Martins;7.68
12258;Lucas Oliveira Castro;3.17
6473;Tomás Ferreira Castro;3.56
16298;Daniel Castro Carvalho;5.33
1095;Raissa Silva Almeida;2.68
29202;Aline Cavalcanti Ferreira;8.77
22794;Laura Carvalho Barbosa;9.02
23391;Gabriel Oliveira Souza;0.69
7718;Julia Lima Cunha;7.18
12094;Enzo Cunha Cardoso;6.54
9865;Beatriz Araujo Rodrigues;1.41
14515;Davi Lima Fernandes;3.62
3441;Vitória Sousa Rocha;4.20
16423;Nicole Melo Lima;8.43
3353;Julian Alves Carvalho;9.21
27929;Isabella Souza Azevedo;5.46
5942;Carolina Martins Melo;0.53
26775;Rodrigo Alves Cunha;5.95
23796;Júlia Rocha Almeida;0.02
8816;Marina Goncalves Sousa;6.83
2920;Isabela Alves Rocha;1.01
29974;Gabrielly Rocha Goncalves;2.25
27148;Fernanda Rocha Correia;7.18
3407;Júlia Ferreira Rodrigues;1.25
21861;Fernanda Santos Silva;0.20
24445;Joao Cardoso Rocha;5.01
24650;Joao Azevedo Carvalho;5.04
3732;Júlia Alves Gomes;3.48
19263;Martim Barros Castro;3.27
8887;Martim Pereira Araujo;0.71
17725;Nicolas Carvalho Cardoso;9.51
14875;Gabriela Oliveira Melo;2.29
23454;Mariana Souza Costa;3.53
8554;Tomás Melo Sousa;6.64
17856;Ágatha Oliveira Cavalcanti;6.90
27454;Gabrielly Carvalho Alves;0.65
2160;Daniel Araujo Martins;1.18
3063;Anna Cunha Rocha;6.71
28920;Rodrigo Lima Gomes;2.00
18152;Miguel Barros Azevedo;1.70
1827;Antônio Souza Goncalves;3.01
29156;Vitoria Castro Carvalho;7.16
17816;Nicole Pinto Correia;7.94
26952;André Silva Souza;6.28
17484;Cauã Pereira Barros;3.63
21611;Vinicius Araujo Pereira;8.55
1978;Emilly Costa Barbosa;2.75
21970;Renan Cavalcanti Gomes;4.64
24441;Gabrielle Costa Costa;3.86
10880;Julian Cunha Pereira;7.96
21531;Luan Almeida Cavalcanti;5.44
20509;Lavinia Araujo Almeida;9.30
15407;Vitor Cunha Barros;7.51
1914;Pedro Pereira Carvalho;6.53
4865;Giovanna Goncalves Dias;1.63
12294;Rodrigo Santos Castro;4.59
10366;Camila Correia Carvalho;1.71
7665;Yasmin Cavalcanti Rocha;7.73
14421;Leonardo Araujo Pereira;6.87
13552;Pedro Ribeiro Sousa;3.30
8961;Matilde Costa Castro;2.94
22074;Luís Castro Rodrigues;7.60
23386;Enzo Carvalho Ribeiro;6.16
11565;Vitória Carvalho Lima;7.28
21490;Samuel Costa Rocha;2.86
27307;Emilly Carvalho Cunha;2.85
5970;Murilo Costa Silva;7.43
23927;Yasmin Barbosa Carvalho;4.31
8060;Leonardo Cavalcanti Rodrigues;4.42
17679;Amanda Santos Costa;0.51
3714;Estevan Ferreira Sousa;1.57
4497;Luana Dias Ribeiro;0.57
25190;Yasmin Carvalho Correia;2.82
12385;Nicole Correia Ribeiro;5.43
27557;Marcos Araujo Castro;3.85
16290;Guilherme Cardoso Dias;7.64
28564;Lucas Pinto Rodrigues;8.93
9439;Diogo Dias Barros;8.55
28433;Luiza Almeida Rodrigues;9.13
8533;Kauã Dias Dias;5.91
18526;Renan Souza Alves;7.38
9863;Manuela Alves Pereira;1.75
16135;Thiago Sousa Ferreira;0.15
19596;Luis Dias Rodrigues;4.22
11591;Carolina Barbosa Pereira;4.58
19426;Julieta Dias Santos;0.15
3005;Livia Azevedo Almeida;2.08
9096;Martim Martins Castro;2.81
9511;Amanda Oliveira Correia;4.91
24491;Giovana Pinto Costa;8.02
19469;Júlio Azevedo Castro;0.23
14175;Arthur Correia Alves;2.65
15590;Sarah Rocha Goncalves;0.80
20598;Carla Rodrigues Alves;9.02
14173;André Castro Silva;5.74
18009;Erick Castro Azevedo;5.92
22287;Isabela Azevedo Ferreira;0.80
15711;Paulo Gomes Fernandes;7.85
27150;Felipe Gomes Azevedo;1.84
5615;Ryan Cunha Azevedo;1.84
27533;Lucas Cardoso Castro;4.65
7511;Kauan Barros Dias;0.00
9606;Kauã Costa Souza;2.11
29641;Thaís Ferreira Goncalves;4.18
24947;Mariana Barbosa Ribeiro;6.36
4398;Ana Rodrigues Martins;6.30
15478;Nicolash Cavalcanti Gomes;8.89
15274;André Azevedo Rocha;8.13
983;Gabriel Azevedo Barros;8.14
29143;Gabrielle Ferreira Correia;8.02
12185;Carla Correia Azevedo;6.67
4560;Martim Dias Carvalho;3.27
16871;Antônio Rocha Barbosa;6.90
23953;Pedro Barros Cavalcanti;1.70
11045;Vinícius Dias Ribeiro;1.57
21081;Bianca Araujo Barros;3.88
21753;Lavinia Azevedo Correia;6.09
26022;Julieta Fernandes Costa;6.83
21447;Douglas Martins Barbosa;5.90
16968;Carlos Araujo Goncalves;7.67
13458;Julian Barbosa Goncalves;8.79
13118;Lucas Lima Rocha;9.67
18272;Victor Cunha Gomes;1.17
12933;Luís Pinto Dias;0.52
4792;Martim Cunha Ribeiro;3.07
17850;Julian Pereira Cunha;5.02
9890;Matilde Silva Cavalcanti;7.11
27577;Thaís Fernandes Melo;8.57
13040;Kauã Ribeiro Pinto;5.06
9704;Nicole Azevedo Souza;5.74
11398;Ágatha Rodrigues Ribeiro;8.80
24612;Felipe Carvalho Pinto;4.50
26774;Isabela Correia Almeida;6.22
5916;Gabrielly Gomes Silva;0.11
5100;Julia Gomes Costa;4.66
18640;Arthur Pereira Souza;1.61
17959;Caio Rodrigues Sousa;2.64
14447;Diogo Gomes Pinto;6.77
25158;Diego Ferreira Santos;3.64
26473;Vitór Pinto Fernandes;2.27
15910;Renan Dias Ferreira;3.44
29372;Raissa Araujo Cunha;2.09
17761;Leila Barros Cardoso;8.52
28773;Tomás Cardoso Cavalcanti;0.34
13208;Tomás Dias Pereira;3.23
16054;Giovana Barros Barros;8.35
13568;Arthur Cavalcanti Carvalho;7.95
23186;Maria Azevedo Cunha;2.60
975;Tomás Castro Alves;8.14
1015;Julia Carvalho Souza;1.82
4495;Isabela Souza Souza;5.98
29342;Aline Barbosa Alves;6.32
13021;Júlio Ribeiro Oliveira;1.16
16356;Melissa Cardoso Barbosa;9.33
22190;Carlos Araujo Fernandes;9.72
25439;Beatrice Gomes Cardoso;3.22
9060;Kaua Silva Silva;1.41
9404;Gabriela Goncalves Alves;0.37
15957;Fábio Araujo Cavalcanti;8.05
26465;José Correia Carvalho;8.01
10180;Miguel Ferreira Oliveira;5.17
16354;Vitória Pereira Cavalcanti;1.72
1459;Ágatha Carvalho Almeida;2.25
7214;Guilherme Fernandes Goncalves;2.04
22278;Daniel Alves Ribeiro;0.95
23821;Manuela Oliveira Oliveira;8.87
27841;Bianca Cardoso Silva;6.97
22688;Julia Sousa Castro;1.15
11648;Júlio Pereira Alves;6.40
24159;Vitór Correia Silva;6.41
7265;Douglas Azevedo Dias;1.53
29242;Leila Melo Lima;6.80
27593;Danilo Fernandes Ferreira;7.59
28052;Igor Correia Barbosa;8.25
475;Rafael Alves Sousa;7.20
19202;Tomás Santos Cardoso;3.07
22301;Vitória Dias Lima;9.66
29465;Raissa Melo Fernandes;1.11
15121;Thaís Rodrigues Sousa;2.13
9608;Maria Araujo Azevedo;3.26
107;Giovana Santos Souza;5.13
10497;Camila Almeida Melo;8.29
12255;Diego Gomes Ferreira;6.09
13562;Kauã Cavalcanti Rocha;6.29
14440;Vitor Barbosa Rodrigues;2.97
21240;Antônio Sousa Melo;9.69
4612;Bianca Martins Oliveira;3.35
24946;Melissa Pereira Dias;9.74
27895;Pedro Barros Gomes;1.51
4703;Renan Costa Fernandes;3.01
22156;Leila Cunha Fernandes;5.90
11380;Beatriz Costa Goncalves;0.53
1954;Gabriela Silva Oliveira;9.26
1003;Breno Castro Ribeiro;0.55
7848;Kauan Araujo Barros;4.70
9087;Erick Goncalves Costa;8.17
11273;Ágatha Carvalho Rodrigues;5.27
5556;Samuel Martins Santos;9.29
19475;Gabrielle Barbosa Rocha;7.00
10208;Larissa Dias Barbosa;0.12
3773;Melissa Alves Sousa;3.22
11643;Matilde Pereira Araujo;4.90
17438;Mateus Ribeiro Correia;5.80
24132;Tânia Araujo Carvalho;5.48
5813;Luís Dias Azevedo;8.13
3359;Rafael Rodrigues Oliveira;7.23
3971;Renan Ribeiro Costa;0.24
9812;Isabelle Araujo Fernandes;1.30
2036;Isabelle Gomes Ferreira;8.26
12427;Gabrielle Costa Santos;6.42
22268;Leonor Correia Barbosa;5.78
10827;Isabelle Sousa Cunha;8.65
18343;Arthur Correia Dias;2.26
22439;Anna Almeida Pinto;6.10
6678;Julieta Gomes Melo;6.70
5974;Leila Ribeiro Barros;4.21
28550;Emilly Sousa Ferreira;5.80
28319;Evelyn Melo Santos;4.84
18562;Enzo Gomes Ferreira;9.72
19841;Tânia Rocha Castro;2.79
2902;Bianca Araujo Castro;6.12
23344;João Souza Costa;1.94
3663;Kauã Cardoso Silva;7.83
21295;José Rodrigues Azevedo;9.40
5224;Carolina Lima Cunha;9.04
12579;Rafaela Barbosa Cavalcanti;6.34
2677;Vitor Sousa Barbosa;5.43
18451;Bruna Rodrigues Dias;7.51
4980;Sofia Pereira Azevedo;5.38
29964;Rafael Sousa Pinto;2.89
10360;Leonardo Pereira Rodrigues;8.72
10584;Sarah Costa Rodrigues;5.38
4269;Luan Ribeiro Correia;3.97
4277;Joao Melo Carvalho;9.56
5946;Bianca Ferreira Castro;6.30
19822;Tiago Carvalho Azevedo;3.30
2684;Rafaela Alves Santos;5.37
7642;Carlos Melo Carvalho;8.12
90;Anna Cavalcanti Castro;4.78
15765;Carolina Fernandes Oliveira;0.51
19446;Gabriel Oliveira Costa;3.60
11082;Giovanna Ferreira Pinto;1.51
27188;Enzo Rodrigues Martins;9.23
5624;Brenda Dias Cavalcanti;8.71
6581;Luiz Cardoso Ribeiro;4.22
28955;Nicolas Araujo Lima;4.81
23240;Emilly Ferreira Oliveira;9.10
22110;Beatrice Barbosa Ferreira;9.77
14755;Thiago Pinto Barbosa;2.59
12947;Clara Ribeiro Souza;2.17
8838;Victor Rocha Santos;6.01
1533;Matheus Carvalho Dias;3.49
216;Sofia Azevedo Lima;6.67
17995;Caio Cardoso Goncalves;7.18
27303;Rebeca Azevedo Ferreira;9.86
19211;Giovana Souza Martins;8.95
1368;Gabriela Alves Gomes;6.00
21732;Enzo Gomes Silva;6.15
6688;Paulo Barros Silva;8.71
26628;Miguel Correia Barros;8.26
2082;Diogo Pinto Correia;6.35
5436;Carolina Castro Almeida;3.54
7513;Leila Barros Melo;1.71
11311;Joao Correia Almeida;9.88
6280;Ryan Pinto Azevedo;3.80
4655;Vitór Cavalcanti Gomes;2.46
823;Isabela Martins Souza;8.13
15844;Julia Rocha Costa;0.01
12812;Gabrielly Cavalcanti Rocha;4.54
17322;Luis Castro Cavalcanti;0.98
29201;Eduarda Melo Rodrigues;3.25
24155;Rafaela Alves Sousa;3.77
13578;Luana Costa Costa;3.66
14116;Giovanna Rodrigues Ribeiro;0.81
24936;Ágatha Correia Barbosa;9.75
6146;Mariana Dias Cavalcanti;8.52
28741;Júlia Silva Santos;9.90
13111;Luís Santos Goncalves;6.75
1822;Erick Castro Castro;8.77
11278;Carla Sousa Oliveira;4.73
7028;Rebeca Goncalves Cardoso;0.59
24250;Miguel Rocha Fernandes;7.28
4897;Marcos Almeida Souza;7.97
20978;Joao Rodrigues Ribeiro;7.83
13613;Beatrice Sousa Silva;0.58
1520;Lucas Rocha Fernandes;9.35
26538;Luana Gomes Rocha;5.49
22295;Kaua Alves Silva;8.95
117;Murilo Oliveira Souza;8.63
5961;Carolina Cavalcanti Sousa;9.16
25386;Clara Barros Gomes;0.93
18309;Diogo Fernandes Cardoso;9.92
20351;Murilo Fernandes Goncalves;3.77
14067;Gabriela Alves Barbosa;5.47
20468;Diego Lima Fernandes;9.89
17767;Bruno Lima Pinto;0.56
17091;Raissa Souza Carvalho;3.48
17478;Tiago Gomes Silva;8.28
14323;Amanda Melo Costa;8.02
1317;Luís Barbosa Fernandes;9.91
23893;Sarah Pereira Dias;3.20
15293;Antônio Araujo Rodrigues;5.96
18400;Julieta Pereira Araujo;4.72
16106;Júlio Martins Azevedo;4.42
24172;Aline Pinto Gomes;3.14
23829;Vinicius Azevedo Santos;2.39
4626;Kauê Alves Dias;7.28
22948;Júlio Correia Ferreira;0.69
19719;Estevan Azevedo Castro;9.89
25384;Erick Alves Barbosa;5.63
2993;Leonor Ribeiro Castro;9.57
17859;Thaís Gomes Ferreira;6.77
25291;Daniel Lima Santos;4.32
25937;Manuela Cardoso Rodrigues;4.07
2157;Erick Fernandes Almeida;5.60
2111;Vinicius Azevedo Pinto;6.50
13147;Lavinia Cavalcanti Rocha;7.24
17537;Isabela Gomes Rocha;2.49
8835;Carlos Dias Castro;2.28
6528;Sophia Melo Santos;0.11
7376;Luiza Correia Barros;4.21
1974;Fábio Oliveira Araujo;5.02
13403;Luiza Almeida Fernandes;7.63
13537;Luana Costa Correia;9.13
22148;Isabella Almeida Cunha;4.09
25812;Gustavo Ferreira Rodrigues;7.38
26933;Douglas Cavalcanti Castro;2.14
23099;Mariana Silva Cavalcanti;9.17
20800;Joao Cunha Rodrigues;5.91
22282;Yasmin Alves Cavalcanti;2.83
22304;Maria Santos Fernandes;8.85
25292;Davi Araujo Pinto;1.63
384;Melissa Cardoso Correia;4.68
16293;Martim Martins Cavalcanti;1.56
20959;Aline Melo Fernandes;7.16
12457;Kaua Cardoso Costa;8.92
19597;Luana Rodrigues Barros;7.67
3752;Tiago Goncalves Silva;7.98
28165;Paulo Lima Santos;6.90
18205;Laura Ribeiro Melo;7.07
18883;Lucas Almeida Cunha;4.64
25359;Guilherme Gomes Carvalho;6.34
29354;Victor Almeida Pereira;5.59
13380;Cauã Rodrigues Silva;4.71
20345;Kauan Souza Silva;6.82
22867;Erick Cavalcanti Rocha;0.76
13592;Sarah Castro Dias;3.34
2274;Isabelle Rodrigues Fernandes;3.96
9103;Emily Santos Ferreira;3.87
15654;Miguel Barbosa Azevedo;0.57
29395;Danilo Fernandes Pereira;6.52
18701;Eduarda Pereira Melo;4.73
26283;Cauã Ribeiro Barros;1.03
1608;Antônio Martins Costa;5.60
19906;Luiza Goncalves Santos;3.91
20423;Bianca Azevedo Cunha;1.90
26086;Diego Carvalho Carvalho;7.64
27340;Julian Santos Ribeiro;8.16
6430;Emilly Santos Alves;2.89
1959;Davi Cunha Almeida;0.33
21802;Marisa Costa Cardoso;2.66
20804;Alex Cavalcanti Sousa;6.49
14202;Fábio Santos Gomes;8.36
7448;Estevan Rocha Gomes;5.60
3355;Tânia Silva Azevedo;5.70
5817;Emilly Gomes Carvalho;3.27
23495;André Barros Pinto;8.02
17544;Marisa Goncalves Cunha;1.97
5761;Sarah Araujo Rodrigues;6.64
28552;Sophia Castro Sousa;1.38
20366;Bruna Almeida Almeida;3.23
27771;Alex Pinto Silva;8.60
29566;Nicolash Azevedo Martins;4.36
5383;Isabella Barbosa Almeida;4.22
761;Raissa Azevedo Rodrigues;4.74
1451;Anna Alves Gomes;9.23
8960;Lucas Lima Castro;3.43
17618;Eduarda Barros Barbosa;9.44
3972;Carolina Pereira Cardoso;9.94
9325;Giovana Correia Almeida;8.79
27401;Vitór Martins Almeida;5.94
22219;Melissa Cunha Ribeiro;6.59
14379;Lavinia Pereira Araujo;9.11
10712;Murilo Silva Cardoso;7.01
21363;Nicolash Silva Souza;4.68
22101;Cauã Carvalho Pereira;3.65
23455;Isabelle Correia Rocha;0.83
6744;Felipe Melo Silva;0.97
1116;Raissa Azevedo Santos;5.99
27845;Gabrielly Oliveira Carvalho;2.28
20038;André Araujo Lima;9.65
10303;Bruna Almeida Rodrigues;5.11
14244;Alex Correia Rocha;4.11
21029;Luiz Oliveira Rocha;4.80
19766;Vitor Melo Pereira;6.98
11638;Danilo Azevedo Correia;1.83
14665;Raissa Rodrigues Costa;8.39
16541;Nicolas Dias Almeida;8.69
5197;Sofia Martins Oliveira;7.94
1421;Eduardo Castro Sousa;5.65
11345;Leonor Sousa Correia;7.92
23665;Douglas Cardoso Gomes;9.60
15692;Victor Azevedo Azevedo;3.98
19544;José Oliveira Fernandes;5.12
16973;Letícia Santos Rodrigues;7.28
16540;Julieta Costa Melo;5.49
8057;Letícia Barros Goncalves;2.73
8229;Joao Pinto Barros;9.86
20891;Fernanda Ferreira Souza;2.39
10070;Beatriz Ferreira Almeida;0.96
21136;Eduarda Sousa Azevedo;5.80
10608;Emily Cunha Costa;6.31
3389;Kaua Alves Silva;8.67
28114;Marcos Ferreira Correia;1.74
7473;Julia Goncalves Carvalho;2.29
10419;Larissa Pereira Oliveira;4.76
26050;Enzo Silva Ribeiro;2.79
29284;Alice Rocha Pereira;8.42
25533;Antônio Almeida Rocha;5.73
5475;Vinicius Barbosa Ferreira;1.52
12184;Paulo Cardoso Dias;5.70
16839;Melissa Araujo Cunha;1.45
5322;Douglas Almeida Rodrigues;2.60
18076;Beatriz Martins Correia;6.07
27462;Gabrielly Cardoso Goncalves;4.30
20981;Giovana Pereira Correia;8.95
17722;Antônio Rodrigues Alves;1.14
2283;Vinicius Melo Souza;9.73
12117;Breno Lima Cunha;4.07
24819;Brenda Goncalves Costa;6.79
1694;Arthur Souza Pereira;8.52
13499;Bianca Barbosa Costa;8.69
13387;Gabrielly Cardoso Cunha;4.31
17716;Rafaela Goncalves Barros;1.41
16584;Rafael Barros Almeida;7.92
21565;Luís Cunha Sousa;3.59
25285;Kauã Rocha Silva;3.36
26554;Martim Ferreira Cunha;8.95
29824;Vitor Goncalves Rocha;3.57
29036;Luana Melo Oliveira;0.85
8563;Pedro Araujo Castro;8.82
27316;Rodrigo Silva Almeida;2.20
27545;Vinicius Ferreira Dias;6.14
11218;Marisa Sousa Gomes;8.37
17346;Isabela Azevedo Almeida;9.31
9237;Paulo Almeida Cavalcanti;8.00
7002;Brenda Silva Dias;9.03
6435;Carolina Fernandes Gomes;6.78
12899;Leonardo Martins Cunha;0.01
26015;Emily Correia Ferreira;0.96
13348;Julieta Araujo Lima;6.37
1512;Yasmin Barros Castro;2.82
24798;Enzo Almeida Araujo;6.34
21746;Larissa Santos Ferreira;4.83
5318;João Carvalho Alves;4.50
6622;Ana Azevedo Carvalho;5.07
13155;Matheus Azevedo Pinto;4.41
1472;Evelyn Gomes Correia;4.51
17377;Vitór Melo Rocha;2.61
1859;Beatriz Ferreira Cardoso;6.14
28796;Thiago Pereira Alves;2.13
4058;Kauê Carvalho Dias;2.85
8370;Danilo Barros Melo;5.96
15200;Renan Azevedo Goncalves;8.11
28333;Evelyn Cardoso Pinto;3.88
9641;Carlos Souza Dias;1.84
6191;Renan Alves Rocha;3.04
9095;Breno Martins Sousa;9.03
22336;Manuela Azevedo Goncalves;1.10
16007;Miguel Ribeiro Cardoso;4.09
27013;Clara Alves Costa;0.38
12196;Gabrielly Goncalves Araujo;2.96
20474;Eduarda Rodrigues Silva;6.72
20878;Camila Correia Rodrigues;3.11
25834;Kaua Araujo Souza;2.70
25438;João Cunha Rodrigues;3.63
24719;Igor Goncalves Carvalho;4.98
23427;Paulo Ribeiro Araujo;2.99
18595;Yasmin Azevedo Almeida;1.37
5263;Vinicius Cunha Goncalves;4.46
23216;Beatriz Melo Dias;4.88
11094;Vinicius Ribeiro Pereira;4.75
3274;Rebeca Correia Almeida;8.36
6290;Alex Rodrigues Goncalves;5.30
10286;Victor Sousa Sousa;6.48
28462;Douglas Cunha Pereira;8.94
16532;Fábio Lima Cavalcanti;7.82
29473;Kauã Ribeiro Pereira;1.86
16516;Evelyn Carvalho Martins;1.28
27131;Leonardo Almeida Cunha;7.92
16117;Estevan Alves Gomes;6.12
6163;Igor Barbosa Silva;8.06
6830;Luiz Silva Lima;5.31
3324;Aline Cunha Dias;4.78
238;Miguel Azevedo Dias;0.08
8077;Igor Alves Oliveira;0.15
4947;Cauã Carvalho Dias;3.63
29376;Vinícius Barros Oliveira;7.10
17264;Julieta Melo Costa;0.05
24214;Diogo Rocha Pinto;7.81
25617;Alice Ribeiro Melo;4.25
4971;Julia Carvalho Goncalves;5.40
28228;Vitor Fernandes Pereira;8.34
20115;Murilo Sousa Pereira;0.39
13758;Gustavo Cavalcanti Santos;3.36
2621;Gabrielly Lima Goncalves;8.73
21858;Gabrielly Ferreira Barros;8.20
22394;Larissa Barros Cunha;5.05
12509;Marina Melo Cavalcanti;8.27
13262;Fábio Rodrigues Fernandes;9.82
11091;Thaís Goncalves Rodrigues;2.65
5706;Giovana Lima Azevedo;0.41
27524;Livia Martins Pinto;8.62
16663;Danilo Gomes Correia;1.79
29308;Kaua Almeida Almeida;8.07
20277;Martim Cavalcanti Rodrigues;2.64
15011;Manuela Cardoso Goncalves;9.17
23250;Rafael Sousa Castro;6.55
11624;Gabriel Melo Barros;3.55
14788;Tomás Rodrigues Cavalcanti;1.47
518;Amanda Ribeiro Pinto;0.40
15619;Leonardo Castro Rodrigues;9.94
21793;Eduarda Fernandes Cardoso;3.36
22138;Murilo Martins Costa;7.38
11534;Daniel Souza Cavalcanti;9.82
25261;Vinicius Pinto Rodrigues;0.30
2336;Breno Barbosa Pereira;5.39
410;Kaua Cunha Souza;2.22
3376;Matilde Rocha Carvalho;7.88
4293;Cauã Barbosa Carvalho;1.38
3508;Aline Azevedo Oliveira;1.81
22980;Luís Dias Rocha;0.81
5695;Anna Lima Goncalves;9.03
15818;Otávio Rodrigues Costa;8.43
28152;Estevan Lima Costa;2.11
26576;Gabriel Almeida Pinto;3.93
16700;Amanda Barros Rodrigues;6.46
21359;Guilherme Pinto Azevedo;5.14
27345;Alice Barbosa Lima;5.63
27724;Brenda Ferreira Castro;7.47
19942;Manuela Goncalves Oliveira;6.13
19659;Manuela Lima Castro;4.53
3181;Lavinia Carvalho Ferreira;0.51
2825;Alex Castro Carvalho;1.60
5308;Estevan Correia Fernandes;5.65
5927;Clara Correia Melo;3.19
16934;Joao Barros Castro;6.76
3907;Vitor Ribeiro Ferreira;7.95
232;Mateus Lima Pinto;7.22
23471;Sofia Barbosa Pereira;4.51
10628;Victor Costa Santos;7.00
10273;Cauã Almeida Pereira;1.69
2845;Julian Barros Martins;4.02
11079;Nicolas Fernandes Cavalcanti;5.02
2903;Ryan Castro Costa;9.46
25070;Júlia Costa Ferreira;8.56
4708;Paulo Barros Rocha;6.74
24846;Murilo Araujo Santos;8.92
8266;Vitór Barbosa Cunha;8.90
29554;Thiago Barbosa Goncalves;9.10
1675;Matilde Rodrigues Barros;3.72
16160;Diogo Pinto Pereira;1.72
17481;Isabella Souza Cunha;1.61
16080;Luis Araujo Sousa;7.80
29119;Brenda Barbosa Almeida;1.63
21108;Sarah Sousa Carvalho;8.38
11533;Kauê Ferreira Dias;0.93
28569;Ágatha Dias Correia;8.92
11908;Matilde Pereira Ferreira;0.58
24248;Estevan Araujo Araujo;6.24
22617;Otávio Lima Alves;5.55
16248;Brenda Correia Pinto;7.12
26352;Isabelle Cardoso Martins;8.07
22626;Fábio Carvalho Barbosa;2.01
13504;Estevan Martins Ribeiro;5.95
6832;Bianca Souza Goncalves;6.72
23252;Rebeca Costa Ferreira;6.34
27259;Lavinia Cardoso Ribeiro;1.72
18884;Tomás Correia Silva;5.64
28836;Marisa Gomes Cavalcanti;4.64
5287;Isabela Azevedo Azevedo;5.35
2730;Carlos Pereira Rocha;9.00
24339;Mateus Barros Fernandes;6.14
5153;Kaua Barbosa Rocha;6.84
3819;Julia Cardoso Rocha;6.73
17443;Vitoria Alves Sousa;8.80
15837;Yasmin Dias Barbosa;4.16
7760;Vinícius Pereira Araujo;8.45
29957;Breno Correia Ribeiro;4.74
28978;Luiza Carvalho Ribeiro;6.16
26779;Nicole Almeida Martins;7.28
4859;Marisa Silva Pereira;3.36
3112;Carlos Barros Araujo;0.38
4658;Maria Cardoso Cavalcanti;5.57
6287;Carla Rocha Ribeiro;6.97
14458;Carolina Santos Souza;3.38
27619;Vinicius Fernandes Pinto;8.69
23502;Alex Gomes Barbosa;0.48
8496;Tânia Cardoso Barbosa;3.82
11113;Marisa Carvalho Carvalho;8.32
1781;Lara Ferreira Santos;6.32
670;Júlio Carvalho Barros;2.02
19272;Thiago Cardoso Cavalcanti;4.36
24888;Beatriz Pinto Santos;3.10
22546;Kauê Rocha Castro;2.24
21424;Larissa Sousa Cunha;4.21
13037;Joao Cavalcanti Goncalves;9.16
20810;Eduarda Araujo Sousa;5.39
16542;João Souza Gomes;1.78
24618;Clara Araujo Pereira;5.63
19805;Nicolash Cavalcanti Costa;2.05
12721;Amanda Oliveira Costa;0.98
20875;Erick Alves Castro;0.80
28414;Murilo Costa Alves;9.60
21232;Luís Pereira Dias;4.39
20303;José Fernandes Almeida;8.33
8044;Raissa Lima Dias;7.83
28708;Leila Carvalho Rodrigues;3.20
9009;Camila Carvalho Goncalves;8.66
725;Luis Gomes Cardoso;4.12
16180;Eduardo Pereira Almeida;6.15
25564;Raissa Silva Cardoso;3.28
20225;Kauan Melo Rocha;6.49
27308;João Rocha Almeida;1.98
864;Daniel Gomes Fernandes;0.17
29235;Kauê Goncalves Barros;4.54
9342;Nicolash Fernandes Azevedo;8.89
7299;Vinícius Pereira Ferreira;0.43
27005;João Pereira Rodrigues;3.61
25781;Laura Barros Costa;8.78
6818;Luiza Santos Silva;4.93
13888;Ana Cunha Ferreira;7.26
10612;Rafael Ferreira Ribeiro;0.78
11240;Kauã Araujo Silva;7.62
12170;Luís Fernandes Ferreira;4.88
28325;Laura Santos Correia;6.93
20210;Lavinia Alves Souza;6.91
27202;Ryan Rodrigues Silva;9.13
4192;Miguel Cardoso Dias;6.96
12510;Luana Gomes Silva;6.46
11546;Mateus Rodrigues Ribeiro;7.76
2661;Kauê Goncalves Melo;6.37
10621;Marina Goncalves Barbosa;2.11
19649;Anna Goncalves Oliveira;1.04
26347;Mateus Cavalcanti Almeida;9.23
13982;Bruno Cardoso Cunha;4.13
7012;Mateus Barros Pereira;9.75
19509;Tânia Cunha Sousa;8.96
26759;Fernanda Silva Gomes;5.69
25905;Leonardo Cardoso Dias;2.23
23540;João Dias Oliveira;7.18
26852;Julieta Alves Azevedo;3.80
21660;Júlio Lima Castro;8.99
11165;Melissa Carvalho Cavalcanti;5.89
4548;Thiago Barros Pinto;4.41
17494;Erick Rocha Silva;7.29
20518;Rodrigo Silva Fernandes;8.78
21335;Raissa Martins Ferreira;2.35
5486;Kauã Almeida Pereira;4.86
10978;Kai Cavalcanti Barbosa;5.13
9397;Luís Martins Ferreira;8.16
6582;Kaua Castro Almeida;5.02
27948;Luana Azevedo Fernandes;5.48
16082;Giovana Santos Barros;4.90
5025;Evelyn Ferreira Barros;7.11
2190;Fernanda Dias Almeida;6.42
6695;Tiago Correia Pinto;5.72
6851;Rafael Castro Araujo;1.72
7858;Enzo Pinto Correia;8.29
14903;Giovana Lima Cavalcanti;1.80
17860;Nicolas Rocha Fernandes;1.02
15152;Manuela Ribeiro Araujo;5.05
2673;Victor Carvalho Fernandes;7.94
24029;Fernanda Oliveira Dias;3.36
17897;Gabriel Gomes Rocha;7.35
2525;Gustavo Melo Pereira;7.03
6414;Leonor Costa Dias;3.41
9633;Alex Oliveira Cunha;2.40
22209;Leonor Almeida Sousa;5.77
28218;Nicolas Araujo Goncalves;0.98
17976;Tomás Alves Martins;8.09
980;Melissa Rocha Souza;6.70
29484;Yasmin Lima Fernandes;0.29
23599;Eduarda Santos Pereira;8.46
14720;Erick Barbosa Almeida;9.00
460;Alice Alves Azevedo;6.90
20245;Luana Silva Alves;6.53
28657;Renan Dias Gomes;7.37
2670;Matilde Dias Almeida;8.31
18057;Lara Costa Rocha;4.19
14780;Emilly Castro Costa;5.96
9769;Isabella Castro Gomes;1.92
20545;Júlia Alves Souza;2.74
10035;Paulo Oliveira Gomes;7.71
29599;Thiago Ferreira Barbosa;7.43
3082;José Rocha Castro;3.10
27192;Matheus Goncalves Lima;9.27
20928;Kauan Ribeiro Goncalves;7.56
12874;Fernanda Rodrigues Melo;9.05
22820;Anna Rodrigues Lima;5.13
10958;Nicolas Rocha Correia;4.80
19921;Martim Pinto Sousa;9.60
22547;Thaís Barros Alves;8.54
14319;Emilly Correia Castro;2.01
12357;Victor Azevedo Alves;8.40
1957;Guilherme Melo Araujo;7.58
17122;Emilly Pinto Oliveira;8.00
15920;Matheus Ribeiro Oliveira;8.14
10095;Ryan Silva Castro;3.24
25669;João Alves Gomes;1.50
5056;Mariana Rodrigues Santos;2.84
23264;Nicole Martins Costa;1.82
20796;Paulo Rocha Alves;9.66
16922;Lavinia Cardoso Ferreira;2.01
2612;Gabrielly Ribeiro Cunha;2.29
21484;Emily Carvalho Alves;2.09
7519;Letícia Oliveira Azevedo;7.49
6745;Mateus Pinto Lima;0.36
28508;Alice Fernandes Ribeiro;2.17
20819;Felipe Almeida Rodrigues;1.50
2113;Matilde Correia Gomes;5.99
10538;Clara Costa Barbosa;8.44
24901;Rebeca Almeida Souza;7.16
25814;Gabriel Correia Pereira;9.51
12123;Diego Cavalcanti Rodrigues;3.64
13022;Emily Gomes Pereira;8.44
25453;Bruna Martins Barros;8.40
11842;Maria Santos Oliveira;0.68
11224;Nicole Silva Fernandes;5.17
1714;Anna Araujo Fernandes;4.03
25576;Isabelle Alves Lima;5.82
17173;Douglas Ribeiro Pereira;5.81
304;Arthur Fernandes Alves;7.89
23072;Vitor Santos Pereira;9.56
22034;Douglas Dias Melo;8.76
16432;Daniel Souza Araujo;5.55
8222;Renan Castro Santos;1.87
9131;Sarah Martins Rocha;9.99
13840;Lara Araujo Pereira;3.14
8691;Douglas Souza Barbosa;0.09
9689;Sofia Cavalcanti Barros;5.99
45;Kauê Souza Carvalho;4.26
25197;Sophia Silva Pinto;7.80
27618;Sarah Cunha Alves;9.13
25397;Thiago Ferreira Araujo;0.21
12654;Vitoria Martins Rodrigues;2.26
14161;Leila Pereira Melo;8.43
29377;Alice Costa Gomes;6.40
26361;Evelyn Ribeiro Gomes;3.55
267;Daniel Barros Ribeiro;7.83
14785;Martim Pinto Barros;7.21
16024;Douglas Fernandes Pereira;4.17
27478;Cauã Alves Araujo;8.12
16779;Carolina Silva Ferreira;0.33
17870;Felipe Santos Ferreira;1.28
26278;Sophia Lima Correia;6.42
19142;Mariana Barbosa Cardoso;7.02
19901;Fernanda Costa Gomes;6.98
28469;Erick Souza Martins;0.58
29775;Alice Azevedo Martins;1.82
109;Diogo Cavalcanti Santos;7.26
16795;Rodrigo Melo Cavalcanti;2.11
21434;Giovana Cunha Cavalcanti;5.76
8285;Guilherme Sousa Ribeiro;8.86
2021;Fábio Pinto Ribeiro;7.84
27733;José Rodrigues Silva;4.34
8640;Beatriz Correia Santos;4.33
2943;Rafaela Correia Castro;9.17
28724;Samuel Rodrigues Almeida;0.92
2239;Matilde Pereira Lima;9.10
9546;Erick Ribeiro Castro;8.66
19074;Martim Melo Pinto;7.93
14604;Carla Pereira Sousa;0.62
28496;Samuel Cardoso Pereira;7.13
21212;Bruno Rocha Lima;4.59
5403;Letícia Goncalves Fernandes;5.23
17152;Carlos Correia Almeida;8.21
977;Luis Melo Carvalho;5.18
29389;Victor Lima Castro;3.14
11174;Kauê Alves Carvalho;4.17
13533;Otávio Oliveira Cavalcanti;0.19
19692;Ryan Souza Araujo;3.01
18108;Luiza Santos Santos;0.63
25360;Tiago Correia Fernandes;1.47
10464;Luiz Azevedo Correia;5.63
19835;Camila Alves Rodrigues;9.27
5830;Ryan Cavalcanti Gomes;7.19
490;Alice Melo Dias;6.23
7159;Rebeca Costa Lima;0.16
10307;Giovanna Costa Lima;9.42
23060;Livia Dias Barros;3.39
19854;Diogo Pereira Cavalcanti;0.76
29573;Livia Correia Sousa;2.97
3077;Carolina Lima Costa;3.66
5031;Lara Melo Barbosa;8.44
12041;Pedro Gomes Melo;9.41
1697;Sofia Sousa Santos;8.78
457;Vitória Pinto Barbosa;0.23
14912;Rebeca Araujo Rodrigues;8.40
28264;Thiago Martins Melo;1.43
13812;Mateus Costa Almeida;4.31
6623;Isabella Goncalves Santos;7.60
17736;Lavinia Martins Alves;0.71
20739;Thaís Fernandes Correia;1.83
7067;Gabriela Dias Rocha;9.38
3542;Marcos Fernandes Araujo;2.36
2427;Miguel Cardoso Oliveira;8.10
22711;Júlia Cardoso Sousa;4.73
22027;Kaua Lima Pereira;8.20
17857;Manuela Costa Rocha;3.40
3974;Murilo Almeida Sousa;0.97
7499;Júlio Oliveira Santos;3.90
17266;Tânia Martins Oliveira;4.66
23134;Raissa Azevedo Fernandes;2.35
2851;Gabrielle Rocha Melo;3.51
22389;Alex Barros Pereira;2.83
16620;João Cavalcanti Rodrigues;2.70
29374;Miguel Martins Araujo;5.08
472;José Azevedo Almeida;2.18
586;Renan Ribeiro Cavalcanti;5.97
16527;Gabriel Silva Almeida;0.05
5998;Vitoria Almeida Castro;3.23
372;Laura Rodrigues Gomes;1.12
9721;Vitor Santos Costa;4.38
25212;Aline Rodrigues Sousa;0.34
7930;Isabella Fernandes Martins;1.58
728;Gustavo Dias Dias;7.28
22064;Marisa Cavalcanti Barros;2.60
18178;Alice Pereira Rodrigues;2.39
18282;Camila Castro Cunha;8.15
2368;Mateus Azevedo Silva;5.13
29727;Isabella Pereira Gomes;0.27
11790;Arthur Almeida Costa;0.06
14812;Júlia Cardoso Ferreira;1.42
21621;Tânia Melo Ribeiro;2.41
12475;Victor Souza Cunha;5.24
28142;Amanda Correia Costa;6.06
26384;Douglas Cardoso Azevedo;0.11
4586;Camila Ferreira Rodrigues;8.27
28092;Leonardo Pinto Souza;6.03
9508;João Melo Araujo;8.51
4801;Mateus Fernandes Oliveira;0.85
13659;Isabelle Gomes Gomes;3.56
13521;Gabrielly Goncalves Pinto;0.41
25189;Miguel Dias Carvalho;7.31
16402;Melissa Cunha Carvalho;4.59
2;Laura Azevedo Dias;1.49
5130;Breno Dias Correia;5.06
15802;Lara Rodrigues Carvalho;4.35
8123;Kauê Dias Cavalcanti;9.83
24151;Gabrielle Oliveira Goncalves;3.15
6669;Joao Alves Ribeiro;0.98
14290;Thaís Rodrigues Dias;6.16
11808;Danilo Cavalcanti Ferreira;5.53
11617;Kai Costa Gomes;2.74
24187;Nicolash Ribeiro Oliveira;7.55
25009;Camila Goncalves Barbosa;3.05
19714;Victor Costa Araujo;5.26
17871;Nicole Lima Alves;3.99
9615;Evelyn Alves Fernandes;4.29
29662;Yasmin Correia Martins;4.68
9759;Aline Araujo Dias;0.46
4054;Isabella Martins Ribeiro;4.95
27285;Nicolash Pereira Pereira;4.90
17334;Thiago Castro Costa;3.74
26672;Caio Pereira Ribeiro;5.45
11667;Miguel Martins Lima;9.43
3601;Nicolash Dias Melo;5.20
20951;Vinicius Lima Fernandes;4.14
637;Davi Goncalves Carvalho;0.45
15142;Isabella Barbosa Carvalho;8.14
23616;Fábio Ferreira Ferreira;7.84
7573;Alex Carvalho Melo;4.26
23178;Pedro Alves Pinto;0.46
10923;Kauã Cardoso Lima;4.92
11771;Alex Cunha Almeida;3.68
7952;Maria Pereira Barbosa;1.14
24007;Gabrielle Azevedo Pinto;7.82
17406;Erick Costa Cardoso;6.53
8742;Diogo Oliveira Oliveira;0.84
19856;Sarah Cunha Goncalves;6.31
28604;Gabriela Souza Cavalcanti;9.80
4773;Luiza Castro Rocha;7.72
12406;Bianca Araujo Souza;4.24
5238;Camila Oliveira Oliveira;0.27
2162;Sarah Castro Pereira;7.19
8450;Otávio Ribeiro Barbosa;8.19
1787;Luis Cardoso Dias;6.52
19569;Sofia Pinto Carvalho;7.16
13989;Tânia Souza Pinto;2.71
24909;Sophia Pinto Melo;5.13
8823;Ágatha Correia Martins;9.26
10904;Rebeca Rodrigues Alves;3.56
28028;Felipe Almeida Pinto;6.33
14154;Vitória Almeida Ferreira;8.49
29746;Raissa Melo Gomes;3.83
28143;Giovanna Alves Santos;1.17
1461;Luiz Cavalcanti Barros;3.42
26322;Luan Barbosa Carvalho;7.98
20973;Emily Melo Barros;0.86
17817;Anna Dias Cardoso;5.51
15071;Sophia Araujo Carvalho;3.70
16604;Carla Cunha Lima;1.50
4094;Gabriela Cavalcanti Martins;5.81
7013;Alex Martins Castro;9.10
28690;Julian Gomes Araujo;6.34
26608;Daniel Dias Cavalcanti;9.81
11459;Victor Rocha Araujo;8.39
9411;Raissa Rocha Lima;9.55
13700;Luana Sousa Cavalcanti;2.52
7206;Pedro Cavalcanti Rodrigues;3.00
21688;Thiago Silva Alves;2.28
20780;Giovana Barros Santos;2.75
24017;Cauã Araujo Lima;8.20
4876;Carlos Oliveira Cunha;2.95
17447;Julia Souza Santos;3.07
19310;Antônio Almeida Pereira;7.63
23050;Evelyn Cavalcanti Silva;2.00
6760;Ágatha Ferreira Lima;7.31
155;Isabelle Ribeiro Rodrigues;3.09
9267;Rodrigo Pinto Sousa;6.86
8303;Leonardo Dias Martins;5.04
456;Leonardo Castro Gomes;1.84
21145;Letícia Castro Santos;4.55
23102;Kauê Barros Barbosa;5.55
51;Leila Sousa Martins;0.54
27554;Carlos Azevedo Azevedo;6.10
18220;Nicolas Barbosa Santos;3.73
20176;Luís Lima Pinto;8.55
4450;Douglas Barros Carvalho;4.95
22267;Vitór Fernandes Carvalho;8.69
24724;Gustavo Dias Pinto;0.62
19797;Diogo Fernandes Martins;2.90
1856;Alice Goncalves Azevedo;4.45
3660;Gustavo Almeida Cavalcanti;3.76
21203;Caio Azevedo Barbosa;7.52
20678;Luan Ribeiro Souza;7.59
15144;Luis Alves Alves;3.85
8125;Vitór Sousa Alves;0.86
16437;Alex Martins Rocha;3.52
7736;Vinicius Ribeiro Almeida;6.74
12807;Sophia Correia Costa;6.70
7588;Rodrigo Goncalves Barbosa;0.85
22545;Evelyn Correia Ferreira;7.95
1665;Luis Goncalves Almeida;2.13
10145;Kaua Oliveira Ribeiro;6.93
15645;Martim Ferreira Almeida;1.30
798;Vinicius Rocha Rodrigues;9.92
28352;Estevan Costa Costa;2.44
13589;Sophia Sousa Souza;3.78
3339;Bruna Alves Lima;7.93
22319;Sarah Fernandes Santos;2.58
6904;Luana Ferreira Santos;9.72
8632;Carla Martins Sousa;1.12
3195;Emilly Castro Rodrigues;9.92
17208;Carolina Ribeiro Alves;2.86
25838;Fernanda Araujo Costa;9.86
22280;Vitór Cunha Barros;4.41
21419;Nicolas Martins Pinto;6.26
6545;Alex Oliveira Castro;7.36
6714;Matheus Fernandes Pinto;8.35
10191;Thaís Cunha Cardoso;0.96
24145;Enzo Fernandes Araujo;9.34
12416;Sarah Cunha Cavalcanti;3.56
12367;Lavinia Alves Rocha;3.44
11425;Melissa Fernandes Pinto;9.79
16184;Maria Carvalho Barbosa;10.00
29884;Tiago Dias Cardoso;1.68
517;Douglas Rodrigues Souza;6.96
5639;Nicole Araujo Pereira;6.54
23548;Enzo Goncalves Souza;5.23
18265;Rafaela Azevedo Sousa;5.64
24289;Luana Lima Ferreira;0.72
16917;Lavinia Ferreira Almeida;3.48
16053;Martim Oliveira Melo;3.09
5810;Erick Lima Ribeiro;9.03
9137;Leila Lima Silva;3.93
15269;Cauã Sousa Alves;3.98
18862;Fernanda Goncalves Fernandes;3.87
29625;Gabrielle Rocha Ferreira;6.03
1699;Lucas Costa Castro;3.97
15456;Luiza Cunha Santos;5.31
23073;Sarah Rocha Sousa;6.84
8106;Tomás Castro Carvalho;0.92
12841;Melissa Cunha Sousa;6.49
16459;Miguel Araujo Barros;9.30
27604;Isabella Rocha Cardoso;4.08
16553;Sofia Ribeiro Alves;7.53
23279;Emilly Melo Santos;2.26
26659;Luana Castro Barros;6.98
15295;Danilo Alves Oliveira;1.51
7591;Camila Goncalves Araujo;7.01
15298;Luiza Araujo Alves;8.48
15083;Felipe Cardoso Fernandes;7.34
24550;Luana Carvalho Silva;3.79
7501;Brenda Martins Correia;5.66
21491;Murilo Souza Ribeiro;3.63
18233;Isabelle Fernandes Oliveira;1.37
26130;Fernanda Alves Melo;6.48
3905;Larissa Almeida Dias;2.40
4810;Fernanda Silva Santos;9.77
4749;Bruno Dias Ribeiro;0.51
20553;Carla Sousa Santos;0.81
25940;Diogo Correia Azevedo;0.81
25811;Diogo Melo Martins;0.22
19609;Pedro Castro Barbosa;3.91
16262;Lara Pinto Santos;7.54
24889;Gabrielly Carvalho Correia;6.00
2153;Eduarda Cunha Costa;1.17
4975;Sarah Souza Rocha;6.45
9258;Lavinia Almeida Araujo;5.47
8979;Julieta Silva Correia;0.22
22857;José Melo Cunha;3.28
271;Júlia Cardoso Gomes;4.69
27922;Marisa Cavalcanti Gomes;6.52
12631;Kaua Cardoso Cunha;3.64
27112;Larissa Oliveira Cavalcanti;3.44
20703;Vitor Lima Martins;0.95
23784;Sarah Martins Ribeiro;5.67
7260;Giovanna Santos Pereira;5.39
1501;Cauã Melo Fernandes;4.37
7569;Vitória Dias Pinto;1.27
5768;Emilly Carvalho Azevedo;4.92
1772;Fernanda Melo Dias;7.13
10551;Luiza Dias Sousa;7.91
26101;Lucas Sousa Cavalcanti;4.01
26125;Marcos Cavalcanti Castro;4.67
4752;Luan Barros Ferreira;6.35
12958;Kauan Sousa Almeida;7.56
21770;João Azevedo Silva;4.73
6469;Vitor Carvalho Goncalves;3.30
16667;Rebeca Martins Dias;6.73
6586;Caio Barros Carvalho;8.85
27825;Bianca Barros Melo;7.89
3434;Felipe Rodrigues Goncalves;6.32
12321;Pedro Barros Sousa;0.30
145;Pedro Fernandes Silva;3.98
27061;Camila Araujo Cardoso;7.38
29416;Kai Azevedo Ferreira;7.37
10529;Evelyn Rocha Barbosa;5.55
8988;Julia Melo Lima;0.74
16501;Rafael Martins Cavalcanti;7.40
23646;José Oliveira Lima;3.78
2706;Emily Cunha Souza;7.19
12640;Tomás Costa Santos;2.72
26878;Bianca Gomes Pereira;8.67
2428;Leonor Oliveira Barbosa;9.37
14313;Murilo Cavalcanti Castro;4.13
17552;Rafael Barros Oliveira;1.25
9049;Melissa Rocha Cunha;9.79
11321;Rebeca Ferreira Pereira;0.23
16116;Estevan Martins Barbosa;3.08
24359;Laura Sousa Ribeiro;2.53
4984;José Lima Pinto;8.09
29893;Amanda Barros Rocha;4.28
20347;Luis Oliveira Araujo;0.06
17896;Manuela Dias Barros;6.12
12340;Matheus Azevedo Goncalves;4.46
11784;Amanda Souza Gomes;1.44
13784;Leila Silva Melo;0.19
22424;Brenda Costa Barros;9.77
21542;Aline Rodrigues Costa;9.12
15664;Tânia Goncalves Melo;5.79
3147;Leonardo Gomes Barbosa;2.28
10631;Paulo Lima Castro;1.20
8896;Emily Barros Barros;8.27
4493;Pedro Cardoso Barros;8.25
26284;Alice Correia Gomes;7.79
6370;Marina Azevedo Silva;1.07
24764;Mateus Fernandes Barbosa;2.62
7404;João Souza Pereira;0.90
27934;Vinicius Ribeiro Gomes;4.87
24853;Ryan Gomes Barbosa;4.33
10420;Enzo Araujo Correia;2.10
6065;Luís Pereira Lima;0.10
18750;Kauê Barros Sousa;6.79
19550;Fábio Goncalves Fernandes;4.22
9974;Diogo Ribeiro Sousa;9.85
10220;Bianca Sousa Cardoso;5.25
27319;José Araujo Cardoso;6.49
11568;Kauan Goncalves Barros;8.60
7191;Bianca Araujo Dias;7.35
19049;Fábio Goncalves Correia;5.90
21463;Pedro Pereira Pinto;3.39
20414;Carlos Cavalcanti Silva;8.15
26069;Estevan Almeida Rodrigues;2.97
8684;Rafaela Goncalves Lima;6.90
23132;Igor Cavalcanti Santos;5.48
26228;Raissa Gomes Goncalves;8.52
953;Raissa Costa Castro;2.57
14524;Maria Almeida Dias;2.54
2984;Julian Pereira Santos;7.04
11468;Nicolas Cavalcanti Cardoso;0.06
3914;Luís Lima Almeida;1.82
10036;Bruno Fernandes Souza;2.67
5842;Matheus Santos Barros;1.94
13663;Danilo Costa Pinto;3.95
23921;Mariana Pereira Ribeiro;7.85
5672;Otávio Cunha Azevedo;4.15
20097;Vitoria Azevedo Costa;7.45
11119;Giovana Barros Santos;8.22
16927;Enzo Alves Azevedo;1.03
12629;Júlia Cavalcanti Ferreira;9.47
13609;Sophia Goncalves Barbosa;7.77
27635;Gabrielly Melo Cunha;2.67
18389;Anna Sousa Oliveira;5.06
15613;Nicole Costa Gomes;2.73
7287;Arthur Almeida Lima;7.02
11384;Larissa Rocha Almeida;3.16
17114;Antônio Barros Rocha;3.98
6345;Murilo Oliveira Santos;4.11
4004;Nicolash Lima Rocha;4.69
17802;João Barbosa Fernandes;8.88
8920;Mariana Melo Rocha;0.10
25640;Isabella Azevedo Sousa;0.13
23808;Marcos Barros Martins;6.04
12351;Sophia Melo Souza;1.26
27120;Vitor Cardoso Fernandes;3.78
19368;Matilde Almeida Fernandes;7.72
16287;Camila Dias Almeida;9.20
28746;Luan Oliveira Oliveira;7.71
16945;Gabriel Dias Costa;5.07
9609;Douglas Souza Martins;6.01
373;Brenda Araujo Alves;9.17
6496;André Araujo Cardoso;0.57
26982;Sofia Rodrigues Santos;0.96
9653;Carla Goncalves Costa;8.80
1328;Leonardo Martins Souza;2.18
24238;Júlia Fernandes Rocha;4.68
3910;Júlia Azevedo Almeida;8.89
24713;Sarah Correia Sousa;0.22
830;Rafael Lima Alves;8.31
26028;Nicole Santos Dias;5.94
15993;Aline Rocha Gomes;7.76
3997;Mariana Oliveira Carvalho;1.98
4556;Sofia Pereira Ribeiro;1.42
17589;Fábio Almeida Castro;1.27
5834;Caio Goncalves Martins;9.50
10985;Miguel Barbosa Lima;5.48
25847;Lucas Ribeiro Sousa;0.45
96;Rebeca Dias Rodrigues;1.72
20638;Laura Fernandes Araujo;2.74
8031;Ryan Cavalcanti Cardoso;1.15
3924;Lara Cunha Cunha;9.61
11014;Tânia Gomes Pinto;6.36
2447;Raissa Pereira Oliveira;1.92
25349;Vinícius Ferreira Cunha;9.07
10331;Arthur Silva Cardoso;7.39
15494;Yasmin Pereira Rodrigues;3.27
24321;Luís Gomes Cardoso;2.95
11254;Lara Rocha Fernandes;5.19
26075;Bruno Martins Costa;0.24
118;Matheus Dias Ferreira;9.21
1947;Brenda Goncalves Carvalho;7.08
21798;Júlia Barbosa Pinto;6.36
6534;Joao Araujo Azevedo;6.74
15288;Camila Correia Correia;1.04
2610;Isabelle Costa Barbosa;0.91
20460;Kauã Silva Cardoso;1.24
9348;Luan Castro Rodrigues;5.87
18198;Carolina Santos Azevedo;2.46
20106;Carolina Castro Almeida;9.05
22432;Igor Rocha Pinto;0.21
14789;Vitor Oliveira Azevedo;6.31
1713;Leonor Rodrigues Correia;8.39
22490;Emilly Correia Ferreira;0.71
13854;Antônio Rodrigues Barros;6.61
29539;Daniel Correia Rocha;0.80
22627;Matheus Correia Almeida;9.53
8146;Yasmin Carvalho Almeida;2.93
20687;Luís Barros Ribeiro;6.37
4538;Estevan Correia Santos;1.70
15162;Rafael Souza Araujo;2.56
4673;Leonardo Silva Melo;7.17
16923;Julian Cavalcanti Cardoso;8.07
27309;Danilo Rocha Carvalho;6.89
8132;Paulo Silva Silva;9.41
24146;Bruno Pereira Castro;4.94
20863;Giovanna Alves Melo;7.01
11894;Luiza Araujo Goncalves;5.19
19161;Breno Cavalcanti Ribeiro;1.94
19676;Carla Rocha Barbosa;2.85
1102;Emilly Costa Sousa;9.97
21123;Alice Ferreira Barbosa;2.01
26919;Rafaela Carvalho Costa;6.18
22260;Emilly Goncalves Barbosa;6.83
15261;Giovanna Azevedo Costa;7.45
13419;Anna Ribeiro Goncalves;2.82
21233;Livia Pereira Barros;5.33
24408;Arthur Fernandes Silva;9.50
16664;Joao Oliveira Alves;2.34
16828;Victor Souza Silva;2.69
8121;Amanda Pinto Barbosa;1.04
6019;Breno Barros Ribeiro;6.88
10136;Carla Araujo Martins;1.04
27563;Carla Goncalves Alves;8.83
274;Gabriela Costa Correia;7.85
7650;Paulo Rodrigues Barbosa;4.66
23040;Fábio Almeida Araujo;1.87
23324;Giovanna Carvalho Lima;4.85
10638;Julieta Barbosa Sousa;5.04
29571;Nicolash Ribeiro Ribeiro;2.39
18931;Lucas Pinto Pinto;9.55
4099;Gustavo Rocha Barros;2.62
14621;Guilherme Araujo Cunha;1.08
26137;Martim Barros Oliveira;9.99
16493;Giovana Ribeiro Cunha;7.28
18439;Marina Dias Cavalcanti;8.06
3323;Yasmin Carvalho Oliveira;2.69
9601;Maria Castro Ribeiro;4.41
19400;Leonardo Costa Costa;8.14
44;Nicolas Correia Barbosa;5.13
20562;Tomás Pereira Martins;6.30
11858;Carlos Costa Gomes;2.01
18471;Thiago Melo Lima;0.37
10459;Raissa Almeida Barros;1.02
29052;Aline Carvalho Goncalves;8.92
28274;Kauã Lima Melo;5.03
16091;Kauan Barbosa Oliveira;3.08
21885;Vinícius Cardoso Almeida;2.79
6814;Alex Lima Carvalho;2.66
10752;Maria Barros Fernandes;6.74
28130;Julian Cardoso Martins;9.68
1904;Julian Pereira Cardoso;4.73
817;Sofia Azevedo Costa;7.09
12390;Julian Ferreira Barros;8.74
1855;Fernanda Pereira Silva;0.27
22853;Alex Fernandes Barros;8.94
23219;Lucas Sousa Gomes;8.59
29499;Giovanna Santos Gomes;1.08
11367;Bruna Pereira Lima;5.56
25597;Clara Sousa Barbosa;4.29
5506;Diogo Rodrigues Goncalves;7.69
2533;Fábio Lima Rodrigues;9.84
19941;Fernanda Barbosa Dias;9.26
1587;Rafaela Melo Castro;9.75
25602;Marcos Araujo Barbosa;7.57
9526;Tiago Ribeiro Araujo;0.90
12239;Giovanna Barros Ribeiro;4.21
10316;Vitória Goncalves Dias;4.90
16522;Kaua Sousa Gomes;2.00
27574;Sarah Araujo Gomes;8.97
12653;Melissa Martins Costa;0.63
26389;Luan Silva Ferreira;7.76
15437;Rodrigo Cardoso Lima;2.72
364;Miguel Cardoso Barros;5.09
15386;Carolina Araujo Carvalho;2.33
20143;Giovanna Silva Cardoso;8.25
14266;Leonor Pinto Santos;0.76
23230;Eduarda Barros Silva;3.00
29159;Matilde Almeida Ribeiro;9.69
6945;Samuel Correia Araujo;4.58
15543;Vitória Cavalcanti Cavalcanti;2.82
3768;Manuela Cunha Martins;3.16
5484;Igor Dias Melo;4.47
24922;Camila Castro Castro;4.10
19478;Enzo Castro Souza;2.40
20231;Ryan Gomes Melo;3.21
10359;Nicole Carvalho Costa;7.61
22081;Rafaela Rocha Lima;8.11
24357;Ana Costa Rodrigues;5.42
23855;Rebeca Santos Gomes;6.77
2398;Camila Oliveira Goncalves;1.15
28007;Nicolas Oliveira Dias;9.26
21675;Ágatha Melo Melo;5.15
25798;Emilly Cardoso Carvalho;9.88
25742;Vitoria Cavalcanti Azevedo;6.90
14921;Samuel Goncalves Sousa;7.87
5187;Matilde Souza Fernandes;2.21
14579;Carlos Ribeiro Araujo;4.10
9426;Marcos Santos Alves;7.92
8730;Gabrielle Correia Araujo;1.82
15963;Daniel Oliveira Ferreira;6.49
6349;Joao Rodrigues Cardoso;4.92
1851;Kauê Gomes Ribeiro;3.13
10790;Paulo Rodrigues Alves;9.52
6674;Aline Souza Cavalcanti;4.04
25975;Anna Ribeiro Castro;8.10
3644;Emily Melo Cavalcanti;6.39
650;Nicolash Cunha Castro;1.68
6;Fernanda Martins Almeida;2.62
23055;Paulo Araujo Gomes;1.27
16685;Miguel Lima Melo;1.46
1303;Nicolas Fernandes Alves;9.95
17247;Estevan Souza Cunha;0.91
19238;Yasmin Araujo Alves;1.12
7242;Murilo Correia Araujo;2.28
11653;Nicole Souza Pereira;7.78
11417;Julian Castro Ferreira;2.84
13553;Maria Gomes Cardoso;7.86
14298;Douglas Barros Azevedo;7.05
24054;Vitór Santos Dias;8.18
344;Erick Goncalves Lima;9.70
12688;Luís Sousa Dias;8.48
20125;Maria Gomes Lima;5.85
6909;Ana Cardoso Ferreira;5.54
17718;Paulo Dias Alves;3.64
22133;Rebeca Costa Martins;6.96
13907;Erick Martins Silva;6.09
22703;Luiz Lima Barbosa;9.89
16474;Gabriela Correia Silva;5.45
19914;Marcos Ribeiro Almeida;3.73
6533;Rodrigo Carvalho Gomes;3.93
25464;Erick Carvalho Azevedo;1.92
14281;Emily Silva Lima;5.21
8827;Luiza Alves Santos;1.79
6721;Beatriz Martins Silva;1.28
20860;Isabella Carvalho Castro;0.05
20870;Laura Correia Cunha;2.66
6063;Nicolash Ferreira Fernandes;6.14
11846;Giovanna Lima Lima;6.67
7401;Isabelle Barbosa Rocha;6.28
5446;Martim Almeida Barros;8.05
28806;Ana Carvalho Martins;2.84
2086;Sarah Alves Silva;4.46
7977;Kauê Rocha Araujo;4.77
28919;Julia Cavalcanti Martins;2.32
7777;Guilherme Gomes Ribeiro;7.61
19675;Nicolas Souza Correia;4.52
20905;Vinícius Oliveira Costa;2.95
4285;Yasmin Ribeiro Dias;5.45
23811;Vitor Carvalho Rocha;6.70
9475;Luiza Costa Carvalho;6.45
20560;Igor Azevedo Alves;1.58
4760;Douglas Costa Araujo;2.87
12130;Livia Sousa Pereira;7.98
9206;Bianca Dias Correia;9.88
14792;Diogo Silva Azevedo;9.68
25494;Vitor Cardoso Pereira;7.60
13951;Carla Ferreira Costa;4.63
22236;Kaua Costa Alves;0.22
11921;Thaís Pereira Ferreira;4.14
26647;Kai Dias Melo;8.85
6979;Mariana Castro Fernandes;6.33
18850;Brenda Correia Castro;8.32
13619;Rafael Dias Cardoso;9.45
19485;Pedro Barros Dias;1.45
9473;Letícia Cavalcanti Carvalho;6.24
19543;Beatriz Sousa Cavalcanti;5.34
2599;Kauê Alves Pinto;1.54
28752;Luiza Cunha Oliveira;1.06
9817;Ágatha Silva Melo;8.81
27267;Diogo Santos Silva;6.77
26651;Isabelle Correia Carvalho;4.71
21815;Joao Ribeiro Santos;2.09
12354;Nicole Castro Oliveira;6.86
5261;André Almeida Pereira;4.30
4117;Leonardo Cardoso Cavalcanti;8.91
4026;Raissa Cavalcanti Azevedo;3.71
28598;Leila Barros Almeida;7.80
14285;Laura Carvalho Carvalho;8.59
20076;Gabrielly Araujo Ribeiro;0.89
20497;João Carvalho Dias;7.38
5065;Beatrice Goncalves Ribeiro;3.83
14699;Luan Araujo Rocha;6.52
29471;Tânia Pinto Cunha;5.79
10976;Rodrigo Pereira Oliveira;0.09
4040;Felipe Rocha Gomes;9.32
12070;João Ferreira Oliveira;0.62
5265;Raissa Araujo Alves;6.47
11601;Tomás Cardoso Oliveira;7.93
22310;Luan Alves Fernandes;2.45
27595;Nicolash Araujo Ferreira;1.85
19898;Thaís Martins Lima;5.60
1182;Livia Ferreira Cardoso;2.59
3740;Manuela Melo Azevedo;3.42
1466;Isabella Cunha Pereira;7.32
15043;Leonardo Lima Barbosa;8.66
2028;Luana Cavalcanti Rodrigues;2.92
11189;José Melo Sousa;5.39
19246;Evelyn Ferreira Ribeiro;3.46
28556;Kai Santos Azevedo;5.41
11659;Arthur Alves Correia;5.47
12677;Camila Melo Dias;0.61
6003;Carlos Azevedo Carvalho;6.35
29765;Danilo Correia Ribeiro;3.21
17033;Amanda Silva Barros;2.70
4506;Victor Gomes Ribeiro;1.60
2252;Miguel Correia Cardoso;1.09
25247;Alice Cardoso Dias;6.44
24540;Sofia Araujo Gomes;3.11
29807;Antônio Castro Ferreira;5.62
14598;Rafael Silva Goncalves;6.17
26945;Mariana Carvalho Oliveira;9.56
18984;Alex Sousa Lima;8.19
26879;Victor Goncalves Azevedo;8.47
26896;José Oliveira Cunha;5.57
18746;Vinicius Rocha Cavalcanti;3.61
4415;Cauã Rodrigues Azevedo;9.61
1146;Victor Goncalves Silva;9.38
13863;Leonardo Carvalho Barros;6.30
15842;Ryan Barbosa Alves;3.41
16417;Bianca Carvalho Castro;7.54
10484;Julieta Santos Almeida;8.35
24271;Paulo Oliveira Sousa;1.52
646;Kauê Castro Pereira;9.27
19572;Luis Pereira Cunha;0.72
8210;Otávio Fernandes Sousa;0.98
15812;Leonardo Almeida Barbosa;8.34
8748;Marisa Ribeiro Carvalho;3.57
12815;Beatriz Azevedo Ferreira;3.22
18126;Rodrigo Rocha Alves;7.59
14587;Ana Ribeiro Pereira;6.38
40;Martim Silva Dias;4.44
24426;André Ferreira Oliveira;0.24
10841;Miguel Sousa Cunha;7.18
24625;Beatriz Goncalves Correia;8.93
3505;Luiza Rocha Martins;1.61
1090;Enzo Costa Carvalho;5.99
9579;Daniel Fernandes Castro;1.87
18345;Ágatha Fernandes Alves;2.20
25999;Camila Carvalho Fernandes;4.45
17916;Emily Sousa Castro;9.39
6810;Julia Barbosa Oliveira;4.67
26266;Alice Souza Dias;7.23
22146;Emily Dias Silva;3.54
18704;Isabella Martins Lima;5.03
2819;Vitór Oliveira Ribeiro;3.60
20788;Daniel Goncalves Sousa;3.03
20851;Raissa Barbosa Lima;8.93
10117;Thiago Oliveira Rocha;4.79
29086;Lavinia Araujo Rocha;1.41
21682;José Azevedo Cavalcanti;4.42
6351;Kai Gomes Ribeiro;7.15
3194;Carolina Lima Silva;3.24
18143;Júlia Rocha Correia;9.16
13651;Marina Azevedo Barros;0.15
16657;Danilo Correia Goncalves;6.37
14478;Tiago Barbosa Cavalcanti;0.57
4968;Lavinia Oliveira Rocha;8.32
26580;Alex Ferreira Sousa;3.08
20567;Emilly Santos Rocha;4.13
28668;Isabella Rodrigues Gomes;2.90
28379;Thaís Ribeiro Cavalcanti;1.68
8644;Felipe Martins Carvalho;7.49
9145;Carla Pinto Pereira;2.78
6202;Thaís Goncalves Cavalcanti;9.18
12872;Marina Pereira Pinto;7.54
15064;Alice Fernandes Almeida;4.71
27811;Beatriz Sousa Almeida;7.85
16008;Evelyn Souza Cunha;2.14
11633;Renan Correia Martins;8.77
24431;Estevan Carvalho Azevedo;6.17
4185;Livia Alves Cavalcanti;7.74
6119;Laura Correia Pinto;7.10
7615;Antônio Gomes Castro;1.69
6158;Otávio Goncalves Correia;7.42
24373;Melissa Santos Azevedo;2.27
11678;Manuela Barbosa Sousa;2.18
4189;Beatriz Costa Cunha;7.54
21765;Carlos Almeida Cardoso;1.35
2098;Carolina Cunha Carvalho;5.14
11642;Rebeca Rodrigues Correia;5.54
9405;Carla Ferreira Azevedo;4.30
22298;Pedro Goncalves Goncalves;8.70
7951;Luiza Cunha Melo;5.08
6219;João Barros Santos;3.73
21810;Sofia Goncalves Carvalho;6.70
6036;Clara Alves Carvalho;4.64
5410;Miguel Barbosa Correia;9.00
17564;Lara Alves Ferreira;4.15
29433;Alice Barros Almeida;3.05
29203;Rafael Martins Ribeiro;7.41
13203;Julian Santos Ribeiro;3.14
25005;Luiz Rocha Gomes;3.01
17020;Arthur Dias Azevedo;5.95
26450;Livia Almeida Dias;4.99
1891;Erick Ribeiro Martins;0.43
1423;Júlia Araujo Alves;8.22
20184;Erick Dias Martins;4.01
15880;Isabelle Carvalho Cunha;4.20
20673;Beatriz Rodrigues Souza;8.40
29523;Sophia Sousa Alves;7.79
2070;Júlia Goncalves Silva;3.87
26815;Beatrice Almeida Silva;9.64
10132;Luis Gomes Almeida;4.41
4068;Gabriel Oliveira Alves;8.57
19588;Mateus Goncalves Costa;9.54
18810;Rafael Barros Alves;8.27
3325;Giovanna Santos Araujo;9.93
12098;Murilo Dias Alves;0.08
13673;Fábio Lima Cavalcanti;9.05
23249;Bruno Ribeiro Araujo;5.63
20893;Isabela Carvalho Goncalves;7.89
23539;Guilherme Barbosa Pinto;4.35
20544;José Carvalho Dias;4.73
2364;Daniel Azevedo Araujo;3.99
28489;João Correia Alves;9.58
22859;Carolina Souza Dias;5.41
29628;Nicole Ribeiro Azevedo;9.71
3575;João Fernandes Cunha;0.03
14625;Beatrice Azevedo Barros;9.58
14358;Julia Ferreira Pinto;1.80
26789;Anna Silva Barbosa;1.82
7525;Isabelle Melo Goncalves;7.40
22816;Rebeca Santos Sousa;4.12
19043;Nicole Santos Barros;3.20
22063;Otávio Ribeiro Pinto;5.00
8893;Miguel Ferreira Costa;9.64
28301;Caio Alves Pereira;9.81
11467;Pedro Melo Silva;7.91
1656;Ryan Lima Ferreira;6.96
16834;Paulo Carvalho Cavalcanti;0.75
19913;Kaua Oliveira Pereira;9.48
6488;Vitor Rocha Azevedo;7.97
10971;Larissa Araujo Dias;4.68
880;Douglas Alves Ferreira;2.55
26158;Victor Costa Ribeiro;8.27
24777;Giovana Goncalves Pinto;7.20
25441;Sofia Ferreira Pinto;4.65
181;Miguel Araujo Cavalcanti;2.46
7547;Leonor Ferreira Fernandes;0.09
20694;Matheus Martins Rocha;3.80
25947;Nicole Rodrigues Martins;8.90
20803;Beatriz Melo Pereira;2.90
15139;Enzo Rodrigues Araujo;0.41
5306;Kauê Azevedo Rocha;7.80
20481;Clara Gomes Barbosa;1.86
17688;Nicole Melo Ribeiro;6.70
23217;Renan Fernandes Cunha;8.44
21005;Guilherme Goncalves Martins;6.98
1357;Vitór Ferreira Cunha;8.39
12996;Alice Gomes Azevedo;2.11
22521;Kai Cardoso Melo;8.66
14206;Joao Sousa Correia;7.08
13295;Lara Carvalho Fernandes;2.70
20084;Luiza Correia Correia;2.60
1755;Gabrielle Goncalves Cardoso;9.50
10552;Luiza Souza Lima;6.86
18876;Renan Pereira Goncalves;7.78
29073;Isabella Costa Almeida;0.07
20116;Leonor Lima Melo;7.47
21850;Vinícius Souza Gomes;1.21
15647;Igor Dias Barbosa;4.36
17085;Rodrigo Santos Cardoso;4.84
15663;Antônio Rodrigues Araujo;7.24
27348;Julia Oliveira Correia;0.39
22293;Luiz Castro Rodrigues;4.90
13302;Ágatha Cunha Costa;0.89
28592;Julian Lima Araujo;3.00
17546;Camila Pereira Fernandes;9.01
15201;Isabela Ribeiro Barbosa;7.43
19742;Ágatha Almeida Santos;7.69
4292;Ryan Pinto Araujo;8.64
10350;Carolina Santos Rodrigues;7.24
2656;Sofia Araujo Cardoso;2.15
3807;Luana Carvalho Correia;7.65
29559;Letícia Ferreira Araujo;9.36
14719;Luan Ferreira Rocha;8.88
23503;Murilo Araujo Goncalves;0.63
28129;Julian Oliveira Martins;4.87
1763;Cauã Santos Fernandes;1.27
13207;Leila Dias Pereira;0.65
3242;Ana Santos Santos;4.99
29547;Brenda Cardoso Correia;8.50
15723;Anna Carvalho Sousa;1.28
7627;André Lima Rocha;6.51
2688;Clara Azevedo Dias;0.02
28394;Luís Goncalves Santos;3.08
11303;Luis Almeida Ferreira;7.82
20456;Emily Almeida Castro;3.99
12924;Bruna Silva Araujo;7.15
13582;Camila Araujo Costa;8.46
2310;Tânia Fernandes Cunha;0.54
7692;Gabriela Barros Barros;4.07
7778;André Castro Rocha;1.61
11979;Rebeca Santos Correia;9.41
21563;Júlio Costa Pereira;8.45
10820;Breno Pereira Costa;0.85
29799;Vitór Cunha Almeida;1.37
16514;Kauã Araujo Barbosa;9.83
16212;Sophia Souza Alves;4.98
27885;Luana Goncalves Goncalves;1.21
1242;Ágatha Ferreira Cavalcanti;9.19
18137;Evelyn Araujo Rocha;4.54
9011;Tomás Ribeiro Rodrigues;7.68
18248;Carlos Azevedo Almeida;2.17
16102;Tânia Cavalcanti Almeida;5.89
25764;Alice Cardoso Pinto;0.28
15328;Murilo Castro Barbosa;4.35
18083;Miguel Rocha Melo;3.69
23214;Carlos Fernandes Fernandes;7.24
23474;Laura Costa Costa;3.24
21110;Rebeca Dias Cunha;6.87
26252;Melissa Azevedo Pinto;7.91
5396;Nicole Alves Rocha;6.79
2424;Luan Gomes Araujo;4.25
11453;Livia Fernandes Lima;1.52
6951;Tânia Azevedo Ribeiro;1.88
2383;Murilo Pereira Cardoso;6.34
14416;Ryan Carvalho Ferreira;2.77
29786;Mariana Pereira Goncalves;5.41
9862;Lavinia Fernandes Ribeiro;1.20
28388;Vinícius Pereira Lima;0.09
15158;Davi Melo Correia;5.98
17992;Caio Lima Souza;8.91
4813;Rafael Cardoso Costa;9.32
11561;Gustavo Barbosa Carvalho;8.35
459;Gustavo Almeida Cardoso;8.05
8340;Júlio Carvalho Araujo;4.38
1878;Yasmin Silva Cavalcanti;0.86
15603;Douglas Fernandes Rocha;4.34
9768;Thaís Castro Martins;0.03
26346;Sarah Correia Barros;3.41
19280;Camila Gomes Fernandes;3.45
14037;Julia Goncalves Cavalcanti;5.11
8547;Gabrielle Gomes Barros;9.74
24177;Beatriz Sousa Almeida;8.73
26922;Larissa Cardoso Castro;8.79
10769;Gustavo Almeida Cunha;6.75
2291;Samuel Martins Azevedo;6.74
18396;Manuela Fernandes Oliveira;6.54
26936;Clara Pereira Gomes;7.80
13498;Enzo Barros Alves;7.23
5381;Bruna Cunha Dias;6.55
23817;Rafaela Rocha Cardoso;1.41
26637;Anna Azevedo Cardoso;6.21
20384;Carolina Souza Correia;6.14
17984;Eduarda Barros Almeida;1.69
6728;Fernanda Pinto Martins;2.20
7318;Marcos Goncalves Sousa;8.21
20489;Gabriel Alves Araujo;4.66
15146;Vitor Silva Ribeiro;3.11
4683;Maria Dias Pinto;3.11
24695;Vinícius Azevedo Cunha;0.67
2911;Vitor Azevedo Alves;5.73
10223;Bianca Gomes Pereira;2.07
20011;Evelyn Alves Santos;2.34
2857;Evelyn Souza Barros;1.08
10073;Miguel Barros Carvalho;7.37
29205;Clara Martins Pereira;1.41
23751;Evelyn Barbosa Azevedo;6.87
9711;Manuela Cavalcanti Silva;4.07
8949;Julieta Silva Rodrigues;1.09
15459;Samuel Azevedo Cardoso;5.72
24460;Marina Martins Souza;8.14
6703;João Rocha Silva;8.57
2385;Carla Pereira Ribeiro;7.67
2803;Isabelle Rocha Pinto;3.01
27714;Camila Silva Rodrigues;9.38
24878;Sofia Cardoso Cardoso;2.52
9635;Larissa Ferreira Souza;3.31
89;Rafael Correia Sousa;3.60
11560;Pedro Cardoso Souza;4.47
9407;Camila Gomes Ferreira;4.27
4754;Guilherme Cardoso Rocha;1.87
16520;Estevan Martins Goncalves;6.08
1143;Isabella Carvalho Pinto;4.59
24566;Bruna Rocha Cunha;7.45
10627;Gabriel Ferreira Sousa;3.45
11923;Marisa Ferreira Pereira;5.53
4163;Julieta Dias Almeida;1.50
9455;Erick Goncalves Cavalcanti;4.03
4371;Murilo Pinto Rocha;8.51
10390;Carlos Goncalves Goncalves;3.17
7190;Matilde Rocha Azevedo;3.23
18573;Gabriela Martins Cardoso;2.08
1811;Manuela Cardoso Ribeiro;4.76
7075;Marina Correia Dias;4.37
25504;Julian Rocha Correia;1.14
1659;Felipe Costa Martins;7.80
13365;Tomás Oliveira Alves;7.95
18167;Alice Carvalho Almeida;5.24
14451;Rafaela Barbosa Cardoso;7.49
10149;Matheus Dias Azevedo;4.88
12262;Kauã Azevedo Cunha;2.68
16592;Brenda Almeida Correia;1.95
29867;Vinícius Cardoso Sousa;6.24
7895;Joao Lima Oliveira;4.18
15881;Matilde Azevedo Rocha;4.07
23263;Kai Azevedo Gomes;4.41
7300;Eduarda Ferreira Correia;5.23
25816;João Melo Melo;7.90
24983;Laura Araujo Rodrigues;4.41
27136;Laura Castro Correia;8.80
4525;Rodrigo Silva Martins;9.09
22518;Julian Ribeiro Santos;2.15
8936;Alice Gomes Souza;6.58
19695;Clara Ribeiro Sousa;3.52
22811;Estevan Dias Silva;9.36
9039;Luiza Rocha Castro;7.81
2962;Sarah Ribeiro Ribeiro;5.51
22993;Vitor Pereira Santos;4.22
15272;Diogo Pereira Fernandes;2.25
2174;Alice Silva Correia;1.22
21221;Daniel Almeida Pereira;3.48
25116;Kaua Rodrigues Carvalho;5.35
29503;Mariana Barbosa Silva;2.50
23864;Raissa Cunha Silva;7.91
5949;Julieta Lima Carvalho;3.52
4771;Arthur Fernandes Oliveira;1.46
24227;Marcos Ribeiro Azevedo;4.86
15167;Antônio Rocha Souza;6.96
10569;Fábio Lima Barros;4.65
1298;Marisa Gomes Rocha;4.26
22746;Enzo Souza Souza;9.21
22813;Estevan Pereira Rocha;3.45
4709;José Barros Castro;0.60
5060;Giovana Sousa Barros;2.94
16128;Melissa Castro Oliveira;3.13
29841;Kaua Fernandes Rodrigues;6.53
8456;Gabriel Rodrigues Goncalves;3.09
28392;Luís Barros Oliveira;8.38
21689;Fábio Silva Ribeiro;3.66
19934;Lara Fernandes Almeida;3.67
17742;Diego Martins Alves;6.16
7371;Lara Fernandes Costa;9.56
22157;Estevan Araujo Ribeiro;9.91
15764;Lucas Costa Cavalcanti;2.54
28423;Rafaela Oliveira Alves;7.30
29898;Alex Souza Souza;3.99
18543;Luís Almeida Silva;6.43
17680;Diego Costa Rocha;5.17
29153;Manuela Santos Pinto;7.15
21488;Joao Carvalho Barbosa;2.29
4546;Antônio Souza Pinto;5.81
17026;Giovana Souza Ferreira;8.87
29556;Matilde Silva Melo;6.32
26084;Kaua Melo Lima;2.49
13559;Kauan Azevedo Goncalves;7.73
18037;Kauan Carvalho Goncalves;2.59
17378;Kauê Costa Ribeiro;2.74
2880;Matilde Barros Azevedo;1.49
8198;Kauã Araujo Alves;9.17
1033;Júlio Oliveira Azevedo;6.58
11102;Laura Castro Barbosa;1.22
18885;Leonor Correia Castro;6.59
18675;Gabrielly Cunha Alves;8.42
17970;Anna Costa Ferreira;2.32
18158;Kauã Santos Cavalcanti;9.11
26914;Emilly Santos Alves;6.37
24220;Luiz Barbosa Lima;0.89
11705;Leila Costa Sousa;6.85
6833;Renan Santos Almeida;6.33
25532;Estevan Correia Fernandes;9.50
13539;Mariana Oliveira Araujo;6.28
8688;Ryan Cardoso Rodrigues;6.33
28439;Guilherme Rocha Melo;5.50
14566;Júlia Silva Rodrigues;8.65
5303;Rodrigo Dias Fernandes;3.78
15491;Kauã Santos Barbosa;4.32
3035;Danilo Oliveira Cavalcanti;7.57
1710;Tânia Cunha Gomes;1.26
25446;Clara Almeida Sousa;6.88
24180;Bianca Rocha Araujo;3.53
20500;Laura Rocha Fernandes;8.12
833;Kauan Pinto Silva;3.36
24316;Letícia Araujo Carvalho;4.65
2605;Rebeca Gomes Pereira;5.85
26121;Tiago Melo Araujo;2.78
8535;André Oliveira Cardoso;5.62
14647;Kauê Martins Martins;8.49
27437;Igor Santos Santos;3.93
1201;Melissa Pinto Cavalcanti;1.11
5348;Marisa Cardoso Araujo;9.14
912;Ryan Carvalho Oliveira;9.39
9656;Aline Ribeiro Rodrigues;4.64
18697;Danilo Cavalcanti Gomes;1.01
22892;Daniel Rodrigues Dias;5.26
18950;Gustavo Barros Alves;6.27
10732;Livia Souza Rocha;7.26
3296;Isabella Rodrigues Araujo;8.27
14031;Fernanda Goncalves Cardoso;0.22
29257;Enzo Dias Fernandes;5.43
10031;Larissa Araujo Barbosa;1.06
14863;Manuela Pinto Barros;3.11
15862;Nicole Rodrigues Ferreira;7.30
13726;Isabella Souza Silva;5.28
13202;Gabrielly Alves Costa;8.52
27826;Isabela Rocha Santos;8.67
23884;Kauã Azevedo Rocha;5.02
26533;Vitór Pinto Ferreira;7.21
28884;Júlia Cardoso Cardoso;0.16
28852;Bianca Rocha Correia;0.22
17021;Giovanna Rodrigues Martins;8.75
25361;Breno Barbosa Pinto;7.03
6808;Miguel Ribeiro Cunha;6.43
15239;Julia Rocha Gomes;0.37
20512;Nicole Sousa Ferreira;0.55
19186;Diego Oliveira Araujo;8.68
8785;Rodrigo Costa Silva;6.44
26607;Douglas Oliveira Barros;1.98
23663;Emily Barbosa Goncalves;2.57
16575;Eduardo Rocha Oliveira;3.51
22926;Emily Ribeiro Costa;7.38
5654;Kauê Sousa Barbosa;0.94
6741;Yasmin Sousa Rocha;5.93
14510;Breno Ferreira Alves;5.66
3202;Eduardo Barbosa Correia;7.46
969;Fábio Oliveira Cavalcanti;5.76
24917;Vitor Goncalves Alves;9.16
4010;Sofia Cunha Dias;0.84
25169;Kauã Pereira Gomes;7.83
27177;Giovana Azevedo Carvalho;5.14
22955;Melissa Cavalcanti Barros;1.44
19032;Giovanna Santos Alves;9.89
5244;Manuela Ribeiro Santos;5.32
16397;Raissa Martins Fernandes;0.40
13172;Camila Martins Martins;9.60
3104;Alice Azevedo Alves;0.93
8239;Clara Goncalves Pinto;1.81
29407;Vitória Oliveira Cavalcanti;0.86
2898;Maria Melo Alves;3.66
17987;André Cunha Sousa;8.62
17951;Mateus Silva Barros;3.71
1618;Emily Pinto Barros;1.93
448;Renan Sousa Azevedo;3.47
2999;Nicolash Araujo Carvalho;5.37
14250;Renan Martins Castro;3.93
13688;Fábio Barbosa Alves;2.55
27903;Joao Dias Carvalho;7.69
25245;Vinícius Martins Almeida;8.34
29011;Luiza Fernandes Costa;8.73
22487;Victor Araujo Correia;4.44
28743;Ryan Melo Araujo;6.63
23203;Gustavo Correia Correia;9.80
12643;Luís Carvalho Santos;7.90
28619;Pedro Araujo Alves;0.57
13462;Otávio Sousa Goncalves;8.47
620;Daniel Alves Dias;7.38
21613;Tânia Araujo Lima;1.94
7970;Matheus Barbosa Melo;3.48
18252;Carla Silva Dias;7.05
7536;Sofia Oliveira Correia;2.37
7866;Luiza Carvalho Goncalves;1.83
21220;Emilly Araujo Barros;5.44
14878;Mariana Martins Cavalcanti;4.54
5081;Felipe Melo Goncalves;8.46
23155;Douglas Ribeiro Carvalho;3.61
17309;Amanda Silva Ribeiro;5.14
16387;Lara Alves Cavalcanti;0.90
23033;Aline Carvalho Barros;5.84
24051;Fernanda Costa Azevedo;9.61
24762;Giovanna Oliveira Carvalho;9.21
1640;Clara Correia Sousa;4.02
28259;Luís Oliveira Pereira;9.56
10159;Marina Rocha Oliveira;9.36
29978;Livia Santos Rodrigues;6.10
23233;Estevan Barbosa Alves;2.85
26415;Renan Santos Goncalves;1.47
15314;Luiza Goncalves Souza;9.64
22712;Bruna Silva Dias;0.69
14315;André Silva Dias;4.88
4075;Isabela Melo Oliveira;4.89
28607;Carlos Silva Ferreira;7.18
22173;Sophia Oliveira Oliveira;0.63
4014;André Castro Oliveira;4.26
9749;Ana Silva Cardoso;6.60
21241;Victor Barros Costa;0.84
4545;Joao Azevedo Azevedo;4.28
2493;Luan Gomes Goncalves;5.91
248;Ryan Sousa Gomes;6.38
5405;Kauê Goncalves Costa;7.20
9100;Marcos Martins Barros;7.37
12656;Martim Melo Cavalcanti;7.23
13729;Thaís Cavalcanti Correia;3.18
10756;Raissa Rodrigues Cardoso;6.16
26599;Eduardo Lima Cavalcanti;0.11
26633;Larissa Martins Silva;8.93
2816;Matheus Goncalves Santos;8.49
19641;Marcos Gomes Almeida;5.89
630;Thiago Pereira Araujo;0.43
6802;Emily Lima Martins;5.59
14546;Tiago Gomes Pereira;9.43
17041;Lavinia Carvalho Rodrigues;1.81
2374;Vitória Castro Barbosa;3.45
8623;Diogo Castro Correia;6.61
1960;Evelyn Castro Carvalho;3.56
28880;Larissa Castro Melo;6.38
7384;Sophia Castro Araujo;5.24
28622;Nicolash Costa Fernandes;1.05
17496;Breno Cunha Almeida;4.00
16199;Manuela Cavalcanti Carvalho;1.34
26310;Sofia Silva Pinto;0.33
8033;Alice Fernandes Ribeiro;5.50
4314;Letícia Santos Ferreira;3.04
16734;Julian Cunha Melo;8.94
3185;Vitór Almeida Cavalcanti;0.74
20970;Erick Fernandes Cardoso;4.93
23003;Victor Costa Barbosa;5.16
5093;Rebeca Castro Pinto;6.07
24406;Kai Costa Fernandes;3.84
10650;Emily Azevedo Ribeiro;4.80
8661;Emilly Silva Silva;4.06
16065;Maria Silva Correia;6.91
3314;Rafael Souza Cunha;5.42
11410;Raissa Rocha Melo;4.06
28958;Rebeca Pinto Barros;9.81
14521;Raissa Sousa Souza;8.16
4849;Mateus Cunha Santos;2.08
29274;Alex Correia Gomes;9.60
12926;Eduardo Gomes Souza;9.64
14498;Larissa Cavalcanti Correia;8.26
11914;Carla Carvalho Gomes;0.83
8036;Tomás Souza Rodrigues;7.04
27846;Antônio Correia Alves;6.06
1830;Isabelle Carvalho Almeida;7.20
4473;Isabela Santos Costa;3.81
21234;Kauã Alves Fernandes;3.68
2039;Leila Fernandes Azevedo;9.51
24955;Julieta Dias Araujo;9.20
22728;Luís Pereira Barbosa;1.52
24148;Júlia Martins Pereira;0.06
9505;Rebeca Martins Cunha;0.46
21932;Antônio Sousa Rodrigues;0.74
928;Sofia Pereira Barbosa;1.60
7273;Manuela Ribeiro Gomes;2.15
8139;Vitória Rodrigues Alves;1.15
24065;Manuela Castro Oliveira;2.25
8061;Beatrice Pereira Dias;9.56
7118;Yasmin Almeida Martins;8.89
21446;Joao Pinto Barros;0.71
8875;Fernanda Lima Costa;2.12
26846;Nicole Silva Fernandes;0.28
29169;Evelyn Santos Rodrigues;6.07
28512;Camila Souza Alves;5.49
15055;Rafael Rocha Rocha;5.72
14153;Beatriz Correia Cavalcanti;4.30
6334;Luiz Azevedo Alves;8.63
21286;Fábio Rocha Pereira;0.69
20980;Nicolas Correia Azevedo;7.80
26290;Luan Cardoso Melo;5.17
28561;Vitória Pinto Martins;1.30
15275;Yasmin Pinto Goncalves;8.54
8151;Gabrielly Carvalho Lima;6.91
19582;Nicole Barbosa Azevedo;1.39
9757;Julian Cunha Ribeiro;2.61
9477;Luis Santos Barbosa;8.90
19505;Davi Azevedo Cardoso;5.48
26150;Vitória Almeida Ferreira;5.80
5766;Rebeca Sousa Cunha;5.48
26225;Luiz Dias Carvalho;3.27
23615;Bianca Costa Correia;5.49
8815;Lucas Melo Barros;5.32
24282;Murilo Santos Silva;0.17
2180;Melissa Costa Costa;0.28
4337;Nicolash Rodrigues Azevedo;5.77
29994;Paulo Alves Fernandes;8.63
18650;Rodrigo Barros Oliveira;6.03
25974;Vitoria Gomes Fernandes;6.21
27368;Danilo Correia Goncalves;2.31
13358;Caio Almeida Oliveira;1.32
2448;Manuela Melo Oliveira;2.38
23619;Estevan Barros Rodrigues;1.23
1563;Isabelle Fernandes Cardoso;3.75
5917;Rafaela Lima Costa;6.03
8224;Davi Silva Gomes;4.34
19851;Daniel Martins Cunha;6.22
23070;Luis Araujo Cavalcanti;3.38
14081;Vitór Correia Ferreira;4.66
197;Arthur Dias Fernandes;5.55
4016;Fernanda Pereira Araujo;5.72
17566;Leonor Pinto Dias;3.33
16271;Larissa Castro Alves;9.41
13346;Vinícius Martins Cavalcanti;2.82
3708;Douglas Almeida Melo;9.23
21769;Joao Araujo Correia;1.93
20529;Erick Correia Costa;1.80
65;Bruna Pinto Cavalcanti;6.83
23470;Tomás Cardoso Souza;9.13
12682;Gustavo Fernandes Silva;7.35
29330;Leonor Barbosa Fernandes;3.84
18232;Ana Rocha Cunha;6.32
12025;Luiza Cardoso Castro;8.28
25148;Davi Cunha Silva;9.99
22403;Pedro Cavalcanti Cavalcanti;2.57
10996;Letícia Cardoso Ferreira;7.09
26111;Otávio Correia Azevedo;1.49
8154;Bruno Goncalves Gomes;2.20
28664;Vitór Fernandes Lima;4.55
9031;Bruna Alves Pinto;7.67
29677;Carolina Santos Ferreira;6.66
530;Vitoria Martins Carvalho;2.15
2243;Miguel Correia Souza;2.11
13952;Thiago Fernandes Correia;4.06
6788;Bianca Cardoso Araujo;4.37
5452;Yasmin Barbosa Barros;9.64
7453;Renan Rodrigues Melo;2.64
24273;Vinicius Martins Lima;0.25
14553;Leonardo Santos Oliveira;0.69
25627;Marisa Silva Castro;7.40
386;Danilo Oliveira Barros;9.95
13872;Beatrice Sousa Costa;1.38
26408;Antônio Cavalcanti Almeida;3.25
1353;Rafael Barros Azevedo;0.71
14860;Eduarda Azevedo Lima;8.77
3851;Amanda Dias Gomes;4.37
16903;Felipe Dias Barros;2.94
13078;Júlio Lima Melo;9.74
21276;Marisa Cavalcanti Souza;2.06
27594;Yasmin Lima Barros;3.30
19447;Bianca Goncalves Santos;5.39
19878;Rafaela Azevedo Ribeiro;4.91
25149;Alice Silva Rodrigues;2.31
26706;Bianca Santos Costa;2.85
3838;Otávio Souza Alves;9.02
24597;Arthur Correia Ribeiro;7.62
18735;Nicolas Dias Melo;5.54
16373;Mateus Dias Melo;1.13
26996;Tomás Correia Castro;7.72
9444;Matilde Lima Martins;3.42
15722;Erick Lima Ribeiro;5.29
25917;Clara Pereira Pinto;5.23
6197;Enzo Dias Ribeiro;9.38
14433;Luiz Ferreira Ribeiro;7.98
9218;Paulo Costa Araujo;7.68
27257;Sophia Martins Costa;3.06
17758;Tiago Melo Sousa;5.50
5975;Gabriela Ribeiro Castro;7.06
20200;Enzo Ribeiro Cavalcanti;2.72
28540;Leonor Silva Almeida;5.24
20555;Miguel Araujo Souza;6.28
16345;Maria Almeida Barros;3.87
26166;Vitor Gomes Pinto;1.66
10377;Nicolash Cunha Correia;3.36
10884;Sofia Santos Ferreira;7.25
10351;Luís Silva Gomes;8.96
18665;Tiago Oliveira Melo;8.39
18501;Breno Araujo Souza;9.68
529;Júlio Oliveira Souza;1.90
20672;Camila Alves Castro;1.02
23473;João Almeida Cavalcanti;4.72
23567;Caio Barros Cavalcanti;4.29
9109;Kauê Almeida Carvalho;4.31
28168;Marisa Martins Melo;4.86
4132;Vitoria Araujo Araujo;5.11
17855;Carla Cunha Carvalho;9.96
28442;Vinicius Correia Cardoso;7.15
14055;Lucas Ribeiro Barbosa;1.39
20498;Alex Azevedo Costa;3.17
16904;Emily Cardoso Barros;7.10
15662;Livia Rocha Araujo;1.02
1646;Joao Lima Sousa;6.57
1744;Lara Rodrigues Gomes;9.18
5061;Brenda Santos Dias;8.17
15928;Daniel Souza Souza;8.08
27683;Evelyn Sousa Sousa;5.14
20775;Victor Cardoso Cunha;4.52
1219;Samuel Barros Cardoso;2.72
23618;Pedro Oliveira Ferreira;3.97
702;Melissa Silva Silva;9.09
18161;Gabrielle Ferreira Azevedo;6.05
18301;Sarah Rocha Silva;8.06
12218;Igor Souza Correia;9.41
29543;Letícia Santos Correia;8.09
28766;Giovanna Rocha Ribeiro;4.72
6258;Larissa Araujo Carvalho;2.06
15120;Alex Cavalcanti Oliveira;5.36
16640;Thiago Almeida Martins;1.84
27785;Nicolash Martins Melo;5.24
17658;Victor Rocha Pereira;9.09
12968;Diogo Dias Fernandes;0.94
13363;Letícia Cavalcanti Rocha;3.72
10479;Danilo Melo Lima;0.64
6850;Julieta Barros Correia;1.03
23701;Luiza Castro Melo;8.46
17390;Matheus Cavalcanti Pinto;1.22
29411;Vinícius Araujo Ferreira;3.60
275;Renan Cavalcanti Gomes;4.97
15731;Gabriel Ribeiro Rodrigues;1.34
18492;Caio Almeida Rocha;9.45
126;Isabella Goncalves Dias;6.15
28435;Nicole Lima Barbosa;3.14
28736;Matheus Rocha Fernandes;9.66
6314;Alice Barros Sousa;4.25
11620;Laura Araujo Costa;2.82
21307;Luan Gomes Dias;2.68
12192;José Rocha Souza;7.09
21964;Leila Oliveira Oliveira;8.03
15321;Antônio Barros Dias;7.33
4412;Ana Cardoso Santos;7.47
4892;Isabelle Pinto Santos;7.02
27477;Nicolas Almeida Cardoso;7.53
13779;Ana Santos Souza;9.57
10004;João Barbosa Souza;4.43
7223;Luan Ferreira Carvalho;8.46
29560;Beatrice Lima Santos;5.05
9536;Vinicius Lima Santos;2.03
27320;Yasmin Ribeiro Fernandes;3.75
18870;Tomás Ribeiro Correia;4.84
16562;Carla Oliveira Oliveira;2.73
22624;Felipe Santos Goncalves;7.44
1094;Thiago Correia Cavalcanti;2.12
19375;Samuel Sousa Silva;1.72
16798;Brenda Dias Azevedo;1.11
6442;Danilo Ferreira Lima;4.44
8186;Maria Costa Barros;8.55
18583;Rodrigo Ferreira Barros;2.67
14626;Vinícius Cavalcanti Cunha;1.14
23792;Isabela Almeida Cardoso;6.82
4796;Carolina Almeida Rodrigues;8.31
10593;Beatriz Barbosa Santos;5.77
25187;Luís Costa Melo;6.25
23213;Maria Fernandes Fernandes;0.57
15354;Kauã Azevedo Castro;8.98
11407;Eduarda Melo Castro;7.32
19598;Mateus Silva Cavalcanti;4.97
29049;Vitória Gomes Lima;7.96
10225;Carolina Lima Goncalves;9.85
15196;Carlos Rodrigues Ribeiro;7.66
3936;Bruno Rodrigues Cavalcanti;3.39
12523;Pedro Correia Dias;4.02
17745;Matheus Pinto Melo;8.25
8059;Júlia Barbosa Dias;8.04
20090;Vitor Araujo Ferreira;9.74
18327;Felipe Oliveira Martins;4.93
9828;Emilly Carvalho Almeida;7.09
10281;Manuela Carvalho Santos;0.44
6229;Melissa Carvalho Martins;4.73
24089;Davi Correia Cavalcanti;0.94
26937;Nicolash Gomes Barros;7.76
19640;Gabriel Araujo Martins;8.84
354;Vitoria Barros Dias;5.63
3923;Gustavo Ribeiro Almeida;8.83
8591;Luiz Costa Goncalves;1.60
12956;Gabrielly Silva Ribeiro;8.11
9766;Samuel Melo Melo;1.26
23795;Vinícius Pereira Cardoso;4.97
11300;Mateus Santos Costa;7.69
2311;Rodrigo Ferreira Fernandes;0.58
17485;Pedro Ferreira Cardoso;8.89
14009;Martim Martins Barbosa;4.78
6214;Breno Correia Araujo;4.30
20494;Giovana Rodrigues Souza;6.81
411;Marcos Silva Ferreira;4.75
22108;Estevan Almeida Oliveira;4.77
13748;José Rocha Castro;9.09
28387;Luiz Cardoso Fernandes;8.62
3050;Vinicius Barros Cunha;3.55
12737;Fernanda Cunha Araujo;6.73
24844;Douglas Goncalves Cardoso;7.47
22810;Lucas Oliveira Barbosa;8.82
26493;Samuel Azevedo Cavalcanti;5.23
20746;Ana Costa Rocha;4.80
29848;Sarah Barros Costa;5.93
17917;Emily Sousa Melo;4.30
20337;Gabrielly Souza Fernandes;3.96
20622;Mariana Melo Alves;9.84
17625;Otávio Barros Rocha;2.31
13931;Antônio Rocha Martins;1.19
19514;Manuela Cardoso Silva;5.72
5141;Fábio Cunha Cardoso;2.40
26172;Fábio Ribeiro Melo;1.96
18100;Rodrigo Pinto Ferreira;2.75
16511;Yasmin Pereira Correia;9.45
23742;Miguel Silva Sousa;7.04
25010;Breno Barros Almeida;0.33
26063;Danilo Sousa Rocha;1.28
4943;Vinícius Souza Carvalho;2.86
25209;Guilherme Almeida Rodrigues;6.68
16490;Enzo Martins Fernandes;3.27
4503;Letícia Melo Martins;7.32
19989;Marina Rocha Ferreira;6.94
13643;Murilo Azevedo Gomes;9.65
11477;Luis Goncalves Pinto;7.78
5694;Martim Carvalho Lima;2.12
6194;Estevan Cavalcanti Pereira;2.19
22231;Manuela Barbosa Rocha;5.18
4431;Livia Barbosa Correia;8.31
22440;Estevan Pereira Correia;9.62
26654;Daniel Dias Pinto;3.48
16034;Luis Gomes Costa;5.62
11266;Otávio Ribeiro Goncalves;8.81
100;Bianca Costa Ribeiro;6.33
18341;Kauan Azevedo Lima;1.46
4510;Aline Melo Alves;3.82
16644;Rafaela Silva Ferreira;2.41
22419;Enzo Costa Costa;4.92
3479;Douglas Sousa Castro;1.40
20234;Julia Alves Souza;4.43
3049;Luís Pereira Santos;9.19
4109;Marina Costa Gomes;6.73
1246;Caio Carvalho Correia;6.94
7488;Martim Azevedo Oliveira;7.71
14965;Yasmin Dias Pereira;1.38
25625;Igor Gomes Rocha;3.10
24610;Isabela Goncalves Santos;4.93
27585;Isabela Silva Melo;3.57
15846;Lucas Dias Fernandes;8.07
18487;Kauã Fernandes Cavalcanti;1.38
24918;Vitor Rodrigues Pereira;7.86
24100;Lucas Pinto Gomes;3.63
895;Diogo Goncalves Rodrigues;7.71
13877;Joao Lima Santos;1.21
19664;Marina Cavalcanti Barbosa;9.83
15108;Vitória Barbosa Dias;4.60
24195;Nicole Ferreira Cavalcanti;5.12
770;Leonardo Costa Lima;9.74
9638;Miguel Almeida Ferreira;6.21
2935;Rodrigo Carvalho Silva;5.71
17351;Júlio Rodrigues Araujo;5.66
7228;Isabela Santos Goncalves;8.06
27723;André Gomes Cavalcanti;7.28
12225;Martim Cavalcanti Goncalves;0.46
9141;Luiza Araujo Cunha;7.45
27538;Mateus Ferreira Goncalves;8.25
19319;Carla Melo Sousa;8.84
27675;André Ribeiro Pereira;7.50
20979;Isabela Barbosa Almeida;4.60
3471;Giovana Silva Carvalho;8.36
18892;Evelyn Araujo Fernandes;2.00
8966;Miguel Carvalho Fernandes;6.74
4580;Rafaela Melo Pereira;3.50
22848;Nicolash Araujo Araujo;1.76
8821;Brenda Goncalves Dias;8.07
5682;Diego Correia Rodrigues;7.32
9539;Nicolash Barbosa Martins;0.02
25647;Leila Correia Ferreira;5.62
23395;Kai Martins Dias;1.70
10871;Manuela Rocha Lima;4.14
16078;Emily Pinto Goncalves;2.08
7746;André Cardoso Cardoso;5.62
16073;Enzo Azevedo Ferreira;9.27
22500;Marcos Cardoso Lima;1.86
626;Carlos Sousa Sousa;8.28
7275;Marina Souza Alves;6.63
11177;Giovanna Silva Souza;5.63
15233;Samuel Fernandes Silva;4.45
19458;Guilherme Rocha Souza;4.97
18630;Sofia Alves Cavalcanti;6.14
3543;Luan Lima Alves;5.14
19821;Mateus Azevedo Barbosa;7.17
13930;Joao Ferreira Sousa;1.59
12625;José Silva Sousa;8.69
25661;Eduardo Barbosa Rodrigues;4.34
3812;João Alves Santos;9.27
29421;Isabela Souza Lima;7.36
28485;Isabella Cavalcanti Carvalho;3.57
15078;Beatriz Ribeiro Silva;0.42
1493;Thaís Costa Pereira;0.73
5857;Gustavo Azevedo Ferreira;7.45
18978;Gabriel Lima Gomes;0.77
28511;Tânia Santos Pinto;6.09
21546;Arthur Lima Cunha;3.53
15396;Carla Fernandes Sousa;5.13
20067;Daniel Alves Dias;6.91
9620;Renan Martins Rodrigues;8.07
29071;Larissa Barros Santos;2.63
20895;Kauã Lima Gomes;9.03
29855;Bruna Ribeiro Lima;2.84
19017;Júlia Fernandes Barbosa;9.63
8844;Julian Melo Martins;1.70
1411;André Souza Barros;2.80
7288;Felipe Sousa Rocha;9.56
3739;Ana Azevedo Melo;3.54
19221;Matheus Martins Santos;8.75
75;Breno Cunha Santos;0.70
11991;Luiz Lima Cavalcanti;3.29
20049;Vinicius Barbosa Santos;4.14
22045;Douglas Rocha Pinto;2.76
21543;Martim Melo Lima;3.00
6869;Gabriela Dias Fernandes;2.54
22350;Nicolas Martins Ribeiro;5.95
19937;Carla Barros Gomes;4.64
10984;Emilly Lima Ribeiro;6.46
20505;Luana Rocha Gomes;3.17
548;Thaís Souza Cavalcanti;1.15
13852;João Rodrigues Barros;4.43
17808;Carolina Silva Almeida;6.84
2835;Isabela Fernandes Melo;1.70
11500;Maria Barbosa Rocha;4.63
17130;Mariana Azevedo Araujo;7.06
10944;Gabriel Azevedo Correia;1.91
5912;Isabela Alves Pereira;0.55
19134;Rafael Melo Cunha;6.23
12883;Alice Sousa Silva;4.47
24897;Caio Barbosa Ferreira;6.18
22261;Murilo Almeida Barbosa;6.10
1349;Enzo Silva Sousa;2.64
15713;Aline Pinto Costa;8.29
21648;Júlia Rodrigues Gomes;6.19
21229;Vitor Barbosa Ferreira;9.42
17884;Sophia Martins Pinto;9.04
14115;Melissa Fernandes Oliveira;5.32
8487;Julia Goncalves Rodrigues;6.96
7578;Giovanna Rocha Martins;0.17
4475;Igor Fernandes Almeida;5.47
18134;Brenda Correia Barros;4.79
20375;Gustavo Cunha Oliveira;8.02
56;Diego Cavalcanti Almeida;0.90
22356;Erick Oliveira Barbosa;9.64
13757;Mateus Ferreira Martins;9.96
28310;Fábio Gomes Castro;3.84
29093;Sophia Goncalves Dias;1.53
17869;Luiz Azevedo Goncalves;2.14
24142;Ryan Martins Lima;1.55
29613;Luiza Almeida Fernandes;6.06
16359;Leonor Goncalves Araujo;0.78
28365;Leonor Goncalves Alves;2.15
814;Julieta Lima Castro;1.81
8767;Ágatha Oliveira Pereira;5.96
395;Ana Almeida Pinto;2.46
1813;Brenda Correia Azevedo;2.84
4122;Fábio Barbosa Correia;3.65
10362;Kauan Martins Fernandes;5.74
6772;Guilherme Lima Cunha;1.59
24310;Gabriela Melo Araujo;9.55
28562;Anna Martins Rodrigues;9.96
3196;Yasmin Barros Dias;9.39
12188;Rodrigo Costa Azevedo;9.00
20253;Pedro Costa Cavalcanti;5.76
17404;Nicolas Barros Azevedo;1.35
22207;Brenda Fernandes Santos;6.30
11118;Bruno Oliveira Costa;2.73
5691;Eduardo Gomes Goncalves;1.26
8724;Igor Oliveira Goncalves;6.68
13161;Nicolas Ribeiro Dias;0.27
11962;Estevan Cavalcanti Martins;8.93
29427;Amanda Goncalves Ribeiro;9.03
1918;Douglas Cavalcanti Gomes;9.21
16539;Kaua Rodrigues Alves;6.63
13928;Alex Cardoso Almeida;0.73
15163;Emilly Costa Ferreira;9.25
9577;Erick Melo Cunha;9.66
26380;André Gomes Rodrigues;3.51
25788;Gabriela Oliveira Fernandes;2.58
26210;Rafaela Barros Barbosa;7.09
8972;Diego Oliveira Rocha;0.88
29695;Kauã Santos Alves;2.84
23173;Isabelle Fernandes Araujo;6.16
9181;Júlia Goncalves Lima;6.32
19210;Luiz Santos Carvalho;8.13
7818;Nicole Ribeiro Dias;4.72
15260;Caio Cunha Pereira;8.02
29533;Douglas Pinto Lima;9.49
5257;Kaua Rocha Alves;4.03
18203;Isabelle Goncalves Pereira;0.57
4196;Bruno Silva Souza;4.11
23745;Melissa Sousa Oliveira;8.50
11239;Vinicius Castro Silva;1.77
7274;Eduarda Souza Cardoso;4.23
28771;José Alves Ferreira;0.41
23961;Manuela Dias Almeida;1.89
8797;Tiago Ferreira Alves;6.84
6051;Giovana Cavalcanti Barbosa;4.45
24902;Luan Cunha Pinto;6.14
23330;Carolina Rodrigues Melo;6.58
8345;Estevan Cardoso Gomes;5.30
8378;Lucas Carvalho Rocha;5.35
10865;Maria Carvalho Costa;2.47
5641;Felipe Rodrigues Santos;2.40
22558;Mariana Barbosa Carvalho;6.04
2597;Marisa Correia Melo;0.94
13133;Joao Silva Pereira;1.30
14908;Cauã Cavalcanti Oliveira;3.12
7830;Erick Martins Fernandes;2.16
27460;Pedro Cardoso Ferreira;5.84
18907;Alice Oliveira Sousa;9.52
3496;Alex Rocha Araujo;4.26
7021;Otávio Alves Costa;0.53
5098;Raissa Ferreira Correia;9.23
28539;Diogo Castro Ferreira;0.51
25708;Lavinia Cardoso Souza;5.69
25495;Carolina Fernandes Goncalves;5.50
3780;Júlia Rodrigues Azevedo;2.64
28241;Arthur Cardoso Castro;3.16
14360;Luís Ribeiro Rodrigues;0.06
2463;Rebeca Goncalves Souza;5.82
2814;Gabriel Dias Alves;4.14
22259;Rodrigo Sousa Carvalho;0.34
11054;Kauã Ferreira Pereira;0.65
11362;Daniel Martins Cardoso;5.69
10747;Eduarda Oliveira Ferreira;4.18
2906;Giovana Oliveira Gomes;9.33
27582;Paulo Martins Ribeiro;4.56
27621;Breno Araujo Cunha;8.31
6263;Isabela Pereira Ribeiro;7.82
10704;Miguel Goncalves Carvalho;0.61
13625;Luiza Fernandes Rocha;4.21
13803;Martim Cavalcanti Rocha;3.21
23109;Luana Ferreira Castro;7.60
22303;Lavinia Souza Cunha;0.31
11622;Júlio Silva Barbosa;0.27
750;Rafael Cardoso Fernandes;6.24
21988;Vitor Almeida Rocha;7.80
4734;Isabelle Alves Goncalves;0.89
9246;Tiago Cunha Araujo;2.93
16698;Paulo Barros Santos;7.43
17854;Gabriela Fernandes Barbosa;8.97
24809;Rafael Azevedo Pereira;7.92
18442;Julieta Lima Rodrigues;7.17
10416;André Cunha Martins;9.58
14051;Beatrice Rodrigues Gomes;2.91
20660;Fábio Pinto Lima;0.97
25449;Julieta Sousa Ferreira;7.06
17886;Júlio Alves Correia;4.61
15573;Clara Cardoso Ribeiro;4.68
21510;Luana Castro Pereira;0.22
3622;Fernanda Barros Alves;6.59
14415;Kai Dias Almeida;7.75
18869;Thiago Oliveira Souza;6.32
4352;Manuela Fernandes Ferreira;9.23
19113;Erick Cardoso Pereira;6.67
16217;Emilly Lima Martins;9.01
7725;Lucas Rocha Ferreira;9.05
5829;Larissa Santos Alves;9.17
984;Gustavo Souza Pinto;2.91
21298;Yasmin Santos Costa;5.93
20475;Lara Martins Silva;3.26
22442;Matilde Correia Ferreira;7.98
12773;Gabrielle Correia Silva;3.18
17568;Isabelle Santos Araujo;4.93
260;Vitória Barros Sousa;7.66
22075;Julian Santos Silva;8.69
1221;Letícia Santos Almeida;3.31
29348;Luan Barros Carvalho;0.58
24694;Vitór Alves Pinto;3.08
5325;Erick Dias Costa;1.89
6531;Thaís Azevedo Castro;4.66
8685;Julieta Costa Costa;3.21
12740;Otávio Azevedo Melo;5.38
22552;Vitória Martins Araujo;6.29
15076;Amanda Ferreira Melo;4.40
149;Gabrielly Rodrigues Goncalves;9.00
28954;Rafaela Goncalves Azevedo;0.42
9014;Renan Cavalcanti Cavalcanti;6.57
7344;Caio Pereira Pinto;9.56
8108;Matheus Azevedo Melo;8.54
16898;Marisa Cardoso Correia;8.76
1460;Vitor Rodrigues Pinto;1.10
8232;Daniel Ferreira Castro;3.92
15014;Julia Sousa Silva;4.37
25793;Livia Azevedo Costa;9.22
11599;Rodrigo Araujo Rodrigues;7.51
9085;Luis Pinto Cavalcanti;4.78
13752;Julieta Castro Ferreira;7.10
12715;Maria Oliveira Rocha;5.83
10741;Júlia Azevedo Pinto;3.30
16062;Luan Martins Santos;0.20
14602;Maria Alves Rocha;6.77
1774;Luiza Pinto Castro;8.26
29187;Brenda Rocha Araujo;9.57
13329;Matilde Correia Pinto;6.52
18118;Rebeca Oliveira Ribeiro;3.95
22241;Tiago Barbosa Araujo;9.73
9999;Vitór Azevedo Rodrigues;5.98
10777;João Costa Melo;4.44
8525;Luís Barros Barbosa;7.21
4846;Vitór Oliveira Barros;1.00
24673;Luiza Cunha Santos;9.71
17312;Bruna Melo Araujo;8.21
9906;Marcos Lima Cavalcanti;4.27
7487;Julia Santos Carvalho;4.01
15660;Marina Azevedo Oliveira;5.98
13445;Vitor Barbosa Silva;5.34
17620;Evelyn Rodrigues Goncalves;7.19
7575;Cauã Rocha Barbosa;2.99
1785;Thaís Costa Silva;4.96
13808;Cauã Castro Almeida;2.19
29605;Rebeca Cavalcanti Cardoso;3.77
23251;Leonardo Goncalves Souza;6.32
26516;Renan Cunha Castro;7.34
7496;Julian Sousa Oliveira;5.86
21243;Vitór Alves Goncalves;5.21
27434;Camila Cunha Fernandes;7.89
8113;Rodrigo Cunha Lima;1.37
15387;Lavinia Carvalho Cardoso;9.20
11305;Emilly Cardoso Rocha;7.17
15900;André Oliveira Almeida;8.09
20349;Vitoria Cunha Azevedo;9.47
813;Kauã Castro Fernandes;4.39
19129;Emily Azevedo Cunha;8.14
24232;Eduardo Oliveira Alves;8.29
10854;José Fernandes Rodrigues;1.19
24036;Leila Sousa Oliveira;5.09
22762;Carolina Dias Goncalves;2.16
12894;Murilo Almeida Castro;5.04
9069;Thaís Goncalves Pereira;6.82
6551;Raissa Santos Oliveira;4.22
16771;Giovana Alves Ribeiro;7.08
21978;Fábio Barros Araujo;6.44
27868;Eduarda Ferreira Lima;5.79
1344;Gabriel Santos Silva;2.27
13713;Livia Pinto Fernandes;6.36
2403;Leonardo Martins Almeida;9.27
3906;Gabriel Rodrigues Oliveira;3.36
1649;Estevan Sousa Fernandes;3.79
12455;Otávio Goncalves Rocha;9.25
28193;Felipe Ferreira Lima;1.79
21642;Eduardo Azevedo Rodrigues;5.72
27470;Rafaela Ribeiro Rodrigues;1.75
9839;Matilde Almeida Correia;2.39
17525;Vitór Cunha Rodrigues;5.65
20906;Antônio Azevedo Sousa;8.31
13627;Rafaela Ferreira Cunha;7.87
25064;Luana Sousa Correia;3.92
2527;Fábio Melo Barbosa;5.40
22040;Gabriel Ribeiro Dias;7.24
27657;Clara Alves Almeida;5.07
25305;Leonardo Rocha Cavalcanti;3.19
14739;Alex Barbosa Carvalho;6.61
24906;Yasmin Rocha Martins;0.25
13285;Diego Cunha Dias;4.38
12023;Bruno Cavalcanti Pinto;4.29
8457;Giovana Santos Souza;5.97
8400;Kauê Sousa Costa;7.50
20610;Letícia Costa Barbosa;1.39
13667;Fábio Araujo Pinto;8.60
17637;Manuela Martins Pinto;7.47
6355;Matheus Pereira Azevedo;5.63
14483;Otávio Carvalho Araujo;5.48
24354;Bianca Barbosa Ferreira;7.68
22697;Bianca Sousa Azevedo;0.17
4049;Nicolash Goncalves Santos;8.88
21498;Camila Pereira Goncalves;1.08
13311;Pedro Oliveira Cavalcanti;9.15
8025;Renan Pereira Costa;6.45
13918;Luiz Fernandes Martins;2.01
28188;Luiz Gomes Pinto;8.17
3068;Nicole Sousa Cardoso;0.62
1473;Tomás Cunha Cunha;9.07
20428;Melissa Carvalho Pinto;4.46
23871;Gabrielly Santos Pereira;3.13
21574;Matilde Souza Azevedo;6.72
10410;Erick Costa Lima;9.41
4024;Renan Cavalcanti Lima;6.93
2777;Kauã Pereira Barros;1.70
23074;Gabrielle Souza Cavalcanti;1.87
19036;Douglas Goncalves Ferreira;2.96
24463;Antônio Ferreira Silva;3.11
26325;Vinicius Goncalves Barbosa;5.13
18527;Paulo Martins Ribeiro;1.78
19497;Sofia Almeida Azevedo;6.74
13728;Ana Cunha Oliveira;1.09
22903;Camila Cunha Martins;3.39
14425;Erick Goncalves Azevedo;4.28
22011;Nicolash Martins Sousa;2.79
1471;Beatrice Alves Pereira;0.07
27258;Tiago Cardoso Araujo;7.86
19710;Bruna Gomes Lima;9.22
23456;Kai Azevedo Costa;2.55
11336;José Souza Ribeiro;3.74
21736;Marisa Rodrigues Cunha;9.33
26719;Rafael Pereira Araujo;6.25
1213;Matilde Carvalho Costa;7.87
24721;Larissa Santos Pereira;6.52
28811;Luís Ribeiro Oliveira;2.66
27167;Maria Barbosa Ribeiro;0.27
9481;Luana Barbosa Carvalho;3.53
7090;Julian Martins Dias;6.31
3302;Murilo Melo Almeida;6.87
20838;Aline Carvalho Santos;2.05
21204;Tiago Fernandes Goncalves;2.75
21034;Arthur Ribeiro Dias;7.26
24156;Vinícius Barbosa Martins;6.65
17983;Giovanna Lima Oliveira;4.21
28265;Lara Silva Rocha;5.76
2978;Julian Araujo Silva;6.58
21197;Estevan Correia Cavalcanti;8.24
29331;Mariana Ferreira Oliveira;8.60
18437;Kauan Barbosa Melo;1.14
10646;Carolina Cardoso Carvalho;9.54
1154;Julian Cunha Silva;4.88
7205;Kauã Correia Pinto;2.93
27893;Julia Melo Rocha;7.31
28822;Thaís Castro Azevedo;5.50
4426;Beatriz Cunha Fernandes;5.36
20325;Beatriz Rocha Pereira;2.31
18214;Letícia Martins Fernandes;0.58
6987;Pedro Rodrigues Rocha;9.05
17956;Beatrice Correia Araujo;2.60
28981;Anna Costa Fernandes;0.29
11853;Thaís Cavalcanti Sousa;0.82
17703;Caio Melo Lima;6.46
217;Yasmin Martins Correia;6.77
4462;Carlos Araujo Azevedo;0.57
14113;Bruno Castro Pereira;8.88
20908;Julian Rodrigues Rocha;8.00
14148;Bruno Carvalho Alves;9.93
19982;Carla Fernandes Azevedo;7.62
2441;Rebeca Barbosa Goncalves;7.59
3288;Miguel Almeida Araujo;1.24
10892;Mariana Goncalves Cavalcanti;7.59
16083;Matheus Alves Barbosa;9.49
18381;Martim Alves Lima;2.91
12742;Emily Cunha Gomes;6.67
29545;Tiago Gomes Alves;7.81
5596;Danilo Rodrigues Santos;1.21
14488;Kauê Sousa Rodrigues;0.30
22691;Rafaela Rocha Pinto;8.53
3026;Clara Souza Cavalcanti;1.22
7668;Enzo Barbosa Souza;4.26
21857;Alice Castro Carvalho;7.76
13150;Luís Almeida Ferreira;6.12
23161;Ryan Silva Cunha;2.77
7424;Rafael Dias Cavalcanti;2.77
25377;Luís Almeida Costa;3.15
17272;Tânia Barros Araujo;8.13
26343;Ana Araujo Barbosa;0.35
9164;Mateus Sousa Pereira;2.54
7392;Giovanna Barbosa Barros;7.29
23791;Murilo Correia Ribeiro;3.93
3249;Kauan Cardoso Araujo;5.08
4139;Felipe Correia Melo;4.96
19696;Ryan Melo Lima;4.93
22179;Kauê Souza Correia;9.29
10635;Arthur Correia Sousa;8.23
18012;Nicolash Pereira Costa;6.57
28393;Julian Martins Carvalho;9.73
11178;Douglas Rodrigues Silva;3.62
26241;Sofia Araujo Araujo;1.54
23377;Gabrielly Barbosa Cavalcanti;2.61
12868;Victor Rocha Cardoso;2.48
11043;Sofia Araujo Martins;0.59
3652;Erick Martins Santos;6.79
28893;Alex Araujo Melo;2.93
22642;Julia Sousa Rocha;0.00
23082;Larissa Cardoso Almeida;3.52
27884;Diego Gomes Oliveira;5.32
4784;Rafaela Carvalho Santos;2.89
2259;Diogo Alves Almeida;2.94
23594;Pedro Santos Almeida;7.51
29018;Gabrielly Goncalves Cardoso;0.72
18737;Luiz Lima Dias;0.89
1091;Davi Gomes Pinto;6.78
856;Eduardo Ferreira Cardoso;8.90
3636;Erick Goncalves Ferreira;9.18
27936;Carlos Cardoso Melo;6.44
8713;Thiago Rodrigues Azevedo;9.34
12582;André Ribeiro Barbosa;6.36
13054;Rebeca Santos Martins;2.77
25341;Caio Correia Dias;6.09
24260;Rebeca Barros Cavalcanti;2.89
1901;Luiz Rodrigues Cavalcanti;0.08
23704;Gabriela Souza Pinto;5.57
19860;Murilo Rodrigues Almeida;1.67
18752;Douglas Cavalcanti Fernandes;1.76
12104;Victor Lima Martins;0.50
12002;Rafael Cardoso Correia;2.67
17104;Sofia Ferreira Almeida;4.64
22826;Pedro Rocha Cardoso;8.59
6578;Sofia Rodrigues Alves;2.13
11233;Leila Cavalcanti Dias;8.17
23497;Vitór Ferreira Santos;0.21
8118;Júlia Dias Pinto;6.57
18493;Carlos Silva Correia;3.83
22641;Julieta Azevedo Pereira;0.50
11522;Breno Pinto Cavalcanti;2.10
6239;Ryan Almeida Alves;6.34
29967;Vinícius Fernandes Cunha;2.33
24453;Sophia Rocha Correia;9.37
16938;Beatriz Castro Martins;2.77
11721;Bianca Sousa Rodrigues;3.59
25880;Victor Oliveira Goncalves;6.40
7298;Luana Ferreira Barros;2.03
606;Clara Pinto Pereira;7.06
19081;Otávio Cavalcanti Cavalcanti;6.24
623;Carla Santos Rocha;5.97
7438;Gabriel Martins Barros;7.82
5663;Raissa Fernandes Cunha;0.82
17232;Julian Barbosa Cunha;5.76
21683;Matheus Almeida Silva;7.79
23453;José Goncalves Dias;4.21
14321;Caio Cunha Costa;0.76
25402;Renan Melo Melo;8.21
27339;Ágatha Goncalves Ribeiro;7.13
4764;Julia Lima Martins;3.54
16589;Anna Castro Rodrigues;2.32
27521;Larissa Rocha Melo;1.85
26292;Anna Goncalves Araujo;1.75
4578;Kauê Barbosa Silva;2.09
12236;Julieta Goncalves Dias;2.78
13584;Joao Dias Cardoso;5.99
19061;Estevan Correia Goncalves;4.93
8265;Kauê Cunha Rodrigues;6.16
29707;Ágatha Rocha Cardoso;3.87
19677;Murilo Rodrigues Cardoso;4.97
24032;Renan Correia Cardoso;8.25
8062;Marisa Rodrigues Rodrigues;3.64
17569;Vitór Melo Rodrigues;0.36
20812;Leonor Ribeiro Cunha;2.02
22054;Luiza Santos Pereira;9.67
10312;Lavinia Gomes Gomes;7.75
27999;Luis Dias Sousa;8.65
4775;Mateus Barbosa Cardoso;7.29
6352;Vinicius Cardoso Dias;6.37
8883;Luan Cunha Souza;4.17
615;Miguel Cunha Melo;3.23
4272;Letícia Cardoso Castro;2.60
607;Matheus Barros Cavalcanti;2.63
17155;Leonor Silva Cardoso;4.61
1072;Melissa Silva Martins;5.00
3815;Erick Gomes Sousa;6.06
10138;Nicole Carvalho Oliveira;2.68
27709;Rafaela Azevedo Silva;6.58
19473;Victor Lima Rocha;9.85
24609;Miguel Alves Ribeiro;4.56
22277;Diogo Cunha Azevedo;7.42
12206;Aline Ferreira Almeida;1.74
21766;Nicole Melo Rocha;5.22
11010;Paulo Gomes Gomes;8.03
5626;Emilly Sousa Silva;3.31
11619;Julia Castro Martins;6.32
25598;Leonor Rocha Pereira;9.20
29992;Julieta Correia Ribeiro;1.14
22535;Júlia Oliveira Cavalcanti;4.76
967;Caio Correia Rocha;3.74
20642;Melissa Pereira Sousa;4.15
18593;Thaís Carvalho Correia;3.34
13275;Caio Gomes Souza;8.34
25832;Vinicius Melo Pinto;3.73
8422;Vitoria Rocha Goncalves;5.25
28288;Antônio Castro Lima;6.31
18607;Manuela Araujo Lima;9.83
12028;Sofia Araujo Ribeiro;3.23
3779;Julia Silva Gomes;4.13
8787;Joao Rodrigues Correia;4.25
17501;Thaís Almeida Cardoso;2.06
12396;Nicolash Martins Barbosa;5.94
8868;Beatriz Costa Barbosa;8.13
17893;Renan Rocha Dias;9.02
9702;Mateus Lima Rodrigues;2.14
5021;Mateus Almeida Dias;4.47
17594;Sofia Melo Goncalves;9.29
15800;Nicole Lima Pereira;7.20
28150;Kai Araujo Sousa;0.70
5199;Ana Rocha Correia;3.78
8783;Rafael Melo Almeida;1.06
6475;André Lima Martins;4.25
5715;Fábio Fernandes Silva;1.47
966;Carolina Oliveira Goncalves;3.50
28158;Amanda Dias Lima;7.98
10363;Carlos Carvalho Lima;2.62
11253;Kauê Carvalho Ribeiro;1.48
16259;Gabriel Cardoso Alves;9.47
13076;Alex Almeida Cunha;2.06
186;Bruna Almeida Cunha;8.72
12820;Douglas Cunha Gomes;4.58
12292;Miguel Melo Cavalcanti;10.00
26482;Camila Almeida Cunha;5.14
10126;Breno Castro Pereira;2.74
18498;Leila Pereira Cunha;7.94
27388;Pedro Rocha Silva;9.06
29615;Miguel Rocha Fernandes;7.86
19532;Cauã Cavalcanti Dias;8.58
13780;Vitór Cardoso Azevedo;9.89
23207;Rebeca Barbosa Carvalho;9.34
6566;Raissa Rocha Cardoso;4.99
25133;Lucas Rodrigues Cavalcanti;7.68
6514;Miguel Costa Cavalcanti;6.74
14808;Rafaela Fernandes Souza;1.95
20292;Estevan Barbosa Sousa;3.99
242;Fábio Gomes Silva;8.49
12690;Leonardo Cardoso Souza;3.02
851;Thiago Barros Barros;0.37
17508;Vitoria Rocha Ribeiro;0.07
20418;Thaís Ferreira Sousa;2.78
10013;Leila Castro Silva;7.76
8738;Luís Almeida Melo;8.85
2703;Miguel Rodrigues Cavalcanti;2.69
27074;Isabelle Sousa Oliveira;5.26
12191;Daniel Rodrigues Silva;2.47
4366;Kaua Barros Barbosa;1.04
13645;Leonor Melo Barbosa;5.84
16483;João Ribeiro Azevedo;6.55
12156;Leila Almeida Fernandes;5.50
18830;Camila Rocha Barros;2.91
1928;Tomás Correia Castro;6.72
29063;Julian Pereira Rocha;6.68
17518;Martim Silva Araujo;7.88
5499;Leila Rodrigues Gomes;0.08
19289;Aline Souza Goncalves;9.18
11229;Alice Fernandes Melo;5.16
1145;Cauã Goncalves Barros;0.22
27252;Luís Carvalho Lima;0.21
5311;Sarah Rocha Ferreira;4.15
8189;Livia Dias Rodrigues;0.08
18531;Giovanna Araujo Cunha;7.12
17294;Evelyn Martins Barros;7.11
2071;Julieta Cardoso Oliveira;1.06
6627;Aline Rodrigues Rodrigues;7.98
17248;Lucas Ferreira Fernandes;8.45
18382;Vinícius Goncalves Rocha;1.74
29876;Arthur Ribeiro Goncalves;0.80
13388;Arthur Goncalves Cunha;9.70
22286;Emily Barbosa Oliveira;8.07
509;Luís Sousa Cavalcanti;1.69
9067;André Ribeiro Barbosa;5.25
29230;Alice Cunha Rocha;0.06
16137;Marisa Araujo Santos;6.95
21231;Giovanna Rodrigues Santos;1.30
8739;Fernanda Souza Fernandes;5.47
2562;Rebeca Souza Rodrigues;2.29
1320;Emily Barros Barros;3.66
25700;Eduardo Correia Ribeiro;5.83
23052;Igor Goncalves Barbosa;3.70
23149;Thaís Martins Melo;0.92
18896;Tânia Costa Fernandes;9.51
21163;Rebeca Correia Alves;0.57
1235;Julian Almeida Correia;3.79
23452;Lara Almeida Gomes;6.33
11857;Enzo Fernandes Pinto;1.13
69;João Alves Oliveira;7.58
13270;Giovana Castro Araujo;6.83
8199;Thiago Castro Ribeiro;8.38
5951;Sophia Correia Alves;2.70
6952;Vitór Goncalves Dias;2.33
21271;Caio Sousa Lima;4.19
26735;Igor Ferreira Fernandes;9.80
5043;Paulo Santos Ferreira;5.41
4606;Beatriz Cardoso Costa;6.45
19176;Luiza Gomes Pinto;9.05
3292;Breno Gomes Oliveira;0.41
14099;Martim Pereira Barros;1.36
20570;Camila Ferreira Azevedo;1.15
27253;Camila Cunha Oliveira;3.47
17881;Erick Barros Cardoso;0.62
5759;Isabella Pinto Ferreira;7.32
17048;Mariana Gomes Cavalcanti;5.67
9901;Ágatha Cavalcanti Azevedo;3.78
7007;Vinícius Sousa Almeida;0.60
2512;Evelyn Lima Silva;0.29
29347;Fábio Rocha Gomes;6.02
7753;Bruna Alves Correia;4.77
14752;Bianca Almeida Barros;5.48
5907;Tiago Fernandes Rocha;6.55
11236;Tânia Pinto Alves;8.51
2014;Joao Gomes Barros;2.11
2218;Isabella Barros Lima;1.23
25173;Bruna Barros Oliveira;1.44
9866;Clara Rodrigues Lima;4.80
15533;Letícia Barros Costa;4.97
26023;Renan Lima Cardoso;5.03
9957;Lucas Araujo Castro;0.95
7398;Isabela Rocha Pereira;3.38
27165;Arthur Castro Pereira;6.00
9703;Vitor Araujo Costa;5.74
14473;Breno Silva Araujo;4.60
11464;Beatrice Costa Cunha;5.35
2758;João Fernandes Correia;8.04
23328;Bianca Castro Alves;1.10
1812;Kauã Gomes Rodrigues;6.17
85;Lavinia Alves Lima;0.09
2419;Ryan Martins Cunha;6.78
19896;Giovanna Martins Alves;8.06
3289;Bruna Rocha Oliveira;6.77
14141;Davi Dias Lima;8.54
18454;Arthur Pinto Carvalho;5.97
23934;Alice Martins Pereira;5.96
21836;Mateus Gomes Castro;6.41
2069;Thiago Martins Carvalho;8.10
26443;Eduarda Carvalho Sousa;5.33
13515;Leonardo Gomes Rocha;7.54
28906;Laura Alves Araujo;6.89
26492;Gabriel Almeida Araujo;5.56
5490;Danilo Santos Rocha;2.59
3784;Victor Gomes Castro;5.29
2811;Eduarda Costa Alves;1.20
20087;Matilde Barros Martins;3.87
22004;Nicolas Barros Barros;3.25
5928;Bruno Martins Carvalho;3.90
18410;Luan Barros Cardoso;8.73
16611;Sarah Sousa Melo;7.57
13404;Matilde Azevedo Lima;1.92
15368;Beatrice Barbosa Lima;2.61
11351;Larissa Melo Oliveira;2.65
23799;Melissa Silva Fernandes;0.23
14439;Livia Melo Almeida;7.33
8337;Giovana Costa Martins;6.18
11641;Ana Rodrigues Oliveira;9.61
21196;Sophia Sousa Pinto;9.22
14669;Isabela Martins Ferreira;7.91
25608;Davi Ferreira Dias;5.92
8969;Thiago Costa Souza;3.45
22827;Rafael Pereira Rodrigues;8.50
24679;Guilherme Santos Pereira;1.97
1055;Marisa Rodrigues Barros;2.29
3710;Samuel Ribeiro Barbosa;0.75
15555;Danilo Santos Ferreira;5.24
8727;Pedro Pereira Alves;4.32
5249;Kauã Correia Rocha;3.25
24572;Miguel Sousa Cardoso;4.70
26484;Nicole Rodrigues Correia;6.44
19826;Beatrice Pereira Costa;5.71
246;Luana Fernandes Pereira;0.30
14258;Paulo Almeida Ferreira;3.17
534;Fernanda Correia Pinto;8.92
20254;Matheus Cunha Cavalcanti;2.45
2436;Kauan Cavalcanti Barbosa;5.95
28558;Evelyn Souza Correia;9.16
26522;Luiz Souza Castro;5.41
6286;Carla Almeida Dias;5.55
21818;Gabrielle Rodrigues Pereira;7.66
6662;Murilo Rocha Barbosa;0.99
26424;Enzo Carvalho Pinto;9.50
25011;Thiago Castro Lima;5.08
27343;Larissa Alves Goncalves;4.43
8380;Diogo Carvalho Fernandes;1.77
8732;Giovanna Santos Sousa;6.61
3681;Livia Fernandes Araujo;3.96
3935;Victor Dias Rodrigues;3.07
27196;João Azevedo Cunha;6.57
10875;Davi Gomes Alves;9.92
23056;Thaís Cunha Almeida;8.02
14615;Letícia Castro Lima;8.15
16284;Yasmin Martins Ribeiro;7.69
17784;Alex Barros Melo;0.43
1375;Douglas Rocha Rocha;1.56
3114;Júlia Sousa Rodrigues;2.77
22933;José Alves Araujo;4.98
18874;André Melo Sousa;0.77
23835;Vitoria Lima Silva;3.51
27995;Clara Almeida Pinto;6.46
26505;Thiago Alves Correia;7.78
26547;Julieta Martins Fernandes;2.71
22445;Emily Cunha Oliveira;7.36
21189;Vitór Melo Ribeiro;4.66
5270;Melissa Ribeiro Barros;4.36
12709;Isabelle Barbosa Carvalho;6.19
13116;Beatrice Oliveira Araujo;2.66
27290;Cauã Souza Cunha;9.99
10310;Lavinia Martins Melo;0.27
6124;Kauã Pinto Azevedo;9.89
4804;Isabela Cardoso Cardoso;2.34
25155;Letícia Martins Pereira;9.77
1591;Matheus Melo Pereira;7.05
4848;Leonardo Castro Oliveira;9.16
17156;Kauan Sousa Gomes;5.06
25071;Beatriz Melo Dias;4.07
25395;Gabriela Sousa Barbosa;8.87
10956;Luana Cavalcanti Oliveira;9.23
22337;Tiago Rocha Melo;2.04
11086;Leonardo Rocha Ferreira;1.90
19576;Thaís Silva Barros;7.08
8453;Kai Fernandes Lima;9.72
15465;Manuela Rodrigues Oliveira;2.27
29343;Lavinia Oliveira Martins;9.07
7872;Pedro Cavalcanti Ribeiro;4.72
1775;Kaua Araujo Gomes;5.66
9134;Gabrielle Pereira Cavalcanti;5.86
551;Lucas Correia Martins;5.86
17202;Marina Azevedo Azevedo;6.88
9494;José Barros Santos;6.20
27539;Bianca Azevedo Rocha;8.33
19247;Manuela Fernandes Melo;8.78
24965;Giovana Souza Oliveira;1.76
29663;Nicolas Correia Alves;5.70
15708;Raissa Barros Souza;1.88
2370;Leila Cunha Martins;7.01
4128;Camila Almeida Alves;5.69
10801;Bianca Castro Almeida;5.21
12092;Ágatha Gomes Almeida;1.05
14136;Brenda Alves Pinto;5.64
21389;Marcos Araujo Ribeiro;7.72
29932;Enzo Rodrigues Souza;5.43
15487;Julia Correia Alves;3.38
9335;Breno Barros Cavalcanti;8.70
1849;Marisa Correia Alves;5.69
23130;Maria Cardoso Silva;7.36
22662;Leonardo Gomes Cardoso;1.15
9142;Leonor Almeida Araujo;3.25
11756;Nicolas Carvalho Barros;7.34
25024;Cauã Castro Cavalcanti;1.13
488;Leonor Barros Dias;4.90
6710;Luiza Oliveira Dias;5.91
22273;Antônio Correia Pereira;9.06
8911;Aline Dias Pinto;0.39
15512;Júlia Sousa Oliveira;8.16
16891;Kauê Goncalves Almeida;1.53
549;Julia Silva Ribeiro;3.16
16841;Luana Cavalcanti Oliveira;3.01
22737;Larissa Melo Martins;3.85
23574;Isabelle Goncalves Pereira;1.81
5713;Rebeca Azevedo Correia;0.94
6564;Breno Sousa Dias;8.26
26129;Sarah Goncalves Barbosa;3.35
19589;Gabrielle Melo Goncalves;0.66
6402;Beatrice Souza Cavalcanti;6.38
19308;Arthur Cavalcanti Ribeiro;7.58
25283;Bruno Almeida Barros;1.92
7243;Vitor Ribeiro Pereira;2.55
19264;Aline Gomes Martins;7.92
12441;Isabelle Goncalves Barbosa;2.59
23634;Livia Castro Dias;4.18
25809;Kaua Carvalho Goncalves;7.81
12901;Tomás Cavalcanti Castro;3.40
2051;Vitória Melo Cardoso;8.91
6683;Emily Silva Sousa;5.22
2557;Estevan Silva Costa;6.52
6440;Vitor Cardoso Cardoso;8.01
15815;Rafael Ferreira Barros;7.41
9421;Kai Martins Rocha;6.51
25666;Sofia Lima Carvalho;7.44
10697;Vitória Martins Gomes;4.59
24971;Marisa Souza Santos;8.47
10055;Eduarda Correia Dias;8.23
5055;Mariana Cunha Fernandes;2.03
11192;Leonor Ferreira Rocha;1.17
13256;Isabelle Silva Silva;0.20
1792;Júlia Rocha Alves;0.85
4446;Nicole Castro Barbosa;2.60
16150;Leonardo Lima Cardoso;5.04
11139;Leonardo Cunha Souza;6.38
3700;Felipe Alves Almeida;5.88
22958;Letícia Sousa Souza;3.25
24228;Manuela Lima Rodrigues;4.60
20417;Eduardo Goncalves Correia;3.66
4936;Kaua Barros Fernandes;0.48
1567;Evelyn Gomes Barbosa;5.56
13670;Ana Cavalcanti Cavalcanti;1.47
21101;Maria Melo Pinto;9.65
26116;Kauê Souza Ferreira;5.14
38;Ana Costa Martins;0.03
28600;Isabella Fernandes Ferreira;0.08
2265;José Pereira Barros;5.32
22595;Julieta Rocha Alves;4.72
27090;Antônio Cardoso Dias;6.41
26519;Enzo Pereira Santos;0.29
11699;Leonardo Barbosa Correia;5.88
14512;Ágatha Carvalho Dias;3.48
17134;Júlio Araujo Dias;0.74
22581;Thiago Alves Pereira;6.21
29949;Vitória Rocha Martins;7.52
2103;Giovanna Fernandes Castro;7.30
22147;Luana Pereira Barbosa;0.16
1002;Arthur Rodrigues Pereira;4.46
22036;Raissa Pinto Oliveira;7.26
16847;Julieta Almeida Cavalcanti;5.96
14430;Diogo Araujo Rocha;3.60
23923;Evelyn Carvalho Goncalves;1.08
4742;Júlio Pinto Rodrigues;0.92
1425;Mateus Fernandes Oliveira;8.00
11607;Carla Oliveira Ribeiro;9.38
28372;Luan Fernandes Melo;4.39
16624;Luiza Ferreira Azevedo;0.25
23111;Fernanda Goncalves Almeida;8.93
5192;Lara Martins Fernandes;4.78
2904;Aline Ferreira Araujo;7.99
9462;Rafael Costa Carvalho;7.18
2568;Kauê Castro Azevedo;4.21
1243;Vinícius Rocha Rodrigues;3.09
29874;Nicole Castro Lima;2.21
1329;Carolina Sousa Alves;4.94
22141;Maria Rocha Rocha;8.06
29864;Rebeca Melo Ferreira;9.00
29726;Erick Lima Cunha;4.84
9296;Sarah Carvalho Souza;6.14
27274;Thaís Azevedo Cardoso;0.83
15994;Mateus Rocha Ribeiro;1.02
22869;Nicole Fernandes Souza;2.61
6536;Rebeca Pinto Silva;2.97
29640;Erick Ferreira Azevedo;4.61
10910;Vitor Barros Pereira;9.08
8805;Amanda Cunha Dias;2.35
7919;Clara Ferreira Ferreira;6.56
27529;Brenda Melo Cunha;5.23
12889;Isabella Pereira Santos;4.79
19011;Maria Araujo Cardoso;2.44
26287;Emilly Correia Almeida;1.71
20213;Gabrielle Rocha Pereira;5.24
18743;Vitoria Goncalves Ribeiro;9.12
2305;Beatrice Souza Lima;6.44
28828;Sophia Costa Rocha;4.04
5683;Vitór Barros Alves;9.91
6685;Manuela Rocha Ribeiro;1.74
18428;Rafaela Carvalho Correia;3.90
24048;Eduarda Cunha Alves;7.84
16263;Sarah Ferreira Ribeiro;9.15
28120;Emilly Lima Ferreira;7.07
19784;Rafaela Costa Cardoso;1.30
19003;Tânia Araujo Rodrigues;2.86
22729;Lavinia Martins Cardoso;0.09
8546;Beatrice Silva Santos;3.43
686;João Ribeiro Goncalves;2.81
29920;Clara Pereira Martins;0.29
6571;Pedro Castro Rodrigues;1.44
19352;Ana Gomes Araujo;0.83
13109;Luiz Araujo Fernandes;1.35
16675;Marisa Barros Ribeiro;2.30
2960;Douglas Costa Sousa;2.05
24052;Leonardo Gomes Alves;2.53
4563;Ryan Sousa Sousa;4.99
14832;Kai Carvalho Almeida;4.05
4184;Fábio Azevedo Souza;6.42
29000;Julieta Alves Ferreira;9.18
22237;Giovanna Correia Oliveira;9.37
17513;Antônio Pereira Cunha;7.98
11600;André Araujo Sousa;4.01
27329;Isabelle Santos Cavalcanti;4.24
18563;Rafaela Costa Oliveira;7.42
23706;Raissa Barros Azevedo;1.20
3334;Carlos Correia Correia;5.43
19561;Otávio Azevedo Gomes;2.80
6069;Kauê Barbosa Santos;8.22
5594;Júlia Silva Carvalho;1.34
8889;Brenda Almeida Almeida;1.30
6798;Emilly Lima Pinto;3.54
5236;Alice Lima Carvalho;8.08
14195;Beatriz Oliveira Cavalcanti;9.79
23361;Sarah Goncalves Dias;5.78
3395;Alice Costa Barbosa;8.94
26401;Isabelle Barbosa Cunha;8.67
22806;Julian Dias Dias;7.43
11135;Igor Silva Dias;9.37
16222;Rodrigo Almeida Cavalcanti;6.85
12938;Estevan Costa Rodrigues;0.91
24190;Alice Alves Ribeiro;9.73
29704;Diogo Oliveira Correia;3.39
13310;Erick Goncalves Correia;0.92
17339;Julieta Souza Souza;8.62
7292;Ana Barbosa Barbosa;1.99
16029;Marisa Barros Santos;2.07
668;Amanda Cunha Gomes;6.51
2056;Lavinia Araujo Azevedo;7.36
9691;Raissa Gomes Melo;0.73
20174;Laura Cardoso Correia;3.52
759;Fábio Ribeiro Castro;5.91
23038;Thaís Araujo Pinto;9.70
27379;Aline Araujo Ferreira;2.76
15559;Evelyn Martins Costa;0.58
29126;Antônio Rocha Sousa;4.86
6510;Evelyn Correia Costa;4.76
25673;Leonor Dias Araujo;1.20
27479;Leonor Almeida Ribeiro;1.39
29337;Bruno Goncalves Silva;2.83
9581;Giovanna Fernandes Rocha;6.79
7705;João Lima Barbosa;2.16
6665;Brenda Azevedo Santos;6.04
7558;Mariana Santos Ferreira;1.01
4226;João Melo Correia;9.83
12082;Samuel Barbosa Rocha;9.14
12173;Kai Almeida Ferreira;2.02
25303;Antônio Barbosa Alves;0.89
12052;Aline Melo Azevedo;7.06
283;Arthur Martins Araujo;7.08
12016;Douglas Carvalho Ferreira;7.42
10523;Arthur Martins Costa;2.07
5332;Enzo Correia Sousa;4.06
13367;Mariana Almeida Pinto;5.09
11797;Nicolash Silva Martins;0.92
15730;Fernanda Goncalves Barbosa;6.38
3667;Samuel Barbosa Almeida;6.38
16075;Tomás Santos Correia;2.13
5201;Carlos Cardoso Azevedo;7.64
14426;Bruno Cunha Carvalho;9.50
6977;Kaua Rodrigues Souza;2.55
12911;Evelyn Rocha Barros;0.87
21695;Matilde Ribeiro Azevedo;6.00
24035;Gabrielly Santos Rocha;5.20
14058;Breno Pinto Rodrigues;4.49
28171;Isabela Souza Castro;9.20
24333;Camila Dias Cavalcanti;3.86
13958;Beatriz Rodrigues Carvalho;6.65
14712;Vitór Cunha Cunha;9.45
19927;Enzo Souza Martins;6.51
23399;Estevan Ribeiro Correia;0.48
8097;Isabelle Almeida Ferreira;6.16
2781;Isabella Alves Rodrigues;2.08
16129;Emily Almeida Pereira;2.50
24312;Kauan Lima Martins;4.54
12592;Laura Melo Rodrigues;7.63
9877;Larissa Azevedo Gomes;9.13
2749;Amanda Ferreira Costa;3.79
10346;Matilde Cunha Cavalcanti;0.14
5705;Emilly Fernandes Goncalves;5.43
15674;Ryan Fernandes Correia;6.16
10683;Evelyn Almeida Costa;0.48
6364;Carolina Souza Pinto;5.35
20492;Luís Silva Barbosa;1.31
5982;Melissa Araujo Carvalho;6.82
25421;Kauê Barros Alves;9.90
17486;Luiza Cavalcanti Cavalcanti;1.31
6155;Victor Castro Gomes;7.08
25079;Leila Rocha Cunha;6.67
11392;Gustavo Almeida Pinto;4.36
24041;Giovanna Cunha Araujo;4.50
13409;Amanda Fernandes Pereira;5.14
1469;Larissa Goncalves Dias;1.78
19206;Leila Melo Gomes;7.11
12875;Carolina Pereira Silva;9.84
9765;Clara Barbosa Melo;0.14
27224;Matheus Rodrigues Correia;7.83
17648;Lara Pinto Correia;4.32
9515;Letícia Cardoso Souza;9.69
17187;Tomás Sousa Goncalves;4.25
17753;Beatrice Dias Sousa;3.64
21628;Alice Rodrigues Oliveira;9.46
19764;Luis Rocha Melo;4.54
25720;Laura Fernandes Santos;3.45
21349;Carolina Cavalcanti Oliveira;0.91
2779;Livia Gomes Costa;2.26
11251;Nicole Fernandes Costa;1.66
3489;Raissa Castro Goncalves;7.07
1295;Kauê Almeida Souza;4.03
18537;Luis Pereira Pinto;2.80
29236;Kauan Pinto Araujo;4.92
19748;Fernanda Santos Rodrigues;3.78
14227;Sarah Barros Melo;4.43
20051;Julia Melo Rodrigues;6.15
18508;Estevan Barbosa Cavalcanti;2.73
20649;Marcos Correia Melo;3.36
794;Murilo Sousa Lima;3.70
22202;Luís Castro Alves;3.75
22665;Joao Barros Santos;6.33
24500;Paulo Melo Cardoso;4.59
29773;Cauã Barbosa Ferreira;8.64
211;Guilherme Cavalcanti Cunha;2.00
18823;Isabella Cunha Almeida;2.61
23709;Cauã Goncalves Almeida;2.87
24785;Beatrice Martins Correia;7.55
6405;Matheus Castro Azevedo;0.59
24903;Pedro Carvalho Alves;6.56
7437;Gabriela Correia Silva;5.56
1397;João Pereira Araujo;8.50
24769;Felipe Martins Gomes;0.89
15552;Vinicius Araujo Barbosa;8.18
9189;Leonor Sousa Barros;8.75
879;Carolina Ribeiro Martins;6.85
28689;Julia Cunha Silva;4.91
19516;Larissa Dias Ribeiro;9.25
2330;Arthur Alves Melo;2.01
3162;Luis Goncalves Correia;4.06
16555;Thiago Cunha Cavalcanti;0.02
18266;Kauã Cardoso Santos;0.46
6431;Julieta Cunha Almeida;2.40
17370;José Pereira Oliveira;8.78
7304;Evelyn Martins Fernandes;1.77
26605;Júlio Carvalho Araujo;1.64
11141;Sofia Dias Ferreira;1.63
22193;Mateus Fernandes Correia;9.40
29581;Leila Lima Costa;0.52
17798;Murilo Gomes Silva;7.57
29341;Kauã Azevedo Rocha;7.39
19610;Carlos Barbosa Rocha;3.16
28427;Anna Sousa Martins;7.60
2457;Larissa Alves Cunha;1.14
9106;Letícia Pinto Pinto;2.82
28603;Bruna Gomes Barros;3.43
16120;Giovanna Castro Martins;8.67
10616;Yasmin Oliveira Carvalho;1.36
27466;Cauã Araujo Alves;2.59
4832;Julia Cunha Lima;1.83
22201;Paulo Pereira Rocha;9.81
25935;Julia Cavalcanti Dias;7.91
18935;Caio Correia Alves;0.64
12750;Bianca Pinto Ferreira;4.18
27588;Brenda Barros Cavalcanti;0.84
5259;Luis Barros Santos;5.30
17999;Livia Barbosa Melo;7.11
541;Tânia Melo Rodrigues;0.77
19565;Rafael Barros Barros;1.08
10618;Gabrielly Goncalves Correia;8.69
2511;Manuela Correia Lima;5.37
26939;Vitor Gomes Ferreira;2.07
1498;Daniel Castro Rodrigues;9.68
13683;Clara Cunha Castro;2.98
791;Cauã Melo Rocha;5.52
7554;Sarah Araujo Pereira;9.71
24854;Pedro Correia Barbosa;5.92
22802;Carolina Carvalho Alves;9.97
16796;Nicolas Alves Barros;4.58
17997;Ana Pereira Souza;7.18
25035;Lara Carvalho Pereira;4.51
7684;Vitor Barbosa Ferreira;1.31
5245;Gabrielly Silva Rocha;4.25
11219;Cauã Silva Almeida;0.01
15091;Gustavo Alves Pinto;5.96
2485;Kauã Araujo Goncalves;1.36
25701;Luiz Carvalho Ribeiro;1.17
29761;Kauã Souza Ribeiro;5.64
4899;Luan Santos Alves;2.74
159;Matheus Alves Ribeiro;4.40
22562;Bianca Alves Melo;2.89
29829;Douglas Rodrigues Araujo;3.49
810;Leonardo Almeida Souza;0.52
13543;André Dias Rodrigues;3.28
22616;Gabrielle Pereira Lima;0.02
9253;Isabelle Barros Carvalho;7.07
19651;João Cardoso Lima;6.89
5491;Kauã Souza Araujo;0.72
14254;Beatriz Gomes Castro;8.31
21971;Lara Ribeiro Dias;8.82
15016;Sophia Goncalves Ferreira;3.58
25939;Beatriz Ribeiro Goncalves;3.50
9503;Nicole Martins Oliveira;2.18
11859;Tânia Martins Rocha;5.70
27519;Joao Lima Silva;5.44
29027;Miguel Martins Barros;9.48
25588;Vitoria Souza Azevedo;6.60
28717;Murilo Gomes Martins;4.22
15361;Lucas Ribeiro Pereira;4.27
4702;Tomás Santos Cunha;3.12
27649;Rodrigo Gomes Castro;3.32
680;Alex Oliveira Cunha;3.10
9911;Giovana Sousa Carvalho;3.68
1619;Cauã Barros Sousa;9.68
1312;Vitor Correia Cunha;1.37
5553;Laura Gomes Araujo;5.35
19918;Felipe Ribeiro Castro;4.96
24920;Larissa Ferreira Rocha;4.55
6963;Rebeca Martins Dias;6.81
18728;Luís Lima Cunha;4.23
25286;Anna Oliveira Goncalves;0.62
7748;Matheus Goncalves Rodrigues;2.31
4260;Brenda Barbosa Souza;5.77
11739;Daniel Correia Santos;2.49
4809;Matilde Ferreira Barbosa;6.64
27317;Vitória Ribeiro Cardoso;8.49
25448;Marina Castro Pereira;6.03
2847;Vinícius Cunha Lima;6.27
8890;Raissa Lima Barbosa;6.80
21333;Yasmin Carvalho Oliveira;7.17
24921;Leonardo Silva Almeida;0.29
4662;Renan Fernandes Sousa;8.89
6737;Emilly Melo Oliveira;6.10
18335;Vitór Ribeiro Costa;8.07
29135;Rafael Araujo Lima;1.06
29008;Matilde Ferreira Pereira;5.50
7284;Luiz Ferreira Pereira;7.90
22265;Vitor Azevedo Ferreira;3.71
10104;Martim Castro Pereira;8.94
28172;Paulo Rodrigues Lima;3.81
1993;Carlos Carvalho Goncalves;6.48
9493;Matheus Cavalcanti Rodrigues;5.68
10785;Sofia Goncalves Goncalves;5.28
20883;Leila Rodrigues Almeida;0.05
2055;Felipe Silva Dias;4.30
2642;Vitória Carvalho Ribeiro;6.48
2074;Pedro Souza Ribeiro;7.88
5339;Julian Cardoso Rodrigues;7.71
19562;Pedro Ribeiro Carvalho;7.10
18374;Giovanna Carvalho Barbosa;5.77
369;Tiago Santos Dias;0.23
22175;Lucas Souza Castro;2.81
9121;Nicole Sousa Cunha;8.97
11096;Emilly Ribeiro Souza;2.27
11760;Kai Fernandes Azevedo;1.53
6950;Davi Castro Costa;4.34
24932;Gustavo Ferreira Castro;7.07
12964;Antônio Sousa Costa;6.92
28650;Douglas Dias Cardoso;2.21
11872;Giovanna Ribeiro Cavalcanti;8.48
27109;Marisa Goncalves Pereira;5.09
11150;Estevan Barbosa Melo;6.36
18513;Vinicius Barbosa Carvalho;7.95
15657;Murilo Carvalho Souza;6.68
22047;Vitória Almeida Barbosa;8.80
21427;Sophia Carvalho Gomes;7.33
13309;Júlia Cunha Ferreira;1.65
29777;Renan Araujo Carvalho;7.29
29586;Emilly Dias Souza;8.56
4914;Amanda Pereira Pinto;1.11
21372;Igor Melo Souza;5.65
7711;Giovanna Rocha Araujo;4.89
25049;Giovana Souza Azevedo;0.94
14479;Sofia Almeida Almeida;9.58
29956;Sophia Martins Pinto;2.87
37;Giovana Goncalves Ribeiro;5.91
29925;Carlos Pereira Ribeiro;9.26
18133;Gabriel Goncalves Cardoso;3.53
1760;Sarah Martins Castro;6.15
13936;Rodrigo Souza Almeida;2.42
28286;Clara Silva Ferreira;0.89
16506;Carla Correia Ferreira;8.63
27474;Rodrigo Gomes Rodrigues;0.23
29891;Isabella Souza Melo;9.93
521;Rafaela Fernandes Correia;9.70
25830;Rebeca Rodrigues Santos;2.04
5109;Manuela Cavalcanti Sousa;4.50
20645;Renan Ribeiro Fernandes;5.29
19667;Carolina Goncalves Santos;0.93
27502;Leonardo Costa Cavalcanti;8.77
9018;João Sousa Azevedo;7.76
20769;Bruna Gomes Rodrigues;4.69
296;Vitór Gomes Cunha;3.55
24080;Giovanna Gomes Alves;1.92
4237;Rafaela Araujo Alves;1.64
17782;Renan Lima Ferreira;3.77
24935;Breno Oliveira Melo;1.06
1841;Nicolas Melo Cunha;2.60
24317;Emily Rodrigues Ribeiro;1.46
7751;Ana Araujo Azevedo;3.26
7428;Beatriz Fernandes Silva;2.01
28062;Larissa Cunha Lima;5.47
20823;Eduardo Fernandes Lima;3.61
2671;Beatrice Silva Cavalcanti;1.02
4761;Vitor Lima Rodrigues;1.68
18224;Evelyn Costa Sousa;6.31
15062;Rodrigo Sousa Carvalho;2.45
11627;Paulo Ribeiro Goncalves;8.47
16312;Gabriel Melo Oliveira;5.05
17389;Miguel Sousa Fernandes;2.16
17276;Anna Rocha Martins;0.77
1662;Giovana Melo Barbosa;0.92
582;Nicolash Ribeiro Correia;5.37
23654;Julian Correia Goncalves;0.02
19162;Emily Costa Pinto;9.26
21914;Kaua Pinto Goncalves;5.98
24014;João Costa Martins;2.75
26740;Rebeca Rocha Dias;4.95
9403;Maria Silva Martins;4.66
16585;Kauê Oliveira Silva;6.75
15792;Marcos Martins Souza;9.92
2563;Lucas Silva Melo;2.58
18377;Thaís Cardoso Barros;5.54
12846;Gabrielly Gomes Pereira;5.62
7893;Pedro Azevedo Carvalho;1.03
12447;Júlia Cardoso Dias;5.55
11655;Gabriela Pinto Almeida;2.02
22517;Leonor Castro Cardoso;2.37
26558;Sofia Fernandes Rodrigues;6.41
6709;Ryan Cardoso Oliveira;3.99
25630;Alex Rocha Rocha;0.10
13291;Júlia Souza Rodrigues;1.81
23223;Vitória Oliveira Melo;3.34
5404;Marisa Alves Carvalho;4.02
172;Emilly Cavalcanti Almeida;8.60
17770;Aline Barbosa Souza;0.58
18845;Marina Cunha Melo;7.24
230;André Lima Pereira;6.92
7106;Laura Barbosa Fernandes;8.44
23818;Kauê Dias Barros;9.83
9660;Nicole Fernandes Almeida;3.32
2380;Vinicius Barbosa Almeida;0.96
5527;Vitor Rodrigues Rodrigues;5.76
27720;Pedro Fernandes Lima;6.90
15976;Arthur Santos Silva;9.64
24519;Júlio Melo Araujo;7.85
25072;Carolina Lima Sousa;3.93
27465;Letícia Pinto Dias;7.55
9459;Rafael Dias Cavalcanti;5.79
14605;Ryan Costa Carvalho;2.63
905;Leonor Oliveira Souza;9.03
21272;Larissa Rodrigues Dias;9.66
7176;Ágatha Pereira Fernandes;3.55
9030;Isabela Lima Oliveira;8.18
6410;Brenda Goncalves Pereira;2.55
19578;Enzo Rocha Goncalves;1.24
16339;Guilherme Lima Gomes;7.29
24230;Giovana Almeida Pinto;0.10
16192;Thiago Cavalcanti Pinto;7.33
5837;Gabriela Oliveira Dias;1.55
7755;Giovanna Oliveira Goncalves;9.18
25104;Giovanna Araujo Carvalho;1.84
18169;Giovana Fernandes Rocha;1.24
13575;Matilde Lima Gomes;9.95
4965;Kaua Dias Oliveira;9.07
13460;Marina Correia Azevedo;5.79
23327;Bianca Sousa Azevedo;9.94
1867;Arthur Barros Almeida;1.80
26643;Júlia Almeida Azevedo;9.49
9149;Alice Cunha Fernandes;3.42
10324;Renan Santos Castro;6.23
15451;Lara Rodrigues Lima;4.97
21756;Bruna Correia Silva;3.12
14109;Diogo Silva Rocha;4.97
22505;Maria Pinto Correia;0.06
19350;Tiago Costa Ribeiro;9.35
28486;Luana Silva Castro;1.02
11936;Lucas Barros Rodrigues;4.04
4595;Danilo Cavalcanti Almeida;2.13
11024;Paulo Pereira Castro;8.13
26899;Vitor Costa Cunha;7.63
25257;Rafaela Martins Santos;4.40
24255;Vitor Fernandes Ribeiro;9.72
22012;Fábio Rocha Sousa;0.08
8653;Evelyn Ferreira Dias;6.30
8242;Danilo Lima Souza;5.26
29579;Beatrice Azevedo Barros;3.58
27091;Douglas Cavalcanti Araujo;9.61
7093;Nicolas Dias Sousa;0.95
24826;Davi Martins Souza;0.39
788;Erick Cunha Melo;4.08
27058;Breno Lima Lima;0.21
17601;Fernanda Cunha Pereira;0.48
24659;Nicolash Barbosa Almeida;2.02
9613;Gabriel Alves Costa;0.66
20789;Leonor Alves Souza;6.80
15081;Mateus Alves Cavalcanti;1.37
5770;Diego Dias Araujo;3.95
28047;Kaua Azevedo Rodrigues;5.09
14065;Renan Pereira Alves;3.82
27730;Camila Barbosa Pereira;4.06
3464;Larissa Rodrigues Barros;8.21
10657;Gabriel Araujo Almeida;4.57
1069;Felipe Dias Fernandes;6.56
3327;Arthur Barros Lima;0.84
18165;Igor Barbosa Souza;8.96
17442;Rodrigo Oliveira Carvalho;4.28
17838;Thaís Cunha Cavalcanti;9.21
8492;Davi Azevedo Oliveira;7.85
3330;Rebeca Cunha Martins;2.65
21985;Brenda Rodrigues Costa;3.88
18894;Luiza Almeida Lima;3.02
3065;Aline Silva Rocha;9.80
21237;Vitória Dias Fernandes;3.92
28879;José Azevedo Almeida;9.54
17069;Kauan Ribeiro Ribeiro;2.54
4244;Kaua Pinto Cunha;0.03
12836;Miguel Carvalho Cavalcanti;7.43
19668;Tomás Cunha Cunha;4.10
2802;Melissa Castro Cunha;6.02
27443;Felipe Cunha Oliveira;1.30
9360;Gabrielly Cardoso Goncalves;9.81
4067;Mateus Alves Azevedo;5.13
18589;Giovana Ribeiro Martins;9.53
11331;Júlio Santos Pinto;7.12
16009;Alice Melo Gomes;0.73
25615;Luís Cardoso Gomes;8.87
16822;Julieta Cavalcanti Barbosa;2.55
15787;Guilherme Almeida Gomes;0.90
20864;Kai Goncalves Melo;3.49
17150;Ágatha Almeida Oliveira;4.26
12972;Aline Gomes Costa;9.78
17826;Mariana Dias Almeida;2.41
21073;Laura Pereira Fernandes;8.21
25936;Kauã Correia Oliveira;6.14
25030;Vitória Rocha Oliveira;3.29
18683;Carla Ribeiro Pereira;1.71
21247;Gabrielle Melo Lima;1.38
22592;Carlos Gomes Melo;9.76
8477;Sarah Ribeiro Goncalves;6.02
24678;Rafael Pinto Lima;6.67
10867;Rafaela Ferreira Pinto;5.23
10516;Paulo Martins Lima;4.23
23211;Miguel Sousa Costa;2.59
11245;Kai Martins Melo;2.95
16606;Gabriela Rodrigues Lima;3.94
12635;Julia Cavalcanti Correia;3.92
4136;Beatriz Martins Goncalves;0.99
15207;Júlio Barbosa Dias;3.59
20026;Mariana Azevedo Cavalcanti;1.32
6901;André Goncalves Martins;1.49
9275;Emilly Cardoso Gomes;9.20
11431;Júlio Gomes Melo;3.90
9225;Gabrielly Sousa Dias;4.11
1012;Gabrielly Correia Rodrigues;7.82
22912;Arthur Costa Almeida;9.55
11781;Igor Lima Lima;2.67
13290;Luan Rocha Souza;1.43
676;Kai Silva Correia;8.45
17053;Leonardo Araujo Alves;7.77
23757;Vitoria Alves Correia;4.10
6113;Enzo Azevedo Barbosa;3.50
16704;Livia Dias Cavalcanti;4.65
27429;Luana Dias Costa;3.69
27355;Eduardo Ferreira Melo;5.89
26496;Matheus Souza Ferreira;3.81
7931;Renan Correia Rodrigues;1.77
11404;Giovanna Santos Goncalves;0.05
27263;Júlio Goncalves Ribeiro;1.03
170;Douglas Ferreira Melo;5.28
14499;Lara Costa Cavalcanti;7.52
18456;Kai Ferreira Barros;7.73
18536;Luana Pereira Sousa;4.50
11124;Tiago Barros Goncalves;7.70
3556;Gustavo Costa Rodrigues;4.68
3691;Letícia Pereira Costa;6.33
10581;Marcos Lima Pereira;7.65
9753;Manuela Melo Cardoso;4.19
16124;Emilly Fernandes Barros;9.21
20806;Diogo Castro Azevedo;9.56
4807;Victor Oliveira Cardoso;3.57
24163;Paulo Rocha Cunha;5.88
21362;Paulo Cardoso Castro;9.55
6813;Eduardo Correia Lima;4.65
28627;Vinícius Souza Pereira;0.66
4574;Antônio Gomes Azevedo;5.89
8851;Alice Cunha Castro;1.45
25356;Júlia Pinto Cavalcanti;1.77
10707;Manuela Rodrigues Souza;4.92
2508;Kai Azevedo Martins;2.40
19729;Tiago Lima Correia;2.74
7948;Antônio Alves Barros;9.48
13491;Isabella Rocha Cardoso;0.60
17281;Vitór Pereira Gomes;0.40
5882;Amanda Goncalves Oliveira;1.50
27528;Marina Araujo Barbosa;2.42
12723;Carlos Castro Melo;6.53
8996;Beatriz Pinto Martins;2.77
4597;Evelyn Castro Rocha;3.36
4551;Gustavo Silva Araujo;4.39
23878;Felipe Cunha Oliveira;4.20
14201;Tomás Costa Barros;2.64
5191;Júlio Ribeiro Azevedo;3.37
19890;Vinícius Silva Sousa;8.63
22194;Luís Barbosa Pereira;2.95
29868;Lara Rodrigues Oliveira;2.77
27026;Kai Sousa Ribeiro;6.00
13015;Kauê Cavalcanti Rocha;8.99
9413;Douglas Silva Melo;5.28
6647;Breno Rodrigues Cardoso;9.83
1240;Luiz Fernandes Ferreira;5.35
705;Amanda Cardoso Lima;9.87
18849;Davi Dias Cavalcanti;5.34
5650;Letícia Cunha Gomes;2.77
4512;Luiz Goncalves Melo;1.34
12419;Cauã Souza Castro;1.74
4005;Luis Martins Rocha;6.79
12574;Daniel Lima Rodrigues;3.10
14050;Luiza Rocha Barros;0.01
20094;Giovana Ferreira Rocha;6.34
17034;Rafaela Cavalcanti Dias;7.38
25938;Felipe Silva Oliveira;2.35
13593;Vitor Dias Melo;1.06
27399;Tiago Silva Alves;0.06
12065;Alex Barros Cardoso;0.15
29945;Julia Gomes Barros;2.02
13631;Lucas Correia Santos;4.93
5035;Julian Santos Barros;9.77
811;Diogo Goncalves Castro;5.98
9074;Matheus Souza Santos;3.79
14710;Rebeca Carvalho Almeida;0.87
23771;Vitór Oliveira Fernandes;2.24
20658;Beatriz Almeida Fernandes;4.80
13610;Danilo Gomes Almeida;6.93
17572;Luiz Araujo Cardoso;9.42
20618;Giovana Rocha Dias;6.07
15637;Gabrielly Cunha Azevedo;0.90
21845;Ryan Castro Rocha;8.94
27647;Bruna Azevedo Oliveira;9.09
22673;Amanda Oliveira Pereira;8.36
21327;Nicolas Cardoso Barros;1.55
5805;Letícia Lima Barros;1.10
12817;Bruna Dias Cavalcanti;9.35
11332;Gabrielle Rodrigues Ferreira;4.11
20018;Melissa Silva Barbosa;7.24
23163;Gabriel Ferreira Cavalcanti;1.85
301;Júlia Pereira Cavalcanti;4.30
6321;Douglas Dias Gomes;2.01
4253;Caio Silva Cunha;8.71
29319;Giovanna Costa Dias;9.21
23557;Thiago Cavalcanti Pereira;3.17
26512;Eduardo Rodrigues Barros;6.71
21761;Matheus Ferreira Dias;3.98
24501;Marisa Rodrigues Alves;5.30
27817;Marina Rodrigues Araujo;1.54
2314;Gabriel Silva Almeida;6.51
2235;Carolina Martins Pereira;1.34
20163;Luiza Gomes Cardoso;8.62
17263;Brenda Cavalcanti Costa;4.77
19962;Melissa Cunha Pinto;5.06
22613;Alice Martins Souza;8.59
18827;Lucas Dias Dias;1.22
9196;Julian Dias Pinto;6.80
3064;Felipe Azevedo Castro;8.64
5058;Antônio Barros Dias;4.91
24727;Vitória Silva Ferreira;5.27
24325;Beatrice Melo Santos;4.83
27917;Leila Azevedo Rocha;1.55
23310;Camila Santos Cunha;2.69
12037;Carlos Rodrigues Almeida;4.41
8582;Nicolas Araujo Correia;6.48
19990;Bianca Sousa Rodrigues;9.00
20960;Gabriela Barros Castro;7.32
18648;Davi Correia Castro;7.50
16751;Isabella Melo Sousa;9.75
4639;Gabriel Rodrigues Cardoso;6.00
26191;Ágatha Santos Goncalves;9.93
12356;Isabella Oliveira Santos;1.16
2633;Larissa Dias Carvalho;4.91
23140;Nicole Cunha Silva;2.19
8822;Isabella Barbosa Souza;0.22
26853;Gabrielly Cunha Carvalho;3.51
21623;Beatrice Ribeiro Azevedo;9.42
13976;Leonardo Dias Cavalcanti;0.61
15585;Isabelle Costa Santos;1.15
9989;Luís Castro Rodrigues;5.50
25687;Giovana Cardoso Pereira;7.61
27079;Marina Melo Castro;5.55
8515;Nicolash Castro Dias;8.69
29273;Julia Barbosa Fernandes;0.63
12338;Luís Sousa Rodrigues;0.09
15695;Fábio Gomes Pinto;2.63
12662;Lara Almeida Dias;8.65
3938;Eduardo Oliveira Pereira;3.49
20729;Ana Pereira Barbosa;1.63
12645;Diego Alves Azevedo;1.43
5703;Fábio Oliveira Rodrigues;0.91
24210;Kaua Cunha Barros;7.18
8095;Ryan Santos Oliveira;0.23
3955;Felipe Santos Martins;4.31
14968;Alice Goncalves Ribeiro;9.31
12806;Beatriz Barros Melo;1.24
10733;Giovanna Melo Martins;3.58
8676;Carlos Almeida Silva;2.98
4404;José Goncalves Pinto;5.98
26604;Nicolas Goncalves Barbosa;2.42
25225;Leila Dias Barros;3.06
15865;Evelyn Araujo Ferreira;9.04
17014;Isabela Oliveira Sousa;6.04
29213;Marina Araujo Sousa;7.40
15474;José Rocha Alves;1.36
10211;Vitór Rodrigues Alves;2.76
26123;Martim Cardoso Barbosa;3.93
29981;Leila Pereira Rodrigues;4.93
911;Letícia Oliveira Araujo;9.35
17635;Diego Barbosa Rodrigues;4.20
3365;Danilo Sousa Fernandes;8.13
11497;Julia Goncalves Dias;1.03
12892;Ágatha Castro Goncalves;2.16
9888;Martim Barbosa Pinto;8.70
15188;Isabella Lima Alves;7.73
4008;Isabelle Santos Ferreira;0.63
24701;Samuel Cunha Correia;3.18
12489;Vitoria Araujo Rodrigues;6.63
3488;Nicolas Sousa Azevedo;0.58
7037;Julian Almeida Ferreira;1.12
7744;Lara Alves Cunha;7.18
25649;Felipe Melo Barbosa;7.70
18615;Rafael Cavalcanti Silva;2.03
18430;Sophia Oliveira Castro;6.50
15360;Fernanda Cunha Araujo;5.36
23831;Daniel Souza Melo;1.80
27725;Carlos Gomes Alves;0.04
4140;Letícia Barbosa Dias;3.83
12913;Thiago Santos Melo;5.10
29148;Sarah Rodrigues Martins;9.89
12606;Victor Barbosa Correia;0.33
5696;Vitoria Barbosa Fernandes;4.36
8120;Ryan Pereira Cunha;8.09
8934;Gabrielly Carvalho Barros;9.80
24343;Julieta Carvalho Gomes;7.06
13647;Arthur Oliveira Fernandes;1.06
12732;Kauan Barbosa Rodrigues;3.76
21601;Tomás Sousa Oliveira;2.97
19763;Lara Sousa Sousa;3.93
17498;Fábio Ferreira Almeida;2.16
14318;Livia Almeida Fernandes;6.89
11943;Danilo Silva Gomes;4.12
18411;Otávio Ribeiro Alves;9.56
22946;Rebeca Correia Rocha;2.28
15223;Douglas Almeida Martins;1.42
3983;Matilde Cardoso Almeida;6.11
18171;Thiago Oliveira Goncalves;4.90
4331;Vinicius Melo Goncalves;5.46
9706;Vitoria Cunha Fernandes;0.47
18981;Vinicius Alves Souza;7.85
19539;Tiago Silva Dias;3.11
14480;Manuela Martins Martins;0.93
2037;Diogo Azevedo Gomes;1.84
27797;Kai Barbosa Martins;9.47
8941;Vitór Souza Barros;6.14
21931;Leonor Costa Goncalves;4.54
10146;Fábio Goncalves Melo;5.56
23900;Brenda Rocha Castro;9.94
12962;Kauê Dias Silva;2.45
9028;Beatrice Cunha Azevedo;6.19
13392;Vitória Barbosa Oliveira;6.55
6060;Kaua Goncalves Barbosa;2.09
16948;Gustavo Souza Cavalcanti;7.47
20662;Guilherme Rodrigues Melo;1.19
28480;Tomás Melo Azevedo;3.46
10596;Gabriel Barbosa Cavalcanti;2.47
25368;Murilo Dias Melo;3.59
27514;Larissa Pereira Gomes;6.26
7625;Júlio Cunha Correia;9.79
931;Estevan Rocha Souza;8.82
25655;Emily Barros Pereira;4.81
10981;André Cavalcanti Ferreira;2.47
15995;Ágatha Costa Rodrigues;7.66
17732;Luís Cunha Souza;8.67
26556;Eduardo Cardoso Carvalho;7.75
3683;Sarah Rodrigues Cunha;3.80
24742;Alex Goncalves Castro;5.62
11651;Ryan Sousa Almeida;4.93
21246;Erick Castro Gomes;1.89
8004;Julian Alves Ferreira;7.25
7602;Vinicius Rocha Cunha;4.42
26887;Letícia Sousa Cunha;5.45
10269;Sofia Sousa Silva;4.65
20046;Carla Santos Sousa;6.33
15939;Livia Lima Barros;8.08
1680;Laura Souza Almeida;6.67
10085;Kauã Rodrigues Santos;4.40
28094;Matheus Gomes Ribeiro;9.40
8717;Miguel Cavalcanti Oliveira;0.95
28054;Vitor Lima Oliveira;6.87
22469;Clara Goncalves Almeida;8.26
7574;Camila Goncalves Cavalcanti;2.51
22975;Isabela Souza Silva;5.07
23305;Kauê Cunha Cavalcanti;0.92
12205;Leila Castro Alves;6.75
28071;Vitor Martins Pereira;8.51
18670;Julieta Sousa Azevedo;1.63
16911;Gabriela Goncalves Martins;4.27
16515;Vitor Fernandes Almeida;2.07
3078;Samuel Ferreira Oliveira;0.38
27767;Laura Rocha Santos;6.49
15310;Diego Cavalcanti Rodrigues;1.80
28626;Lara Cavalcanti Lima;8.05
19047;Leonor Barros Goncalves;3.08
2518;Gabrielly Sousa Ribeiro;1.95
20028;Yasmin Rodrigues Lima;8.34
20312;Bianca Santos Rocha;3.70
6261;Emilly Ferreira Rocha;6.94
6210;Nicolash Costa Dias;7.63
8089;Caio Cavalcanti Sousa;1.30
547;Gabriel Sousa Gomes;0.02
11895;Lavinia Carvalho Lima;7.24
8854;Tânia Martins Carvalho;6.88
29590;Rodrigo Goncalves Oliveira;5.74
26018;Nicole Pinto Lima;2.50
12990;Eduardo Lima Martins;4.07
18062;Eduardo Cardoso Alves;7.70
29681;Diego Rocha Martins;3.13
26585;Júlio Fernandes Lima;9.31
12386;Emilly Melo Correia;4.41
24908;Luís Goncalves Dias;3.06
10522;Pedro Almeida Costa;7.03
20903;Rodrigo Ferreira Cunha;6.46
1944;Rafael Cardoso Cunha;2.52
14931;Douglas Ferreira Cavalcanti;3.88
9437;Kauan Barbosa Castro;5.63
25896;Kauã Almeida Cunha;6.35
11158;Danilo Silva Oliveira;7.05
26165;André Dias Rodrigues;8.47
3852;Lavinia Cavalcanti Gomes;2.90
4592;Renan Souza Fernandes;7.98
23342;Júlia Martins Sousa;5.79
3222;Bruna Rocha Barbosa;7.90
8223;Júlia Cavalcanti Barbosa;3.08
18432;Luana Santos Oliveira;3.45
4960;Tiago Costa Cardoso;8.50
25779;Yasmin Melo Alves;5.15
24994;Eduardo Araujo Lima;8.33
17126;Emilly Costa Ribeiro;6.42
6784;Alex Barros Souza;0.40
10425;Melissa Correia Ribeiro;3.11
828;Guilherme Castro Dias;8.37
4941;Manuela Pereira Oliveira;6.27
21595;Bruno Souza Souza;8.84
22844;Fernanda Carvalho Goncalves;7.48
26186;Giovanna Cunha Almeida;1.28
27083;Yasmin Melo Santos;3.59
15073;Marisa Correia Santos;9.68
12109;Manuela Azevedo Rocha;4.51
550;Bruno Dias Silva;6.09
20236;Diego Cunha Alves;5.50
20835;Bianca Ribeiro Souza;4.68
19893;Luan Gomes Ribeiro;9.05
5808;Aline Azevedo Lima;8.13
28816;Manuela Almeida Lima;1.29
16519;Gabriela Lima Barros;6.15
10517;Evelyn Santos Barros;1.05
3219;Miguel Fernandes Silva;2.13
335;Miguel Barbosa Barbosa;5.43
27300;Giovana Carvalho Lima;1.57
11176;Tomás Barbosa Martins;6.15
14896;Nicolas Pereira Barbosa;3.72
8183;Laura Martins Rodrigues;9.48
25925;Davi Melo Barros;7.02
15238;Eduardo Lima Cunha;1.14
16554;Raissa Oliveira Pereira;8.43
23794;Giovanna Azevedo Cardoso;0.57
27223;Diego Fernandes Correia;1.70
6515;Tomás Lima Cardoso;3.90
27363;Luiza Azevedo Silva;5.29
6242;Clara Castro Souza;6.30
8807;Yasmin Rodrigues Costa;0.63
9960;Julian Rodrigues Oliveira;8.83
16941;Bruna Cavalcanti Dias;5.92
932;Mateus Pereira Almeida;9.52
4206;Kaua Carvalho Oliveira;3.23
29333;Kai Rocha Almeida;7.25
20711;Estevan Rodrigues Melo;8.63
4257;Samuel Melo Almeida;2.51
19270;João Goncalves Pinto;0.47
12886;Vitoria Cardoso Ferreira;5.55
24536;Thiago Rodrigues Carvalho;8.84
14022;Eduarda Pinto Oliveira;1.42
11334;Lavinia Barbosa Sousa;8.50
13361;Mateus Barros Cunha;6.47
23255;Kai Pinto Goncalves;8.83
6403;Gabriela Cunha Cardoso;9.40
27352;Sofia Cardoso Barros;8.85
3720;Miguel Pinto Oliveira;3.67
11148;Letícia Ribeiro Alves;9.79
10764;Marina Araujo Araujo;6.86
28055;Kauan Gomes Castro;4.53
14707;Lara Melo Azevedo;4.89
11346;José Castro Sousa;1.30
25022;Raissa Azevedo Rocha;7.85
9326;Diego Lima Cunha;7.41
17317;Carla Cavalcanti Rodrigues;8.16
2208;Livia Cunha Souza;5.27
28100;Thaís Pinto Alves;3.82
12539;Kaua Martins Martins;8.86
14990;Manuela Cavalcanti Barros;0.92
16660;Cauã Pereira Souza;7.80
11959;Alice Goncalves Souza;6.12
14674;Marcos Azevedo Castro;1.38
808;Vitoria Correia Costa;6.26
19419;Julian Almeida Silva;9.21
14867;Diogo Cunha Lima;8.49
10179;Gabrielle Dias Santos;2.12
8416;Beatrice Rocha Dias;7.15
6946;Gabriel Souza Pereira;5.19
21065;Lara Pereira Araujo;4.21
25230;Enzo Silva Ribeiro;0.68
28990;Ana Cardoso Ribeiro;3.28
18755;Anna Cavalcanti Gomes;0.80
3664;Giovanna Ribeiro Correia;4.92
8399;Mariana Barros Ribeiro;8.08
22525;Rebeca Carvalho Lima;1.15
10148;Beatriz Costa Costa;0.79
8295;Leonor Sousa Melo;2.66
20958;Matheus Barbosa Cardoso;7.27
25692;Amanda Almeida Azevedo;4.38
25240;Martim Sousa Cavalcanti;1.03
26976;Pedro Cardoso Goncalves;7.80
19301;Kauan Rocha Rocha;3.96
17055;Vinicius Melo Azevedo;1.57
783;Melissa Cunha Melo;8.81
8564;Alice Carvalho Gomes;5.13
25629;Carlos Melo Gomes;0.64
14164;Julia Almeida Pereira;3.07
15707;Isabela Ferreira Fernandes;8.30
10966;Tânia Barros Azevedo;6.44
3015;Mariana Ribeiro Santos;8.63
4795;Júlia Santos Goncalves;7.11
7911;Eduardo Rocha Rocha;7.20
29827;Matheus Santos Fernandes;8.06
12649;Miguel Oliveira Castro;5.59
17164;Sofia Gomes Dias;5.78
14748;Anna Correia Fernandes;4.34
9361;Livia Melo Souza;8.79
22839;Laura Correia Gomes;0.25
15140;Carolina Barros Barbosa;6.48
13120;Nicolas Gomes Azevedo;3.50
17847;Luiz Ribeiro Cavalcanti;5.99
7892;Tiago Azevedo Cardoso;1.88
19549;Brenda Ribeiro Costa;7.72
3805;Kauan Costa Dias;5.78
17894;Enzo Martins Barros;6.02
26332;Melissa Correia Rocha;3.31
18581;Gabriela Rocha Fernandes;4.77
14517;Marisa Rodrigues Pinto;2.81
14198;Rafael Pereira Ribeiro;4.78
6422;Lucas Azevedo Barros;0.72
20255;João Castro Pereira;9.58
15257;Rebeca Barbosa Dias;6.02
22107;Rodrigo Martins Costa;8.00
11312;Marcos Cardoso Dias;0.90
1566;Beatrice Souza Rodrigues;7.37
7423;Antônio Pinto Araujo;0.69
12977;Ana Correia Fernandes;1.56
12948;Aline Lima Correia;9.27
3802;Sofia Cavalcanti Oliveira;8.43
3069;Anna Alves Alves;2.80
11397;Matheus Fernandes Alves;0.84
8865;Samuel Pinto Azevedo;7.86
12698;João Silva Alves;4.54
23484;Yasmin Souza Rodrigues;8.03
25023;Alice Dias Souza;7.02
23433;Aline Carvalho Costa;8.52
23378;Tiago Alves Martins;2.28
12587;Caio Gomes Santos;5.24
13457;Amanda Silva Araujo;2.86
17752;Marina Correia Alves;3.72
22495;Laura Carvalho Santos;2.07
18791;Davi Azevedo Fernandes;3.34
292;Marina Cavalcanti Martins;9.52
17879;Pedro Barros Ferreira;4.15
3876;Rafaela Araujo Sousa;5.47
22041;Yasmin Pereira Ferreira;7.54
5786;Mariana Gomes Souza;3.79
7367;Sarah Melo Correia;1.87
23120;Sophia Alves Gomes;9.95
87;Bruno Silva Melo;1.83
28205;Eduardo Ribeiro Rocha;1.82
16191;Lucas Goncalves Martins;5.16
27170;Estevan Oliveira Alves;4.65
4529;Marisa Castro Ribeiro;0.83
4181;Martim Pereira Melo;2.02
2891;Leila Araujo Santos;5.28
26011;Beatriz Souza Silva;3.96
5057;João Rocha Carvalho;4.07
9084;Breno Cavalcanti Pinto;5.69
999;Victor Souza Correia;3.01
24744;Leonardo Carvalho Melo;6.60
16216;Aline Azevedo Martins;0.00
23273;André Pereira Castro;3.91
18784;José Pereira Oliveira;9.10
24830;Tomás Ferreira Barros;6.17
3070;Evelyn Gomes Correia;4.08
1802;Luan Almeida Pereira;0.62
17258;Antônio Almeida Souza;5.45
28258;Raissa Carvalho Barros;8.14
5915;Luana Alves Alves;7.84
29850;Davi Ferreira Rocha;5.39
6121;Julieta Ribeiro Alves;3.84
2839;Alice Lima Ribeiro;1.27
7016;Vitória Azevedo Goncalves;7.24
2573;Anna Pinto Pinto;1.69
29919;Luiz Fernandes Goncalves;1.81
5777;Tânia Cunha Correia;5.80
11644;Martim Rodrigues Rocha;9.11
10250;Kauã Cunha Oliveira;9.72
27033;Julieta Fernandes Ribeiro;0.95
10399;Matheus Rodrigues Correia;6.82
18954;Daniel Correia Cardoso;9.49
4093;Vitor Almeida Goncalves;3.30
17927;Douglas Pinto Rodrigues;5.22
1080;Erick Oliveira Barros;9.67
7077;Marina Pinto Carvalho;6.63
5017;Marina Carvalho Alves;8.48
3760;Isabella Castro Cavalcanti;8.93
12237;Leila Ribeiro Melo;3.27
12281;Murilo Pinto Pinto;3.51
26992;Ana Cunha Ribeiro;6.36
11861;Martim Rodrigues Melo;2.30
15302;Felipe Fernandes Oliveira;6.32
1176;Danilo Fernandes Barbosa;1.12
19422;Alex Lima Araujo;9.60
308;Gabriel Pereira Ribeiro;4.03
9410;Luís Fernandes Barbosa;1.31
4904;Leonor Goncalves Rocha;9.22
14477;Sofia Ferreira Souza;7.86
16168;Maria Oliveira Rodrigues;1.00
20309;Samuel Pereira Pereira;1.54
20515;Evelyn Pinto Ribeiro;2.58
439;Yasmin Oliveira Castro;4.05
20451;Anna Almeida Martins;3.69
4044;Sarah Cardoso Barros;5.77
19902;Vitór Pereira Cunha;9.74
1562;Anna Fernandes Castro;7.64
16882;Kauê Ferreira Rodrigues;8.53
6436;Camila Rocha Lima;5.30
11212;Erick Cardoso Pinto;9.31
12950;Sophia Ferreira Araujo;0.67
27172;Carla Goncalves Barbosa;6.07
7686;Nicolas Ferreira Martins;8.85
3745;Raissa Gomes Ribeiro;0.75
21404;Daniel Rocha Carvalho;6.69
12888;Kai Martins Alves;2.20
24294;Vitór Pereira Martins;8.42
28818;Sarah Barros Goncalves;6.93
29551;Bianca Ferreira Martins;8.52
26251;Nicolash Souza Ribeiro;6.70
29116;Thiago Ribeiro Cardoso;9.13
11326;Brenda Martins Barros;6.81
19973;Camila Pinto Araujo;5.32
29349;Vinicius Rocha Gomes;8.03
12482;Gabrielle Costa Santos;2.60
27154;Livia Cunha Correia;6.98
29928;Samuel Costa Ferreira;1.66
13253;Beatriz Gomes Almeida;9.20
14684;Fábio Cunha Barbosa;5.83
2619;Larissa Alves Pereira;5.03
6389;Vitória Castro Fernandes;7.74
27133;Joao Santos Dias;7.89
25883;Eduarda Ribeiro Cardoso;5.53
6828;Erick Ribeiro Sousa;0.64
487;Luís Santos Ferreira;0.40
11890;Kaua Cardoso Pereira;1.42
17582;Lara Souza Oliveira;2.61
12279;Rafaela Barbosa Carvalho;4.44
20135;Vitor Rodrigues Barbosa;9.84
15112;Kauê Barbosa Ribeiro;1.96
25280;Ana Castro Castro;3.91
21576;Beatriz Lima Melo;6.28
29370;Ana Araujo Sousa;9.72
8751;Fábio Fernandes Cardoso;5.39
29397;Alice Costa Costa;2.53
24748;Gabrielly Castro Souza;0.09
27844;Danilo Cardoso Ferreira;1.63
20867;Martim Ferreira Goncalves;5.08
9997;Ágatha Carvalho Dias;1.03
10438;Vitor Alves Cavalcanti;0.83
20073;Clara Castro Almeida;7.40
18541;Julieta Goncalves Costa;6.97
22655;Tomás Barbosa Dias;8.23
13301;Thaís Pereira Ribeiro;1.29
3709;Marisa Castro Silva;0.03
14240;Brenda Martins Azevedo;2.51
6328;Camila Sousa Cunha;6.39
12404;Sofia Gomes Carvalho;2.16
15962;Emilly Azevedo Santos;8.57
4439;Luiz Oliveira Castro;7.95
3301;Douglas Gomes Souza;4.86
8070;Cauã Almeida Rodrigues;8.10
7061;Eduardo Martins Carvalho;6.59
15532;Raissa Lima Melo;8.74
13789;Victor Araujo Melo;1.05
25223;Cauã Fernandes Cavalcanti;1.81
23;Kaua Ferreira Souza;4.03
7234;Camila Costa Cavalcanti;3.10
28076;Larissa Rodrigues Almeida;8.78
8531;Mateus Rocha Barros;3.85
3088;Isabelle Melo Goncalves;1.95
3125;Leonor Araujo Alves;5.16
18494;Isabella Santos Araujo;8.78
27297;Leonor Cunha Azevedo;6.87
24300;Alice Pereira Correia;3.68
17705;Fernanda Alves Melo;1.18
9679;João Cavalcanti Ribeiro;9.11
26224;Gabrielly Martins Costa;5.92
25193;Tomás Ferreira Cavalcanti;8.45
19493;Miguel Almeida Barros;8.68
2565;Luiza Martins Correia;6.07
7981;Bruna Correia Correia;3.56
4978;Danilo Sousa Ferreira;8.18
1017;Davi Gomes Rodrigues;4.85
11080;Leonor Cunha Ferreira;5.49
26094;Samuel Pinto Carvalho;1.49
1373;Ana Goncalves Melo;9.25
23651;Tânia Souza Lima;1.50
1594;Kauê Lima Cavalcanti;0.08
19199;Felipe Pinto Fernandes;9.72
7539;Rodrigo Carvalho Cunha;6.13
2792;Nicolash Fernandes Azevedo;0.41
21511;Larissa Pinto Ribeiro;0.76
22288;Matilde Costa Azevedo;6.92
21512;Kai Barbosa Silva;5.75
12560;Bruno Goncalves Rodrigues;5.99
2859;Ryan Castro Souza;7.53
29478;Gustavo Souza Rocha;3.34
1196;Murilo Rocha Cavalcanti;6.12
15117;Leila Alves Costa;4.40
24398;Brenda Alves Ferreira;2.41
7086;João Pinto Rocha;9.41
525;Carla Barbosa Sousa;6.74
20525;Marcos Costa Rocha;2.97
3361;Júlia Carvalho Lima;0.92
26873;Diogo Fernandes Pinto;9.16
21529;Arthur Dias Souza;3.48
21042;Samuel Santos Ribeiro;6.67
19079;Leila Santos Santos;0.81
17586;Emily Silva Alves;0.12
29014;Sofia Goncalves Dias;2.01
13703;Eduarda Cardoso Martins;6.50
6294;Lucas Cardoso Silva;4.19
29468;Samuel Melo Sousa;4.32
26753;Tomás Ferreira Pinto;3.24
6893;Carlos Correia Cunha;0.09
18793;Otávio Fernandes Alves;9.75
399;Ágatha Lima Azevedo;5.35
14690;Felipe Almeida Souza;4.73
23058;Estevan Pinto Silva;9.16
1981;Julieta Araujo Alves;5.85
28307;Giovana Goncalves Silva;7.98
18053;Caio Rocha Ribeiro;3.33
23813;Fernanda Melo Rocha;4.18
12648;Luis Rocha Oliveira;9.50
6400;Mateus Oliveira Azevedo;9.62
20539;Clara Goncalves Alves;9.89
14868;Danilo Ribeiro Silva;6.31
2394;Davi Fernandes Alves;1.74
16415;Isabelle Sousa Sousa;5.94
24617;Melissa Martins Correia;3.68
5903;Nicole Costa Barbosa;1.52
4704;Leila Cardoso Carvalho;9.97
8440;Mateus Lima Silva;3.41
15971;Diego Pinto Pinto;0.16
13094;Camila Cunha Costa;2.85
3182;Douglas Martins Santos;5.53
16881;Gustavo Cavalcanti Ribeiro;6.65
20712;Júlia Correia Carvalho;7.60
4515;Lara Santos Castro;4.67
16226;Vinicius Melo Oliveira;0.95
3433;Vitor Carvalho Alves;9.08
4432;Júlio Santos Costa;6.54
29576;Julian Oliveira Rocha;1.10
14203;Luan Ribeiro Cunha;9.48
7863;Sofia Ferreira Dias;9.27
4788;Lara Alves Gomes;1.65
14904;Fernanda Sousa Cavalcanti;6.70
2761;Nicolas Rocha Goncalves;4.60
23763;Sophia Souza Cunha;9.76
18539;Davi Pinto Rodrigues;6.26
28002;Lara Cavalcanti Silva;2.59
16308;Gustavo Barros Araujo;2.67
27586;Lucas Cardoso Almeida;10.00
29982;Sofia Ribeiro Gomes;8.91
19855;Fernanda Santos Pereira;4.42
3391;Tomás Carvalho Costa;9.83
27928;Carlos Silva Goncalves;8.31
13881;Luana Fernandes Azevedo;0.07
1688;Sophia Sousa Correia;2.01
2134;Raissa Goncalves Costa;2.66
13027;Lucas Correia Rodrigues;3.59
5288;José Souza Oliveira;9.28
28707;Tomás Pinto Lima;4.38
15461;Breno Silva Pereira;7.63
29591;Fernanda Rocha Cavalcanti;1.53
94;Fernanda Silva Rocha;6.30
11763;Felipe Pinto Melo;1.07
11832;Vitoria Souza Santos;6.59
2806;Isabela Souza Sousa;4.40
24437;Manuela Correia Sousa;7.34
16725;Victor Alves Cardoso;1.67
24953;Anna Cavalcanti Lima;9.49
22685;Luana Rocha Costa;2.29
23597;Kai Santos Melo;9.87
25855;Lara Cardoso Costa;6.26
18632;Marina Gomes Alves;2.22
26833;Thiago Araujo Cavalcanti;2.72
15873;Eduardo Pereira Lima;6.39
24884;Ryan Barbosa Melo;6.39
815;Alex Barros Correia;0.06
24028;Alice Gomes Melo;3.08
4474;Davi Dias Pereira;2.79
1664;Arthur Lima Fernandes;9.89
17357;Alice Fernandes Costa;9.15
8220;Kauan Goncalves Melo;3.72
23641;Fernanda Rocha Fernandes;5.22
2063;Felipe Gomes Rocha;8.17
20268;Martim Ferreira Cavalcanti;8.86
18021;Carolina Sousa Sousa;0.58
19089;Aline Martins Fernandes;9.91
2613;Rafael Martins Fernandes;6.14
6331;Cauã Alves Fernandes;5.81
23482;Giovanna Castro Martins;1.62
24226;Tomás Costa Pinto;8.29
9758;Joao Gomes Alves;7.02
17868;Kaua Rocha Gomes;8.37
22648;Luis Cunha Cunha;5.06
11742;Luana Cavalcanti Pinto;5.16
10770;Nicole Dias Ribeiro;4.78
2285;Diogo Cardoso Silva;0.27
27056;Anna Ribeiro Ferreira;5.30
13628;Sofia Araujo Cunha;1.51
15967;Ágatha Lima Silva;1.89
15192;Renan Melo Barros;9.96
11175;Murilo Rocha Melo;8.46
21926;Leonardo Cardoso Dias;0.74
24982;Brenda Barbosa Cardoso;4.44
21426;Antônio Lima Goncalves;6.76
23256;Manuela Rocha Sousa;7.57
12207;Alex Ferreira Costa;6.23
8241;Vitória Cavalcanti Araujo;9.43
12551;Isabela Gomes Rodrigues;5.47
25404;Miguel Barbosa Melo;2.94
20666;Marcos Barros Azevedo;0.60
20294;Leila Cardoso Azevedo;8.64
16331;Estevan Almeida Gomes;5.94
25870;Danilo Silva Rodrigues;6.27
6489;Tomás Pinto Sousa;2.84
14698;Vitória Almeida Santos;8.06
431;Manuela Oliveira Cunha;2.52
28757;Isabela Costa Alves;0.99
25185;Júlia Cardoso Almeida;7.26
23537;Nicolash Oliveira Goncalves;5.41
17105;Sarah Goncalves Fernandes;4.96
17148;Vitória Goncalves Fernandes;0.44
24571;Estevan Araujo Cardoso;6.09
14446;José Goncalves Melo;4.30
590;Pedro Santos Lima;2.01
6014;Gabriela Costa Oliveira;6.21
2928;Luís Santos Cavalcanti;8.71
1239;Eduardo Lima Santos;3.00
6259;Matheus Pereira Alves;4.48
16148;Luan Cardoso Cunha;0.14
4974;Enzo Fernandes Silva;0.46
29297;Ryan Goncalves Silva;9.74
28963;Julia Sousa Azevedo;1.56
2117;Lucas Carvalho Goncalves;5.38
10508;Gabrielle Oliveira Santos;9.17
26109;Alex Pinto Carvalho;3.49
20721;Nicolas Castro Cunha;1.46
8104;Carla Barbosa Oliveira;8.93
19693;Joao Alves Silva;5.09
6836;Tânia Costa Correia;0.42
9514;Carla Azevedo Ferreira;0.70
9454;Luiza Azevedo Ferreira;2.35
8914;Eduardo Correia Gomes;6.26
15535;Daniel Gomes Correia;4.48
10658;Letícia Dias Correia;9.75
14969;Melissa Pereira Lima;1.03
1866;Carolina Dias Barbosa;3.80
9543;Eduarda Correia Silva;6.39
13556;Brenda Cunha Carvalho;0.19
22099;Luan Castro Carvalho;7.86
12445;Carolina Santos Cunha;6.36
27822;Mateus Sousa Goncalves;5.24
17495;Caio Oliveira Dias;5.59
9112;Luan Martins Correia;3.57
26602;Nicolash Dias Dias;0.58
21164;Vitór Oliveira Barbosa;2.31
12862;Alice Melo Rocha;7.81
28249;Caio Souza Pereira;1.85
15173;Beatrice Dias Martins;0.67
25851;Larissa Cardoso Rodrigues;5.67
26769;Guilherme Cunha Ribeiro;8.16
17278;Júlio Costa Costa;4.89
10335;Evelyn Silva Carvalho;0.01
29240;Fernanda Dias Gomes;3.87
2287;Beatriz Cunha Santos;7.64
18990;Renan Azevedo Ferreira;5.70
20925;Leila Alves Rocha;0.22
4243;Gabrielle Fernandes Dias;3.86
14803;Clara Barbosa Cunha;0.59
8895;Vitória Dias Cardoso;1.42
10354;Larissa Cardoso Cunha;6.58
4569;Douglas Silva Ferreira;5.81
24976;Tiago Costa Gomes;8.47
12231;Larissa Santos Goncalves;6.33
15876;Melissa Oliveira Santos;6.12
7722;Luis Dias Silva;0.66
22978;Tomás Santos Pinto;4.73
29676;Carlos Costa Gomes;2.08
27823;Carolina Martins Martins;9.02
24144;Nicole Sousa Azevedo;6.33
29787;Vitória Melo Santos;9.30
3485;Douglas Rodrigues Azevedo;6.37
28872;Ana Santos Araujo;4.80
23530;Igor Costa Lima;4.66
24568;Vitoria Araujo Alves;3.49
17084;Julia Rocha Cunha;3.52
13955;Isabella Rocha Alves;1.30
14233;Samuel Souza Martins;5.04
8034;Eduardo Almeida Azevedo;9.66
6739;Thiago Carvalho Almeida;6.41
9724;Yasmin Ribeiro Ferreira;2.99
2878;Tânia Rocha Dias;0.11
14354;Kauê Cunha Martins;8.26
27400;Raissa Ferreira Fernandes;9.83
28084;Joao Ribeiro Oliveira;3.75
1506;Carla Correia Carvalho;0.18
8905;Nicolash Cardoso Souza;7.28
22719;Thiago Souza Rodrigues;8.34
4986;Mateus Goncalves Barros;5.26
27959;Diogo Cavalcanti Almeida;2.14
765;Luís Barbosa Barros;6.86
9236;Paulo Oliveira Rocha;8.46
28200;Pedro Almeida Carvalho;5.76
2927;Paulo Pereira Costa;9.51
9023;Tânia Rodrigues Lima;8.67
21581;Manuela Santos Cardoso;3.49
6778;Nicolash Gomes Costa;5.97
26986;Julia Alves Fernandes;6.43
6033;Estevan Silva Martins;9.66
4183;Igor Rodrigues Fernandes;9.74
20382;Vinicius Correia Cavalcanti;8.03
23814;Sophia Oliveira Santos;6.03
19177;Mariana Barros Ribeiro;1.27
2657;Ágatha Alves Barbosa;7.89
26694;André Barros Cunha;6.99
10763;Gabrielle Souza Cunha;8.87
29312;Samuel Fernandes Silva;3.19
2726;Renan Cavalcanti Silva;7.91
12555;Lavinia Pinto Santos;5.66
15365;Antônio Gomes Lima;8.00
14554;Gabrielle Barbosa Araujo;9.63
14738;Bianca Pereira Castro;8.42
16310;Otávio Oliveira Fernandes;7.14
5874;André Alves Pinto;4.63
19785;Thaís Cavalcanti Dias;1.63
25642;Clara Araujo Dias;2.99
7954;Tomás Oliveira Alves;0.03
26253;Sofia Alves Goncalves;3.04
11609;Caio Souza Martins;3.18
1998;Emily Fernandes Rocha;6.05
14461;Mateus Santos Araujo;7.45
916;Leonor Oliveira Sousa;6.74
14522;Camila Almeida Alves;5.95
29222;Lara Azevedo Gomes;0.41
21937;Tânia Pereira Melo;9.64
22630;Clara Cavalcanti Goncalves;3.35
962;Gabriel Melo Lima;8.09
8683;Kaua Araujo Silva;3.46
5789;Alex Melo Almeida;9.75
5723;Kauã Pinto Castro;8.52
20192;Maria Barbosa Cunha;3.47
29894;Kauã Ribeiro Araujo;8.97
13152;Júlia Carvalho Araujo;9.96
7976;Isabelle Rodrigues Cunha;8.49
12554;Bruno Martins Pereira;6.03
7506;Luís Souza Araujo;5.20
29212;Matheus Barbosa Souza;0.36
2013;José Almeida Almeida;2.22
7185;Danilo Goncalves Barbosa;2.63
15813;Enzo Gomes Cardoso;5.71
22906;Samuel Barros Rodrigues;5.08
28702;Camila Castro Rodrigues;5.71
14064;Vitória Melo Cunha;4.91
3423;Alex Cunha Gomes;5.03
29321;Beatrice Cavalcanti Pereira;5.43
16022;Sarah Martins Lima;0.61
17721;Laura Fernandes Correia;6.31
18947;Danilo Melo Gomes;4.66
20377;Otávio Goncalves Cardoso;9.88
18174;Leonardo Silva Araujo;5.42
8134;Leonardo Silva Correia;5.19
15733;Lucas Pinto Correia;1.56
23122;Bianca Correia Oliveira;7.94
4549;Beatrice Lima Silva;3.03
24962;Mariana Sousa Araujo;7.79
22838;Camila Silva Pinto;0.59
6404;Lucas Silva Cardoso;5.95
28639;Gabrielle Lima Carvalho;9.78
15948;Fernanda Dias Sousa;0.27
28682;Kauan Pinto Oliveira;7.36
18659;Maria Martins Cunha;9.91
13912;Bianca Goncalves Dias;4.94
11544;Kauê Oliveira Silva;0.79
11843;Vinicius Melo Oliveira;8.61
19004;Fernanda Araujo Araujo;7.90
29766;Marcos Carvalho Cunha;1.06
17772;Isabella Almeida Ribeiro;8.44
777;Matilde Azevedo Santos;1.78
1762;Vitoria Lima Pereira;2.67
11058;Beatriz Araujo Silva;4.10
5050;Isabella Rodrigues Souza;7.99
20627;Beatriz Castro Sousa;1.71
18099;Arthur Barbosa Cardoso;0.82
3994;Isabella Carvalho Azevedo;7.21
27030;Rafaela Melo Castro;2.77
10245;Thiago Azevedo Barros;1.14
28555;Renan Azevedo Martins;6.30
17954;Arthur Castro Silva;0.21
10549;Manuela Ribeiro Castro;2.51
23340;Giovanna Barbosa Araujo;7.01
16064;Giovana Cavalcanti Dias;0.80
24360;Livia Cunha Fernandes;2.69
10962;Bianca Barbosa Ribeiro;8.71
2564;Luana Almeida Alves;9.77
14083;Larissa Ribeiro Castro;9.82
14497;Isabelle Correia Pinto;4.18
10951;João Martins Azevedo;0.10
15626;Beatrice Goncalves Santos;0.23
10796;Vinícius Silva Martins;6.16
25918;Gabriela Sousa Azevedo;2.21
26099;Alex Melo Goncalves;1.77
5836;Fernanda Cunha Castro;9.72
6138;Marina Sousa Rodrigues;2.40
27312;Alice Ferreira Gomes;8.19
6989;Maria Pinto Almeida;4.93
2045;Davi Ribeiro Gomes;8.83
24386;Luana Almeida Cardoso;0.24
7171;Alex Gomes Sousa;4.26
5863;Vitória Correia Correia;8.04
8689;Aline Rodrigues Santos;3.79
21224;Luiza Costa Carvalho;2.74
2754;Danilo Gomes Rodrigues;1.70
15886;Nicolas Cavalcanti Goncalves;2.17
27913;Isabella Costa Goncalves;6.68
16274;Fernanda Melo Rocha;6.93
13733;Luan Almeida Goncalves;8.05
28514;Vitór Lima Rocha;7.34
5082;Sophia Cavalcanti Cardoso;7.03
14013;Gabriel Rodrigues Barros;1.21
6412;Rafaela Lima Ribeiro;9.65
9556;Leonor Cavalcanti Lima;0.41
16557;Marisa Santos Goncalves;4.80
8148;Nicolas Correia Martins;2.46
4347;Kaua Pinto Melo;0.77
6659;Julieta Castro Rocha;4.90
24548;Martim Oliveira Souza;2.70
6011;Lara Barros Costa;5.38
15268;Murilo Pinto Martins;5.35
11913;Felipe Alves Rocha;9.65
11372;Carolina Carvalho Cardoso;8.60
3649;Matheus Almeida Rocha;5.13
14151;Victor Alves Fernandes;1.59
237;Anna Pinto Martins;6.70
12800;Gabrielle Martins Almeida;0.95
10265;Vitória Martins Dias;1.66
5045;Thaís Santos Martins;3.13
23460;Isabelle Silva Pereira;1.34
9874;Nicolash Barbosa Barbosa;9.65
9535;Antônio Ferreira Almeida;7.82
8233;Kauê Martins Azevedo;5.73
20692;Douglas Cardoso Azevedo;8.58
20873;Brenda Goncalves Azevedo;4.09
24338;Nicolas Araujo Cardoso;2.70
23412;Luis Araujo Lima;4.08
6865;Leonardo Cunha Oliveira;8.40
268;Luís Souza Silva;5.33
3201;Miguel Sousa Cunha;5.04
29818;Amanda Goncalves Cardoso;9.50
20997;Marcos Melo Cunha;2.04
20301;Enzo Ferreira Alves;3.50
24652;Letícia Barbosa Pereira;1.39
28025;Victor Correia Ferreira;3.19
28405;André Cavalcanti Almeida;3.85
16338;Laura Gomes Costa;3.23
13492;Gabrielle Barbosa Sousa;5.94
21141;Marina Cavalcanti Silva;7.55
10415;Carlos Santos Melo;3.56
12352;Livia Fernandes Dias;7.67
10734;Leila Almeida Pereira;9.93
8238;Fernanda Cardoso Martins;1.49
29200;Brenda Martins Rocha;2.37
11172;Rodrigo Barbosa Almeida;4.79
5651;João Rodrigues Alves;4.11
27558;Lucas Silva Rodrigues;8.48
2289;Tiago Azevedo Correia;2.71
12366;Marina Cavalcanti Fernandes;1.73
12012;André Martins Costa;6.79
28591;Vitor Souza Fernandes;4.04
24829;Kauan Almeida Martins;1.03
28215;Vinícius Pinto Dias;8.77
27438;Gustavo Almeida Carvalho;5.33
13528;Rebeca Pereira Costa;4.36
10233;Kauê Sousa Castro;8.66
12601;Isabelle Correia Correia;1.72
8073;Gabrielly Ribeiro Cunha;1.38
10111;Vinicius Alves Lima;6.13
21066;Rafaela Correia Lima;5.31
3426;Nicole Martins Sousa;6.80
16933;Brenda Martins Azevedo;2.21
27516;Nicole Alves Costa;7.08
12569;Laura Araujo Goncalves;4.32
28481;Rafaela Pinto Silva;3.46
4148;Ryan Oliveira Rodrigues;1.30
26971;Rafaela Ferreira Oliveira;8.06
19391;Tânia Cardoso Melo;1.08
10325;Lucas Carvalho Oliveira;6.11
23955;Gabriel Ferreira Martins;2.69
24916;Giovana Ribeiro Carvalho;0.60
15966;Bruna Alves Carvalho;0.58
10731;Thiago Cunha Cardoso;9.26
12430;Douglas Rodrigues Silva;5.34
23930;Marcos Cavalcanti Cavalcanti;3.29
19338;Gustavo Pinto Souza;6.25
8540;Cauã Dias Cunha;5.89
23645;Raissa Silva Goncalves;9.01
5457;Melissa Castro Fernandes;9.21
4909;Lucas Souza Rocha;6.76
28075;Marina Cunha Rodrigues;9.31
19787;Lavinia Castro Pinto;1.26
11882;Leila Martins Ferreira;3.58
19808;Melissa Oliveira Costa;6.80
25322;Nicolash Cavalcanti Oliveira;4.47
8555;Leonor Cavalcanti Dias;1.39
13522;Manuela Pinto Alves;4.76
26103;Davi Azevedo Ribeiro;7.43
18988;Amanda Souza Cardoso;3.98
28861;Carlos Santos Ribeiro;0.62
13548;Diogo Almeida Goncalves;4.30
3723;Diogo Martins Cavalcanti;5.76
1554;Murilo Lima Santos;5.99
15606;Estevan Sousa Santos;4.26
25868;Julieta Sousa Barros;7.07
25488;Felipe Lima Dias;9.49
26738;Kai Cunha Castro;0.54
23115;Rafael Correia Silva;7.02
28085;Kaua Castro Rocha;2.19
1632;Nicolash Costa Fernandes;6.70
10058;Murilo Ribeiro Castro;6.95
20705;Luís Barbosa Cardoso;6.73
27500;Beatriz Santos Alves;8.73
27217;Mateus Cunha Araujo;0.55
12784;Arthur Dias Santos;7.08
19371;Sophia Dias Fernandes;1.95
13744;Matilde Martins Pinto;9.33
2526;Luiza Sousa Almeida;8.53
16481;Livia Sousa Correia;2.89
15411;Emily Gomes Rodrigues;1.81
22868;Evelyn Silva Dias;9.51
26405;Davi Rocha Santos;1.89
2058;Otávio Silva Gomes;5.08
28059;Tomás Sousa Sousa;5.76
15831;Isabelle Pinto Alves;9.71
7676;Ágatha Pereira Melo;3.72
10079;Guilherme Alves Santos;3.22
12214;Júlia Melo Araujo;8.05
11693;Lavinia Ribeiro Pinto;9.62
16015;Aline Correia Lima;0.68
5372;Erick Goncalves Fernandes;8.72
4250;Ryan Pereira Lima;7.20
9037;Larissa Melo Alves;1.28
22747;Isabela Fernandes Rodrigues;5.84
13953;Luiza Fernandes Goncalves;1.55
11393;Marcos Castro Rodrigues;8.90
25728;Tânia Dias Fernandes;9.64
18671;Martim Dias Ferreira;7.17
23951;Thiago Cavalcanti Almeida;1.34
17628;Julian Cunha Carvalho;7.44
21104;Gabriel Cavalcanti Pereira;1.92
655;Douglas Cardoso Cardoso;9.12
29699;João Cardoso Cunha;6.84
8050;João Silva Fernandes;5.07
15351;Thiago Melo Oliveira;6.29
2443;Yasmin Cavalcanti Correia;6.26
28605;Isabelle Souza Melo;6.11
19986;Douglas Cavalcanti Correia;2.47
16171;Gustavo Santos Araujo;8.15
15774;Alex Cavalcanti Rocha;8.07
4175;Camila Gomes Almeida;9.10
4215;Beatrice Martins Pereira;3.15
18449;Anna Ribeiro Fernandes;5.45
8143;Guilherme Cardoso Souza;5.50
23837;Júlia Ribeiro Silva;5.07
25012;Beatrice Oliveira Melo;9.01
21622;Estevan Castro Dias;5.59
13455;Antônio Barbosa Castro;5.49
17198;Gabrielle Ribeiro Oliveira;1.98
8263;Joao Sousa Pereira;8.62
28454;Isabella Carvalho Goncalves;6.84
2637;Manuela Silva Correia;3.40
15684;Igor Melo Azevedo;6.52
1821;Paulo Pereira Carvalho;0.43
19678;Ágatha Castro Martins;2.39
7548;Bianca Cardoso Rodrigues;5.06
20890;Carolina Silva Martins;8.90
3463;Victor Gomes Almeida;3.11
2653;Nicole Alves Almeida;4.39
11926;Letícia Melo Lima;3.83
11839;Otávio Cavalcanti Sousa;7.64
5070;Danilo Lima Araujo;2.21
27147;Kauê Santos Oliveira;2.24
9676;Otávio Sousa Pinto;3.77
7419;Diego Dias Ferreira;0.21
18782;Vinícius Barbosa Lima;1.41
12934;Vitória Barbosa Rodrigues;8.75
22991;Luis Rocha Oliveira;0.61
14727;Kai Cunha Oliveira;4.99
28983;Rebeca Rodrigues Santos;4.60
14312;Julia Almeida Pereira;0.92
15598;Breno Santos Cardoso;7.55
18022;Luiz Araujo Lima;9.92
1275;Caio Gomes Barbosa;2.94
11855;Luan Cunha Souza;3.92
8541;Rafael Rocha Pereira;3.33
16634;Thiago Pinto Fernandes;9.61
27427;Rafael Santos Rocha;5.41
17653;Leila Ribeiro Cardoso;9.71
22090;Fernanda Barbosa Gomes;0.04
15345;Júlio Rocha Cardoso;8.07
5138;Marisa Azevedo Azevedo;8.99
19293;Emilly Cavalcanti Souza;0.44
23187;Manuela Pinto Oliveira;1.54
19378;Joao Gomes Pereira;3.44
21409;Larissa Azevedo Barros;4.64
25704;Yasmin Souza Pinto;7.26
4611;Tiago Costa Martins;9.43
28038;Davi Melo Costa;5.66
23521;Breno Cunha Pinto;0.94
12689;Luis Costa Araujo;9.41
26053;Júlio Sousa Araujo;0.53
13926;Vitor Sousa Cardoso;3.08
656;Vitória Costa Alves;3.51
8850;Bianca Carvalho Barros;1.36
14567;Otávio Martins Santos;6.76
14526;Luis Azevedo Barbosa;5.44
21594;Gabrielle Silva Castro;3.05
4983;Miguel Cardoso Costa;8.71
13337;Rafael Araujo Carvalho;4.79
4229;Isabella Rodrigues Rodrigues;5.44
7225;Samuel Almeida Oliveira;0.13
29109;Rodrigo Pereira Ribeiro;4.77
8855;Luiza Rodrigues Ribeiro;2.99
1543;Kaua Alves Ribeiro;8.71
28830;Isabela Rocha Rocha;5.45
4890;Emily Silva Gomes;2.52
16382;Luiza Ferreira Lima;2.59
22073;Amanda Gomes Melo;5.13
2167;Ryan Souza Santos;5.21
15715;Luiz Araujo Cunha;5.99
28993;Igor Castro Pinto;4.51
21842;Maria Rocha Costa;4.90
15041;Mariana Azevedo Rodrigues;3.22
10792;Yasmin Rodrigues Cardoso;4.99
508;Nicole Santos Rocha;0.60
14205;Alex Santos Azevedo;8.75
15551;Luiz Barros Cardoso;6.07
6664;Clara Gomes Barbosa;3.46
14759;Julia Melo Silva;1.89
22945;Vitor Rocha Souza;9.39
27718;Victor Sousa Cardoso;6.17
15952;Renan Castro Barros;9.75
6616;Alice Lima Cardoso;2.95
12346;Kauê Gomes Araujo;4.74
15902;Amanda Barbosa Silva;9.75
23809;Leila Azevedo Fernandes;3.14
2197;Miguel Correia Correia;7.55
16935;Matilde Goncalves Melo;4.06
4264;Thiago Gomes Azevedo;4.74
8162;Yasmin Azevedo Sousa;8.88
11626;Nicolas Melo Silva;3.21
22117;Yasmin Costa Rocha;7.66
6604;Eduardo Sousa Santos;5.06
27920;Julieta Barros Costa;6.57
23449;Emily Sousa Alves;3.99
25314;Raissa Gomes Souza;7.03
14146;Brenda Fernandes Rodrigues;2.62
18210;Beatrice Cardoso Fernandes;6.58
10787;Gabriela Souza Cunha;0.46
29208;Gabrielly Ferreira Araujo;3.79
1935;Julian Ferreira Martins;1.17
4917;Miguel Barros Barros;2.85
3023;Sophia Costa Correia;3.63
18977;Victor Dias Alves;6.90
23838;Enzo Martins Cardoso;2.34
26164;Fernanda Araujo Santos;3.74
3792;Luis Barros Cunha;7.90
28778;Gabriela Lima Silva;2.49
26237;Maria Melo Santos;7.84
28839;Marina Oliveira Almeida;8.31
22571;Sophia Correia Castro;9.20
9092;Guilherme Castro Costa;5.65
6932;Leonor Lima Lima;0.12
23845;Emilly Melo Goncalves;1.66
19048;Mariana Rocha Sousa;2.21
18911;Gabriel Pinto Ferreira;3.07
11444;Thaís Cardoso Fernandes;5.15
25671;Rodrigo Barros Gomes;8.22
14423;Marina Azevedo Pinto;8.12
20283;Rodrigo Fernandes Pereira;6.48
15023;Otávio Barbosa Lima;6.32
691;Tânia Cavalcanti Sousa;4.48
5375;Diogo Alves Barros;8.44
16843;Estevan Gomes Oliveira;1.87
6499;Raissa Barbosa Fernandes;7.24
5412;Livia Cavalcanti Gomes;7.77
26364;Vinícius Goncalves Cardoso;5.48
9591;Alice Martins Lima;5.14
2648;Vinicius Santos Fernandes;5.44
11222;Gabrielle Cardoso Rocha;2.01
27953;Lucas Alves Almeida;6.80
13139;Brenda Goncalves Almeida;1.80
13962;Yasmin Goncalves Ferreira;7.58
21138;Tiago Cardoso Pereira;6.99
1157;Marcos Melo Rodrigues;0.80
1307;Matilde Rodrigues Santos;4.96
18154;Emily Araujo Santos;1.53
662;Carla Araujo Santos;6.45
4320;Diego Araujo Lima;2.48
9856;Beatrice Lima Barros;6.96
21832;Alice Correia Castro;4.09
15901;Murilo Pereira Dias;1.04
27796;Emily Alves Castro;3.47
15166;Fernanda Rocha Sousa;5.76
24356;Alice Goncalves Ribeiro;3.88
20276;Luan Souza Ribeiro;2.34
11598;Marcos Castro Gomes;2.54
23647;Ana Pereira Costa;9.37
20132;Tiago Cardoso Almeida;8.19
3388;Luis Almeida Barros;9.17
25040;Lucas Araujo Pinto;8.96
9538;André Barros Lima;8.40
27038;Igor Ferreira Araujo;3.46
26877;Júlio Rodrigues Fernandes;2.25
26504;Eduardo Gomes Melo;8.69
7078;Antônio Sousa Souza;0.42
26874;Brenda Rodrigues Cardoso;5.83
8279;Gabriela Costa Azevedo;4.84
27987;Bruno Araujo Alves;7.38
18559;Eduarda Carvalho Castro;3.62
19472;Diego Gomes Dias;8.43
25696;Emilly Lima Ribeiro;1.58
6967;Kauã Martins Costa;4.15
10836;Joao Gomes Costa;4.80
12004;Thaís Melo Souza;9.60
23702;Vinicius Santos Araujo;8.06
10750;Diego Almeida Gomes;1.69
10832;Nicole Alves Rodrigues;1.92
1022;Julian Cavalcanti Rodrigues;1.17
8963;Martim Pinto Oliveira;9.00
165;Otávio Fernandes Sousa;7.38
21410;Otávio Ribeiro Sousa;3.05
17803;Fábio Goncalves Cunha;7.06
3189;Nicolash Rocha Goncalves;8.63
28097;Leonardo Goncalves Silva;4.59
29998;Kauan Martins Carvalho;7.61
27238;Clara Goncalves Melo;9.52
600;Giovana Dias Souza;9.09
5521;Júlio Gomes Pinto;6.59
13052;Julia Pinto Oliveira;4.90
26247;Danilo Rodrigues Costa;5.76
25355;Vitór Araujo Alves;9.86
7899;Paulo Barbosa Costa;9.63
18441;Alex Correia Almeida;0.40
2049;Renan Barros Sousa;0.14
29;Evelyn Castro Ferreira;4.87
13550;Leonardo Pereira Silva;2.88
28242;Laura Santos Carvalho;3.15
486;Luiza Castro Goncalves;7.85
1842;Kaua Pinto Pereira;2.92
829;Otávio Rodrigues Rocha;2.01
22631;Carlos Melo Melo;4.30
21631;Marina Souza Barbosa;7.88
25872;Douglas Rodrigues Ribeiro;6.40
20179;Vinícius Gomes Gomes;7.86
24778;Erick Rocha Ribeiro;1.47
25961;Douglas Gomes Cavalcanti;7.31
10114;Leonardo Costa Martins;0.37
153;Sarah Barbosa Ferreira;8.31
7113;Pedro Correia Oliveira;2.13
22405;Victor Castro Goncalves;5.78
994;Emily Cunha Oliveira;8.01
2188;Cauã Alves Cunha;9.34
18550;Estevan Ribeiro Cardoso;8.12
27522;Bruno Costa Carvalho;9.95
19672;Giovana Correia Goncalves;9.51
21881;José Cardoso Souza;2.05
7667;Letícia Carvalho Melo;9.78
27640;Sarah Costa Lima;9.01
20724;Melissa Costa Azevedo;0.14
12141;Ana Goncalves Pereira;9.61
7202;Kaua Souza Goncalves;9.48
26682;Luis Santos Souza;2.82
16603;Kauê Cavalcanti Barbosa;0.34
9533;Maria Costa Cavalcanti;1.78
26342;Brenda Correia Pereira;5.28
28401;Lucas Rodrigues Ferreira;4.70
25101;Luiza Rocha Oliveira;2.24
700;Alex Barbosa Lima;4.60
5660;Luis Souza Azevedo;0.85
12847;Diogo Fernandes Ribeiro;9.69
24632;Rebeca Ribeiro Fernandes;2.00
2418;Luís Cavalcanti Dias;9.44
28985;Tiago Oliveira Cunha;1.92
22460;Luana Cardoso Pereira;5.13
28694;Lavinia Rodrigues Rodrigues;9.10
14464;Maria Santos Ribeiro;6.18
14367;Luan Pinto Oliveira;7.23
13763;Marcos Azevedo Rocha;4.58
29367;Alice Almeida Santos;8.46
24691;Kaua Souza Fernandes;5.40
28914;Marcos Martins Souza;9.42
7410;Thiago Gomes Pereira;5.55
14077;Joao Goncalves Almeida;9.37
11630;Joao Almeida Santos;5.98
27298;Beatriz Gomes Correia;5.10
18667;Isabelle Pinto Araujo;1.93
12559;Miguel Cunha Alves;7.13
17676;Eduarda Carvalho Ferreira;5.15
4550;Sarah Rodrigues Rodrigues;6.20
27606;Carlos Oliveira Rodrigues;2.77
26781;Tiago Souza Cardoso;8.01
74;Luan Pereira Almeida;9.47
23534;Erick Oliveira Costa;6.02
16341;Lara Melo Alves;0.08
16680;Ágatha Azevedo Pereira;1.53
15682;Thaís Azevedo Lima;4.83
19740;Estevan Pinto Barbosa;5.05
27353;Gabrielly Cunha Azevedo;1.22
20604;Breno Martins Melo;2.54
21437;Diogo Sousa Melo;3.56
10754;Daniel Araujo Castro;0.97
28213;Yasmin Fernandes Ferreira;1.16
23107;Kaua Alves Carvalho;4.91
139;Raissa Barbosa Martins;9.70
23806;Mateus Santos Carvalho;9.93
27812;Leila Ribeiro Correia;1.37
8320;Paulo Sousa Oliveira;4.96
9925;Antônio Castro Alves;7.56
14907;Ryan Alves Gomes;4.48
20901;Diego Goncalves Gomes;0.66
10780;Giovanna Lima Silva;4.14
19009;João Silva Costa;2.78
7361;Daniel Almeida Barbosa;3.56
25968;Luan Gomes Gomes;8.46
28931;Ágatha Cunha Souza;5.69
15806;Luana Correia Sousa;7.80
12289;Alice Azevedo Cavalcanti;2.24
9169;Leonardo Pereira Araujo;9.78
5885;Carlos Lima Rodrigues;8.93
25717;Giovana Barros Lima;3.39
1908;Matilde Correia Lima;3.21
3437;Sophia Goncalves Carvalho;5.28
24242;Clara Silva Souza;2.91
27292;Brenda Lima Barbosa;0.48
9364;Luana Rocha Costa;8.74
371;Cauã Martins Lima;7.31
17008;Mateus Sousa Cavalcanti;6.91
19014;Lucas Barbosa Cavalcanti;1.04
4479;Enzo Azevedo Cardoso;6.78
29862;Tânia Sousa Martins;3.04
1036;Felipe Rocha Fernandes;2.81
9224;Alice Barbosa Barros;0.56
29597;José Santos Sousa;3.27
21278;Mariana Rocha Rocha;0.76
15734;Kauan Cunha Costa;5.23
8530;Renan Pereira Cardoso;4.46
18545;Evelyn Ferreira Goncalves;4.33
5604;Vitor Fernandes Costa;0.44
5482;Carolina Santos Costa;4.37
1273;Júlia Costa Pinto;3.94
8506;Leila Cardoso Carvalho;0.49
23912;Igor Pinto Almeida;7.22
12328;Erick Almeida Ribeiro;2.07
25150;Martim Costa Gomes;4.06
9450;Camila Pereira Lima;3.94
20185;Leila Barbosa Santos;2.67
10374;Samuel Sousa Barbosa;5.73
2228;Leonor Pinto Silva;4.86
2509;Fábio Goncalves Azevedo;3.67
10194;Kauã Goncalves Lima;4.06
8543;Mateus Cunha Sousa;9.49
7218;Bianca Ferreira Gomes;7.71
24440;Luan Barros Alves;3.76
1151;Gabrielly Santos Alves;5.61
23942;João Rodrigues Gomes;3.13
19717;Vitória Carvalho Melo;2.09
17520;Alice Araujo Rodrigues;4.14
14260;Samuel Dias Castro;8.00
88;Sofia Correia Azevedo;5.78
2719;Isabela Santos Azevedo;8.42
21345;Bruno Melo Carvalho;6.41
14417;Rodrigo Dias Azevedo;5.50
4906;Amanda Ferreira Correia;4.45
10671;Vinícius Goncalves Rocha;4.79
8602;Gabrielly Souza Silva;4.52
26858;Pedro Cardoso Rodrigues;9.61
16739;José Barros Pinto;4.66
12431;Tânia Almeida Gomes;5.63
441;Leonardo Azevedo Goncalves;9.98
28013;Renan Ribeiro Araujo;6.80
8024;Vitória Lima Goncalves;2.79
3240;Luan Almeida Cardoso;6.64
26090;Júlio Ribeiro Pinto;8.05
28162;Vitoria Cunha Cavalcanti;9.08
23181;Ana Martins Cavalcanti;0.34
19200;Bruna Rocha Pinto;5.76
930;Vitoria Barbosa Pereira;3.17
4956;Diogo Rocha Pinto;4.59
18901;Júlio Cavalcanti Araujo;1.64
15063;Enzo Alves Rocha;7.53
25091;Leila Oliveira Lima;6.14
7338;Douglas Melo Silva;9.23
4261;Bruno Oliveira Dias;4.43
19407;Martim Almeida Pinto;3.59
25460;Luiza Ribeiro Melo;9.24
3337;Lucas Melo Rodrigues;7.49
2708;Brenda Fernandes Silva;4.13
13796;Isabella Barbosa Melo;8.93
3465;Thaís Costa Araujo;9.87
15344;Tânia Ribeiro Carvalho;3.78
8945;Thaís Gomes Barbosa;4.56
11629;Alice Sousa Melo;6.88
29351;André Gomes Costa;4.85
10084;Anna Gomes Pinto;4.41
19637;Raissa Carvalho Cardoso;9.97
19064;Victor Santos Oliveira;1.74
14180;Rodrigo Oliveira Gomes;5.97
4447;Pedro Santos Martins;3.86
29529;Leila Correia Silva;9.69
28774;Leonor Correia Melo;6.26
12040;Douglas Melo Alves;3.52
28073;Isabela Cunha Costa;7.18
24061;Renan Alves Ribeiro;5.69
9976;Antônio Sousa Sousa;3.47
10371;Rafaela Gomes Melo;2.57
20238;Julieta Correia Azevedo;1.40
10565;Kai Alves Araujo;8.42
392;Raissa Lima Pereira;8.88
26445;Laura Castro Rocha;2.85
7426;Mariana Goncalves Silva;7.37
24319;Douglas Correia Souza;8.84
2401;Renan Cavalcanti Oliveira;8.29
25171;Gabriel Barbosa Ribeiro;4.77
8756;José Cavalcanti Rocha;6.33
13624;Miguel Almeida Santos;6.15
163;Gabriel Dias Carvalho;1.46
18917;Carlos Silva Gomes;2.71
11718;Arthur Costa Sousa;6.16
25392;Emilly Cardoso Goncalves;8.11
4050;Luís Oliveira Oliveira;8.87
7521;Samuel Souza Castro;6.80
11826;Ryan Gomes Fernandes;9.90
22799;Ryan Goncalves Rocha;3.95
8786;Vitória Cavalcanti Correia;6.18
4634;Tomás Lima Costa;7.37
27972;Paulo Gomes Dias;3.82
13195;Evelyn Lima Lima;1.71
3771;Samuel Martins Cunha;9.63
29413;Julia Santos Pinto;2.84
489;João Azevedo Rocha;3.33
25309;Renan Almeida Souza;7.75
8447;Anna Alves Sousa;0.91
29375;Júlia Rocha Martins;9.10
29916;Sofia Correia Martins;5.06
19758;Brenda Pinto Castro;3.70
27886;Pedro Santos Costa;7.62
15191;André Cavalcanti Azevedo;8.60
18844;Bruna Ferreira Cardoso;6.78
22708;Luis Correia Carvalho;0.60
10844;Erick Costa Martins;7.85
18970;Otávio Lima Fernandes;7.43
18125;Gabrielly Sousa Azevedo;9.74
453;Luiza Cunha Ribeiro;7.32
9388;Felipe Souza Barros;8.15
3011;Pedro Goncalves Martins;1.06
18317;Júlio Ribeiro Ribeiro;7.14
28860;Ryan Almeida Pereira;8.77
10603;Vinicius Dias Araujo;0.63
4086;Thaís Santos Cavalcanti;4.48
18353;Melissa Alves Alves;9.17
26070;Alex Almeida Barbosa;4.32
24559;Fernanda Barros Costa;9.00
4485;Luis Barros Barbosa;2.44
7170;Murilo Souza Melo;4.29
26525;Erick Fernandes Cunha;9.72
28046;Daniel Rocha Barros;8.73
10531;Bianca Pereira Santos;8.63
16188;José Souza Rocha;1.52
533;Diogo Cavalcanti Goncalves;8.77
2748;Erick Silva Fernandes;9.19
7412;Rafael Cardoso Lima;5.53
3634;Aline Costa Oliveira;3.24
3122;Vitória Cavalcanti Rodrigues;6.54
10098;Isabelle Lima Fernandes;3.09
20422;Rebeca Santos Azevedo;3.87
29456;Mateus Martins Cardoso;2.66
21696;Kai Carvalho Araujo;7.65
22233;Guilherme Ribeiro Cardoso;2.16
1363;Raissa Ferreira Ferreira;0.41
26855;Julieta Cunha Rocha;0.42
19775;Letícia Ferreira Costa;1.79
12859;Melissa Costa Gomes;4.96
15194;Vitoria Castro Barros;2.97
24399;Breno Silva Rocha;8.74
28621;Caio Goncalves Oliveira;1.08
17510;Erick Costa Souza;3.34
26402;Luiz Oliveira Rocha;4.92
7475;Tiago Carvalho Cavalcanti;6.51
11578;Kai Gomes Cardoso;8.14
8548;Daniel Cardoso Souza;4.41
7316;Daniel Cavalcanti Dias;8.15
11084;Kaua Ribeiro Alves;8.34
17412;Nicolas Rodrigues Cunha;9.90
20824;Giovanna Sousa Carvalho;7.03
24598;Luan Rodrigues Rodrigues;1.51
27334;Brenda Sousa Cardoso;2.32
24560;Vitor Rodrigues Costa;0.08
7837;Letícia Azevedo Castro;9.51
23980;Mateus Pereira Barros;2.34
13968;Miguel Pinto Dias;1.24
19687;Luan Melo Carvalho;8.29
2391;Arthur Barbosa Fernandes;1.45
4007;Kauã Cunha Azevedo;2.89
24740;Nicolash Ferreira Souza;2.36
20773;Aline Correia Sousa;0.95
21458;Tânia Lima Fernandes;3.48
11121;João Cavalcanti Castro;1.07
20099;Anna Cardoso Oliveira;2.61
21944;Fernanda Rodrigues Martins;8.31
5267;Leonor Lima Pereira;2.59
29973;Tomás Castro Silva;3.44
8952;Mariana Carvalho Goncalves;2.02
20513;Gabriel Cardoso Carvalho;4.20
1039;Tomás Sousa Oliveira;9.63
4083;Aline Cardoso Souza;6.43
6470;Victor Fernandes Castro;9.37
28177;Mariana Castro Correia;7.80
19304;Ana Cardoso Pereira;2.79
27742;Camila Ribeiro Goncalves;9.11
16155;Gabrielle Rocha Cunha;0.61
13868;Letícia Rodrigues Goncalves;0.31
120;Matheus Araujo Correia;9.30
1742;Ryan Fernandes Carvalho;7.00
7160;Giovana Goncalves Cardoso;5.66
8777;Bruno Souza Costa;4.34
24969;Lara Silva Alves;9.08
16435;Daniel Ribeiro Santos;4.73
25633;Sofia Ribeiro Cunha;4.83
25887;Kauã Souza Gomes;8.52
27731;Murilo Rodrigues Rodrigues;4.72
22291;Rafaela Costa Pinto;5.31
14943;Otávio Souza Fernandes;3.21
19305;Leila Cavalcanti Barros;4.39
16458;Marisa Alves Silva;1.33
22132;Mateus Cardoso Goncalves;0.57
25362;Isabela Fernandes Lima;7.85
28458;Carlos Castro Pinto;7.77
14639;Julieta Dias Martins;9.84
29716;Enzo Oliveira Lima;5.41
16379;Fernanda Azevedo Santos;8.98
6227;Igor Ribeiro Dias;2.45
21329;Eduarda Lima Silva;6.99
12161;Miguel Lima Araujo;6.96
23354;Julieta Souza Santos;5.77
27094;Daniel Barbosa Santos;5.98
20406;Carolina Cunha Alves;3.78
14355;Miguel Ribeiro Souza;5.82
13820;Julieta Barbosa Ribeiro;3.39
14085;Fernanda Silva Costa;9.35
15840;André Correia Cunha;3.67
16375;Victor Alves Pereira;1.21
23603;Danilo Pereira Cavalcanti;9.90
29553;Raissa Rodrigues Rocha;5.20
15469;Ryan Araujo Pereira;5.20
23664;Kauan Sousa Souza;3.14
28812;Matilde Costa Dias;7.68
6560;Alex Correia Oliveira;1.44
21341;Mariana Almeida Cunha;9.59
584;Marisa Azevedo Azevedo;3.91
23260;Aline Oliveira Gomes;5.28
28653;Douglas Rodrigues Oliveira;6.44
24295;Thiago Ribeiro Gomes;7.96
14600;Vitor Carvalho Oliveira;6.49
18993;Nicolash Cardoso Pereira;3.09
26912;Maria Araujo Ribeiro;0.65
3499;Martim Fernandes Carvalho;6.97
11221;Miguel Gomes Correia;2.11
18486;Davi Pereira Rodrigues;9.36
27783;Douglas Goncalves Dias;1.63
16305;Rafael Ribeiro Cavalcanti;6.90
19324;Miguel Pinto Correia;1.57
21841;Beatrice Cavalcanti Cavalcanti;2.83
9831;Alice Melo Oliveira;0.11
16;Guilherme Santos Santos;9.32
1786;Isabella Ribeiro Correia;1.27
914;Bruna Pinto Ribeiro;2.48
25618;Guilherme Cardoso Castro;3.50
7993;Isabela Martins Rodrigues;6.75
21905;Fábio Barros Cardoso;8.42
17536;Kaua Sousa Ribeiro;4.46
14883;Guilherme Lima Souza;9.02
17918;Brenda Araujo Melo;4.29
28789;Gabrielly Ferreira Santos;6.79
28060;Martim Cavalcanti Castro;5.24
23411;Isabella Alves Gomes;0.12
8658;Vinicius Cavalcanti Ribeiro;6.74
11146;Nicolas Carvalho Costa;7.61
20782;Rebeca Almeida Rocha;6.11
10856;Matheus Pinto Goncalves;5.49
11948;Luan Martins Costa;7.36
4023;Vitória Azevedo Castro;1.98
9171;Rafaela Rodrigues Pinto;0.21
28078;Nicolas Fernandes Rocha;7.15
26959;Alex Gomes Goncalves;4.57
10398;Anna Barbosa Almeida;7.13
1249;Vinicius Cunha Costa;4.41
29501;Aline Barbosa Barbosa;9.22
27333;Júlio Oliveira Pinto;5.81
19052;Carla Goncalves Pereira;0.78
27527;Breno Rodrigues Dias;1.93
8184;Samuel Pinto Almeida;9.93
18767;Bruno Carvalho Lima;9.23
4411;Tomás Lima Silva;9.10
5128;Thiago Dias Correia;8.24
17284;Emilly Azevedo Carvalho;9.11
16906;Isabela Rodrigues Carvalho;5.95
16571;Clara Barros Barros;9.68
12799;Júlia Rodrigues Gomes;5.08
24587;Laura Castro Alves;7.76
9256;Camila Castro Correia;5.15
28932;Sofia Dias Pinto;9.69
23952;Luis Cunha Souza;4.20
24193;Mariana Carvalho Sousa;8.24
2489;Gabrielly Goncalves Barros;9.56
28897;Laura Cardoso Dias;0.63
12513;Emily Souza Barros;5.58
14296;Diego Rocha Rodrigues;3.11
15706;Gabrielle Cunha Rodrigues;6.41
1013;Evelyn Rodrigues Fernandes;0.59
1413;Gabriel Cavalcanti Souza;5.31
3536;Rebeca Gomes Ribeiro;2.48
10023;Luís Santos Rodrigues;5.58
2184;Beatrice Alves Goncalves;6.46
699;Giovana Dias Goncalves;9.67
22830;Aline Lima Cardoso;5.13
13448;Tiago Oliveira Carvalho;6.47
8158;Maria Souza Sousa;4.04
9118;Eduardo Carvalho Lima;9.79
29935;Ágatha Oliveira Rodrigues;9.75
22234;Fernanda Martins Rocha;2.05
13198;Cauã Almeida Souza;6.48
8426;Fábio Castro Pereira;8.16
21396;Nicolash Correia Pinto;0.31
23725;Mariana Pereira Fernandes;6.83
12122;Júlio Barros Lima;6.06
17797;João Azevedo Castro;3.11
5846;Nicolas Barbosa Ferreira;2.20
20230;Vitor Barbosa Silva;6.13
13717;Bianca Martins Souza;4.57
19579;Tomás Alves Pereira;8.69
3567;Raissa Gomes Martins;2.57
12902;Vitória Dias Carvalho;2.93
26390;Emily Almeida Sousa;6.11
20449;Danilo Rocha Rocha;5.01
2973;Carlos Ribeiro Ribeiro;1.73
16673;Gustavo Barros Almeida;1.66
4018;Laura Barros Costa;5.03
7018;Gabrielle Rocha Goncalves;5.86
15290;Gabrielle Goncalves Gomes;6.66
1719;Marcos Sousa Rodrigues;1.24
10504;Enzo Silva Ribeiro;1.66
7742;Ágatha Gomes Castro;4.56
16641;Bianca Souza Castro;7.27
22847;Leila Ferreira Gomes;0.31
15019;Breno Lima Goncalves;4.12
5205;Vitor Rodrigues Fernandes;9.35
14610;Carlos Castro Cardoso;1.08
23275;Daniel Carvalho Azevedo;5.83
23875;José Azevedo Fernandes;2.66
10053;Marcos Dias Alves;8.70
14468;Davi Martins Cunha;9.58
7072;Nicole Costa Barros;8.37
11360;Maria Carvalho Dias;6.94
9796;Raissa Gomes Araujo;2.67
11941;Kaua Goncalves Lima;3.32
684;Kauê Oliveira Alves;3.83
12370;Marisa Ferreira Santos;8.79
24417;Luiza Ferreira Cardoso;5.37
25121;Carlos Azevedo Cavalcanti;3.91
8645;Leila Pereira Fernandes;2.68
18852;Erick Fernandes Castro;8.41
2258;Davi Barros Cunha;3.51
22680;Caio Sousa Sousa;5.43
6088;Aline Cavalcanti Silva;7.19
12240;Rafael Correia Goncalves;2.49
26514;Maria Barbosa Souza;2.11
24985;Amanda Cunha Barbosa;2.93
13678;Luiza Costa Cunha;2.22
4524;Diego Dias Martins;6.51
15655;Isabelle Barbosa Sousa;6.75
18452;Daniel Martins Araujo;2.72
15958;Erick Melo Cunha;7.89
363;Vinícius Ribeiro Barbosa;5.41
4430;Victor Oliveira Santos;3.57
8423;José Goncalves Pereira;2.75
10072;Cauã Cavalcanti Oliveira;9.91
24495;Emilly Costa Alves;1.59
2242;Martim Dias Sousa;0.44
18636;Renan Cunha Cardoso;6.12
1034;Fernanda Ribeiro Oliveira;2.90
10546;Joao Azevedo Lima;7.59
6631;Giovana Rocha Pinto;8.55
18461;Letícia Silva Correia;8.61
8947;Vitória Silva Dias;2.33
5167;Brenda Melo Goncalves;5.18
23489;Kaua Araujo Barbosa;8.33
11478;Gabrielly Costa Silva;5.99
25888;Marina Sousa Sousa;4.32
4434;Letícia Ferreira Lima;1.74
25897;Leonardo Pereira Rocha;6.96
6785;Eduardo Correia Cunha;10.00
6734;Bruna Correia Cunha;0.97
17686;Diego Correia Barbosa;9.77
18860;Rafael Gomes Almeida;7.09
26728;Luís Carvalho Correia;4.48
7172;Danilo Silva Cardoso;7.45
29598;Martim Pereira Cavalcanti;3.89
22951;Anna Cunha Lima;1.57
4608;Nicole Barros Barbosa;6.97
10253;Julieta Barros Gomes;1.63
264;Vitór Castro Pinto;3.77
14609;Gabrielly Barros Lima;0.83
11628;Tomás Gomes Barbosa;9.33
13397;Lucas Cunha Oliveira;1.45
10244;Lavinia Fernandes Dias;6.21
15458;Rafael Araujo Cardoso;7.27
5825;Sarah Ribeiro Oliveira;9.35
16769;Gabriel Melo Azevedo;9.56
27024;Lara Araujo Barros;5.17
12873;Lucas Correia Alves;6.76
6891;Raissa Souza Pereira;7.31
19174;Larissa Silva Almeida;2.58
28453;Samuel Pinto Barbosa;2.04
19262;Murilo Rodrigues Pinto;1.48
1603;Bruna Ribeiro Oliveira;1.13
13068;Beatriz Cavalcanti Sousa;3.53
634;Nicole Barbosa Goncalves;6.03
23870;Otávio Ferreira Almeida;5.38
15877;Nicole Fernandes Cavalcanti;8.17
26965;Fábio Araujo Cardoso;4.83
19806;Vitória Martins Lima;2.10
22679;Samuel Oliveira Carvalho;2.91
3982;Gabriela Dias Carvalho;6.08
19523;Tânia Cardoso Ferreira;6.43
12763;Carolina Gomes Gomes;8.04
9482;Amanda Castro Pinto;2.64
17210;Matilde Pereira Fernandes;8.13
7854;Lara Cavalcanti Pereira;8.30
6617;Nicolas Pinto Azevedo;9.93
26594;Lucas Dias Almeida;4.54
25581;Enzo Goncalves Silva;0.52
21342;Tânia Castro Correia;0.20
21814;Leonardo Silva Pinto;6.94
24653;Bruno Barros Rocha;5.85
24656;Leonardo Rocha Rocha;1.76
3149;Nicolash Ribeiro Araujo;8.53
11213;Nicole Ribeiro Carvalho;9.89
21560;Melissa Cavalcanti Sousa;5.96
11215;Isabella Barbosa Silva;3.12
19846;Tiago Barros Azevedo;2.71
15442;Nicolash Rodrigues Santos;1.75
22240;João Gomes Costa;2.53
15936;Carlos Martins Ferreira;1.88
1576;Leila Azevedo Cavalcanti;5.53
996;Victor Lima Ribeiro;7.05
6594;Victor Rodrigues Santos;0.45
9621;Livia Ribeiro Castro;3.30
26297;Giovana Ribeiro Pinto;0.37
14632;Kauã Cunha Martins;6.14
9940;Leonardo Ferreira Azevedo;7.52
25521;Rodrigo Santos Goncalves;8.90
4919;Estevan Carvalho Oliveira;1.44
11030;Vinícius Sousa Almeida;2.50
10710;Otávio Pinto Castro;4.65
14596;Martim Souza Santos;7.76
4232;Vitór Silva Martins;0.36
13447;Enzo Pereira Souza;0.42
24432;Rebeca Correia Cavalcanti;0.37
9885;Vinícius Barbosa Santos;8.64
3657;Bruno Cardoso Santos;8.93
25944;Otávio Ribeiro Lima;7.28
22722;Victor Souza Carvalho;2.16
18041;Vitor Rocha Rodrigues;6.88
12333;Lara Lima Cavalcanti;3.38
6222;Nicolas Souza Cardoso;9.03
16662;Davi Castro Goncalves;2.08
325;Nicole Correia Souza;1.52
25172;Bruna Rocha Santos;8.61
21090;Vinicius Barros Melo;2.45
13794;Kauã Alves Alves;2.27
16653;Matilde Dias Barros;2.56
11618;Aline Costa Sousa;4.75
19786;Evelyn Silva Santos;4.09
18102;Breno Cunha Pereira;0.45
8468;Luiz Azevedo Lima;9.48
17899;Matheus Martins Cunha;2.39
25987;Marisa Rocha Pinto;0.22
3177;Kai Fernandes Rocha;1.24
19620;Rebeca Melo Souza;4.49
22471;Matilde Melo Goncalves;4.53
19417;Otávio Fernandes Correia;1.98
3563;Sarah Cunha Rodrigues;5.56
13913;Kai Silva Ribeiro;0.97
11631;Julia Cunha Castro;0.01
22674;Giovanna Pereira Barros;3.90
9066;Larissa Azevedo Ferreira;2.17
7417;Guilherme Barros Rocha;8.47
7543;Martim Lima Rodrigues;2.43
10649;Nicole Pereira Carvalho;4.56
2685;Erick Pereira Dias;5.33
25748;Nicole Melo Barros;7.06
11963;Tomás Alves Castro;6.65
13579;Alex Ferreira Ferreira;7.27
3588;Rafaela Goncalves Melo;0.32
9371;Samuel Pinto Martins;3.44
25226;Daniel Fernandes Ribeiro;1.49
3084;Murilo Barros Castro;3.08
15558;Carlos Pinto Azevedo;8.48
15024;Rafael Souza Rocha;4.87
16480;Tiago Rocha Almeida;8.97
21522;Giovanna Fernandes Cunha;8.07
26910;Lucas Rocha Alves;4.29
10858;Lara Lima Silva;7.72
8469;Rodrigo Gomes Martins;7.21
15863;Isabella Gomes Cunha;6.59
16576;Leonardo Sousa Martins;5.52
19488;Diego Santos Souza;3.62
25332;Manuela Goncalves Dias;2.16
2815;Daniel Santos Fernandes;7.38
13016;Letícia Araujo Sousa;7.64
13649;Lara Lima Souza;3.49
10907;Sarah Rodrigues Oliveira;6.67
24807;Thiago Costa Dias;6.57
3110;Camila Barros Correia;1.22
22053;Diogo Santos Goncalves;3.41
13214;Nicolash Dias Rocha;4.81
21384;Pedro Dias Correia;7.90
11530;Thaís Araujo Barros;9.10
1163;Gabriela Costa Cavalcanti;8.91
1983;Samuel Alves Santos;2.56
16840;Caio Gomes Azevedo;1.49
10396;Kai Azevedo Dias;1.84
12532;Luiz Lima Cavalcanti;0.24
4172;Giovanna Gomes Rodrigues;4.52
10498;Marisa Ferreira Barros;3.48
20447;Camila Oliveira Fernandes;8.57
3727;Rodrigo Carvalho Barbosa;7.92
21057;Diogo Melo Oliveira;6.70
29987;Vitor Melo Martins;3.35
13344;Leonor Costa Lima;9.40
22351;Laura Cavalcanti Souza;6.43
15234;Kaua Barros Pinto;6.28
2023;Guilherme Ferreira Araujo;3.55
1365;Melissa Carvalho Castro;8.01
22953;Bianca Lima Oliveira;7.88
24367;Larissa Castro Castro;1.66
27978;Douglas Gomes Rocha;0.18
15352;Diogo Azevedo Pereira;6.73
7039;Vitor Sousa Silva;5.93
29309;Emilly Dias Rocha;9.60
10915;Rafael Melo Araujo;0.93
2216;Fernanda Almeida Gomes;7.27
7381;Igor Correia Barbosa;9.37
19219;Bruna Gomes Barbosa;7.67
7133;Beatrice Alves Costa;2.64
3689;Leonardo Sousa Cavalcanti;6.68
25411;Rafael Araujo Cunha;6.70
29637;Camila Barros Rodrigues;9.31
1902;Caio Cavalcanti Melo;6.99
659;Enzo Melo Rocha;7.39
22899;Matheus Carvalho Gomes;0.31
24376;Luis Santos Dias;1.60
11835;Leonardo Castro Carvalho;7.68
28227;Melissa Araujo Oliveira;5.27
24716;Kauã Alves Barros;0.00
13175;Maria Dias Barbosa;1.89
527;Yasmin Souza Cunha;0.59
9744;Pedro Barbosa Sousa;7.51
4779;Emily Correia Ferreira;1.75
3640;Cauã Correia Martins;0.08
24780;Sarah Souza Almeida;3.11
19196;Felipe Castro Costa;6.12
20013;Vitória Castro Pereira;4.82
29166;Carla Ferreira Alves;8.69
5472;Leila Pereira Oliveira;2.65
16758;Igor Sousa Barros;1.20
4304;Eduardo Barbosa Oliveira;1.01
5602;Anna Goncalves Ferreira;4.93
13035;Victor Rocha Ferreira;9.94
27664;Vinícius Santos Carvalho;1.64
10677;Beatrice Sousa Barbosa;8.11
9378;Kai Sousa Pereira;9.90
21312;Rebeca Santos Rocha;4.56
1253;Raissa Dias Oliveira;6.74
18525;Eduarda Santos Santos;8.42
698;Manuela Santos Martins;2.99
14920;Julieta Cunha Martins;6.88
14576;Igor Azevedo Lima;0.76
25181;Fernanda Rodrigues Correia;4.52
5719;Estevan Gomes Gomes;9.03
29283;Gustavo Azevedo Goncalves;6.40
20420;Victor Martins Goncalves;8.36
16872;Isabella Souza Araujo;5.86
25065;Sofia Correia Azevedo;3.70
28280;Evelyn Gomes Martins;9.41
11457;Luis Barros Araujo;7.42
7094;Ryan Lima Pereira;7.92
5272;Bianca Santos Ferreira;9.73
14838;Estevan Barros Azevedo;5.01
22887;Emily Rocha Souza;1.23
18373;Aline Barbosa Alves;1.46
21281;Alice Alves Oliveira;0.57
18424;Antônio Araujo Santos;0.62
19789;Tomás Santos Almeida;9.11
15000;Eduarda Dias Carvalho;8.23
9044;Bianca Silva Ferreira;3.87
16688;Luis Cavalcanti Rocha;7.38
11330;Laura Rocha Gomes;1.23
10691;Emily Alves Goncalves;3.35
17166;Sophia Rodrigues Ferreira;3.12
13884;Diogo Silva Lima;0.35
5507;Sophia Souza Costa;8.90
7831;Aline Azevedo Azevedo;0.49
17779;Ágatha Carvalho Souza;9.62
20201;Isabelle Oliveira Ribeiro;9.29
2417;Julieta Oliveira Castro;5.67
22717;Evelyn Cardoso Dias;5.26
20374;Sarah Goncalves Cavalcanti;2.66
12030;Nicolash Azevedo Sousa;5.79
26057;Alice Correia Santos;2.34
27504;Antônio Carvalho Pinto;4.55
24381;Luan Costa Fernandes;7.28
10021;Rebeca Rodrigues Santos;2.22
15597;Camila Silva Lima;3.24
17507;Camila Pinto Correia;5.16
15578;Sophia Goncalves Carvalho;0.65
25281;Lara Alves Silva;4.16
28417;Luís Alves Barros;7.79
17578;Tiago Ferreira Oliveira;8.49
29730;Davi Barbosa Alves;3.38
24427;Emilly Martins Rodrigues;5.73
23431;Murilo Pinto Almeida;9.85
5139;Nicole Souza Dias;0.63
28655;Nicolas Ribeiro Dias;1.89
1391;Letícia Costa Azevedo;4.70
4881;Aline Lima Castro;5.85
12287;Gustavo Oliveira Cunha;4.93
20749;Daniel Castro Fernandes;0.85
11325;Brenda Almeida Ribeiro;1.28
24423;Beatriz Cunha Lima;7.79
11567;Clara Almeida Almeida;0.96
29607;Brenda Silva Pereira;7.62
7934;Igor Rocha Correia;4.97
1276;Erick Castro Gomes;2.95
16683;Luis Souza Santos;4.66
7286;Gabrielle Melo Silva;4.44
3483;Vitór Santos Goncalves;9.38
23549;Thaís Rocha Cardoso;1.17
68;Bruna Pinto Martins;2.38
11050;Igor Gomes Lima;1.28
13632;Estevan Correia Dias;0.52
27384;Isabela Rocha Cardoso;4.90
23860;Gabrielly Correia Carvalho;3.34
29313;Gabriel Cunha Ferreira;6.30
23403;Pedro Fernandes Ribeiro;0.07
726;Lavinia Rodrigues Barros;7.91
19125;Douglas Ferreira Silva;3.14
7967;Nicolas Cunha Ribeiro;9.17
22883;Luiz Araujo Barbosa;5.66
3770;Bruna Ferreira Ribeiro;7.70
13341;Tiago Barbosa Barros;1.77
27204;Diego Silva Cunha;5.57
1236;Sarah Cavalcanti Silva;4.65
12159;Yasmin Rodrigues Cavalcanti;0.29
18524;Gabrielly Oliveira Cardoso;3.20
14407;Isabelle Araujo Pereira;6.23
11924;Gabrielly Azevedo Azevedo;6.11
28232;Isabela Costa Martins;4.33
24842;Paulo Correia Rocha;6.34
13257;Isabella Lima Oliveira;3.31
28418;Martim Silva Rodrigues;1.45
1452;Sarah Cardoso Fernandes;1.14
484;Anna Rocha Araujo;8.15
18829;Douglas Correia Goncalves;9.06
20559;Eduarda Rodrigues Cardoso;9.26
16694;Cauã Pereira Cardoso;6.38
14039;Eduardo Fernandes Barbosa;8.29
8309;Rebeca Santos Martins;4.88
6118;Julieta Barbosa Dias;5.52
11160;Gustavo Barbosa Correia;1.32
3481;Murilo Araujo Cavalcanti;5.13
14482;Nicolas Almeida Alves;0.46
8082;Samuel Pinto Almeida;7.51
9311;Paulo Almeida Azevedo;4.85
20403;Tiago Pinto Martins;9.18
29849;Vitoria Sousa Cardoso;5.29
8662;Tomás Oliveira Silva;5.90
8758;Luiz Oliveira Silva;3.40
17058;Miguel Pinto Barbosa;7.45
3887;Ágatha Oliveira Castro;5.07
21598;Breno Silva Lima;0.71
14797;Clara Pinto Martins;9.62
16153;Amanda Gomes Martins;9.35
29502;Brenda Goncalves Lima;4.81
23572;Luiz Lima Souza;0.78
15340;Lara Alves Carvalho;4.20
7793;Lara Rocha Ferreira;7.92
4696;Tomás Ribeiro Carvalho;6.28
25380;Melissa Cavalcanti Castro;7.83
5324;Marisa Correia Correia;6.65
16845;Vitória Dias Almeida;2.24
16670;Nicolash Barros Pereira;0.55
8421;Bianca Pinto Cavalcanti;5.14
28203;Maria Rocha Rodrigues;7.71
356;Maria Rocha Carvalho;5.61
24443;Sarah Carvalho Martins;4.63
5668;Joao Rocha Oliveira;8.62
17217;Rodrigo Santos Alves;8.59
26040;Joao Martins Barbosa;9.11
28220;Marcos Sousa Cavalcanti;5.05
27185;Anna Ribeiro Cardoso;4.35
1464;Beatriz Castro Souza;7.06
2456;Fábio Souza Azevedo;5.42
29138;Beatriz Barbosa Souza;8.78
14242;Alex Fernandes Ribeiro;0.13
12374;Marina Rocha Santos;6.00
15460;Luís Alves Dias;4.71
9309;Luiz Melo Oliveira;2.91
16799;Nicole Ferreira Sousa;5.02
24689;Lara Dias Dias;7.68
19661;Marina Dias Alves;1.78
1831;Isabella Goncalves Ferreira;8.23
8116;Mariana Araujo Dias;6.16
10062;Evelyn Rodrigues Correia;7.46
8484;Julieta Araujo Pereira;8.15
24815;Nicolash Gomes Alves;5.58
19571;Marisa Lima Rodrigues;3.84
2016;Aline Araujo Costa;5.54
23577;Bianca Ferreira Castro;0.77
23409;Rafael Carvalho Ribeiro;3.23
24968;Miguel Ferreira Barbosa;9.48
4147;Ágatha Alves Carvalho;3.20
29356;Daniel Araujo Pereira;1.83
7533;Douglas Alves Barros;3.71
9386;Eduardo Barros Carvalho;3.46
18472;Sarah Oliveira Barbosa;8.75
13858;Manuela Azevedo Rodrigues;6.08
11129;Rebeca Ferreira Santos;5.22
11120;Júlia Azevedo Cunha;3.27
26961;Joao Gomes Azevedo;7.76
10941;Carlos Barbosa Oliveira;1.22
545;Evelyn Barbosa Cardoso;7.96
537;Mateus Pinto Fernandes;4.92
3036;Gabriela Oliveira Fernandes;3.11
8398;André Carvalho Araujo;2.95
20702;Julia Cavalcanti Cavalcanti;8.30
15009;Thiago Souza Rodrigues;7.31
7458;Matilde Pinto Martins;5.05
15029;Brenda Barros Pereira;6.35
27116;Alex Alves Araujo;4.24
21339;Murilo Azevedo Castro;0.81
11969;Nicole Pinto Pereira;3.11
18196;André Barros Santos;4.13
8624;Isabelle Gomes Carvalho;2.48
29474;Breno Araujo Cunha;4.63
11257;Guilherme Ferreira Rodrigues;3.63
104;Sofia Barros Castro;0.47
14470;Camila Silva Pereira;4.13
19487;Beatrice Sousa Cunha;5.19
23778;Livia Azevedo Ferreira;9.83
6447;Carolina Cardoso Pinto;3.58
20356;José Correia Sousa;6.96
18192;Enzo Correia Barbosa;7.17
8406;Carlos Martins Azevedo;4.99
28457;Carolina Gomes Fernandes;5.30
12695;Gabrielly Ribeiro Araujo;9.31
17169;Diogo Azevedo Pereira;1.32
3552;Carolina Alves Ribeiro;9.18
5143;Lavinia Martins Silva;5.97
11018;Thiago Ribeiro Ferreira;6.05
14682;Bruna Dias Silva;2.23
10485;Laura Carvalho Rodrigues;2.53
24660;Luiz Carvalho Cardoso;7.57
5488;Tânia Ribeiro Azevedo;8.41
9552;Aline Ribeiro Alves;4.17
9293;Eduarda Barros Cavalcanti;6.54
14729;Gabriela Cardoso Oliveira;7.14
14985;Vinicius Sousa Sousa;0.66
7614;Leila Almeida Cunha;2.86
18680;Igor Melo Dias;6.53
12572;Samuel Rodrigues Fernandes;1.27
12091;Kai Oliveira Oliveira;2.78
17448;Tomás Cardoso Cardoso;6.81
3875;Yasmin Silva Cavalcanti;0.94
27887;Gabrielle Melo Costa;3.16
2702;Lucas Barros Oliveira;4.10
25051;Emily Correia Santos;4.52
23985;Luiz Sousa Rocha;5.17
11686;Julieta Cunha Rodrigues;7.28
5908;Estevan Rocha Oliveira;5.80
8690;Emilly Ferreira Gomes;0.02
10109;Mariana Melo Pinto;5.98
14768;Rafaela Castro Goncalves;2.70
8387;Mariana Lima Correia;2.61
9474;Emily Martins Costa;3.90
15263;José Martins Costa;10.00
13693;Marina Martins Cavalcanti;8.63
15661;Nicolash Martins Sousa;5.77
8321;Giovanna Souza Silva;7.54
2129;Bruno Cunha Azevedo;4.55
18418;Luana Rocha Santos;1.94
10272;Gustavo Pereira Alves;0.98
25840;Joao Martins Ferreira;7.20
25850;Emily Lima Cavalcanti;4.28
14383;Gabriela Rodrigues Rodrigues;3.48
24352;Clara Ribeiro Castro;3.85
27206;Eduarda Cavalcanti Pereira;3.11
17491;Anna Rocha Barros;3.99
13915;Isabelle Martins Sousa;9.97
6699;Cauã Carvalho Rodrigues;0.83
18614;Breno Alves Pereira;4.66
17083;Vitoria Santos Lima;0.59
17274;Kauan Cavalcanti Pinto;1.84
14556;Isabela Souza Cardoso;2.83
16327;Gabrielly Dias Goncalves;3.21
16749;Danilo Pinto Sousa;9.04
17681;Emilly Araujo Gomes;2.88
16724;Julia Azevedo Oliveira;2.01
15801;Ágatha Gomes Castro;7.26
15297;Evelyn Carvalho Cardoso;5.95
28722;Otávio Costa Araujo;8.14
15938;Leonor Fernandes Oliveira;5.15
3287;Emily Correia Melo;5.39
20814;Bruna Barbosa Martins;6.71
26655;Gabrielly Rocha Pereira;0.49
26944;Marcos Barbosa Silva;6.08
463;Julian Gomes Cavalcanti;10.00
7758;Marina Pereira Carvalho;9.60
23614;Pedro Rocha Rodrigues;3.64
2600;Rafael Carvalho Ribeiro;1.54
6161;Rebeca Lima Rodrigues;2.40
11436;Bruno Oliveira Ribeiro;1.98
13566;Diego Correia Cunha;6.60
6282;Leonor Barbosa Martins;4.34
15338;Antônio Oliveira Goncalves;2.90
20014;Luana Santos Ribeiro;3.18
14026;Melissa Costa Barbosa;1.06
12522;Emily Santos Melo;3.27
1948;Eduardo Pinto Pereira;2.87
15123;Tiago Silva Pereira;3.61
20501;Bruno Lima Costa;0.30
27115;Kaua Cunha Dias;5.54
24390;Emilly Sousa Araujo;5.05
15668;Fernanda Araujo Barbosa;9.03
14304;Ágatha Oliveira Barros;8.47
18147;Luana Correia Costa;1.31
1912;Marcos Fernandes Goncalves;6.29
618;Joao Pinto Santos;1.49
27006;Clara Barros Cunha;1.30
26662;Mariana Gomes Silva;2.13
16294;Otávio Carvalho Carvalho;6.96
6038;Thaís Pinto Martins;8.95
18185;Leonor Carvalho Lima;3.38
10545;Cauã Rodrigues Rocha;7.51
24957;Marcos Melo Dias;0.17
6110;José Rodrigues Martins;3.20
15847;Breno Barbosa Santos;6.23
2886;Júlia Correia Castro;4.58
12393;Lara Goncalves Castro;3.54
25113;Victor Cunha Goncalves;2.71
11447;João Fernandes Barros;9.92
3676;Maria Martins Pinto;5.42
12525;Nicolas Goncalves Lima;5.54
26049;Gabriela Azevedo Barbosa;7.27
27748;Tomás Pinto Martins;6.53
26474;José Castro Santos;8.36
22507;Raissa Pinto Dias;4.76
27232;Eduardo Azevedo Dias;6.19
21269;Ana Costa Pinto;1.77
16632;Aline Cunha Gomes;3.07
11197;Kauê Cardoso Santos;2.36
16273;Livia Barros Martins;1.19
27173;Fábio Ribeiro Pereira;2.25
5924;Emilly Costa Silva;8.30
22425;Kai Almeida Cardoso;8.00
19056;Eduardo Santos Melo;0.87
7162;Matilde Alves Martins;6.34
28537;Igor Lima Barbosa;3.08
23061;Vinicius Oliveira Cavalcanti;7.50
16507;Aline Barros Rodrigues;3.77
5003;Luana Oliveira Correia;7.63
27406;Nicole Fernandes Sousa;2.81
9872;Emily Martins Rocha;8.16
22913;Fernanda Cunha Carvalho;8.53
14419;Beatriz Dias Sousa;6.97
11164;Nicole Melo Souza;4.65
27243;Victor Rodrigues Pereira;1.78
7011;Arthur Melo Lima;0.34
16960;Miguel Almeida Ferreira;3.63
25611;Thiago Pereira Gomes;7.56
21292;Daniel Cardoso Rocha;6.25
23383;Samuel Cunha Cardoso;4.06
690;Rodrigo Goncalves Cavalcanti;3.70
29171;Isabelle Cavalcanti Cavalcanti;7.95
20506;Luís Melo Correia;2.34
26988;Carolina Santos Oliveira;6.10
8968;Ryan Cavalcanti Barbosa;5.34
10241;Arthur Azevedo Carvalho;5.68
3282;Carlos Castro Carvalho;1.88
18455;Martim Oliveira Cunha;1.07
3633;Miguel Cavalcanti Correia;0.45
18679;Rafael Pereira Martins;2.13
25244;Eduardo Martins Cavalcanti;4.48
29863;Clara Carvalho Goncalves;6.18
16017;Emilly Goncalves Pereira;8.10
13426;Nicolash Correia Azevedo;1.21
5671;Anna Araujo Rocha;2.87
18554;João Pereira Lima;7.43
9955;Leila Martins Castro;6.19
7052;Mariana Santos Goncalves;0.57
26785;Vitór Dias Castro;5.86
13761;Aline Gomes Barros;7.01
26045;Enzo Cardoso Carvalho;9.28
19616;Kauê Ribeiro Oliveira;6.82
8067;Igor Ferreira Pereira;0.91
11635;Pedro Gomes Santos;4.23
12971;Thaís Pinto Pinto;6.96
1521;Luana Rocha Lima;2.03
22383;Vitória Dias Azevedo;6.71
13914;Ryan Souza Carvalho;9.05
20000;Eduarda Carvalho Costa;6.08
7950;Ágatha Araujo Silva;0.20
27994;Luiza Lima Gomes;3.18
3370;Beatrice Lima Dias;3.31
8434;Sophia Martins Barbosa;2.26
138;Evelyn Dias Correia;4.43
1257;Larissa Costa Sousa;9.68
19059;Marisa Cunha Dias;4.65
18816;Otávio Melo Cunha;9.33
10380;Clara Costa Lima;9.54
25927;Ana Pinto Cardoso;2.22
24979;Lavinia Rocha Barbosa;6.95
25260;Leonardo Rodrigues Lima;6.51
29940;Davi Martins Rodrigues;3.65
21493;Otávio Martins Oliveira;8.09
8995;Gabriela Gomes Pereira;9.00
24470;Gabrielle Carvalho Gomes;6.17
22950;Marisa Rocha Souza;1.85
26930;Bruno Martins Rodrigues;7.15
18149;Kaua Pereira Barros;4.69
9314;José Carvalho Rocha;7.84
18597;Gabrielly Azevedo Cavalcanti;2.34
643;Giovanna Ribeiro Ferreira;6.49
10046;Alex Fernandes Pinto;4.71
1900;Carla Rodrigues Santos;8.26
26372;Guilherme Castro Castro;5.25
3593;Matheus Oliveira Correia;1.28
6624;Thaís Cavalcanti Correia;7.65
21583;José Rodrigues Silva;7.01
27439;Lavinia Cavalcanti Oliveira;3.84
9241;Rodrigo Castro Azevedo;3.95
24961;Martim Silva Cavalcanti;7.93
9176;Diogo Rocha Barbosa;1.31
14696;Thiago Pereira Cunha;3.18
2007;Bianca Cunha Fernandes;7.80
553;Miguel Ferreira Santos;9.38
11866;Laura Pinto Almeida;5.58
546;Rafael Souza Dias;0.70
9501;Carla Costa Barbosa;1.70
21468;Brenda Silva Barbosa;6.66
12071;Evelyn Castro Goncalves;4.25
28800;Joao Goncalves Alves;3.40
8325;Miguel Cunha Goncalves;9.78
7389;Vinícius Lima Ferreira;6.93
11994;Leonardo Fernandes Cavalcanti;2.37
12785;Eduardo Oliveira Melo;8.15
17726;Breno Pereira Correia;0.42
1531;Livia Sousa Dias;6.21
23738;Melissa Sousa Ferreira;9.93
6725;Manuela Goncalves Melo;8.87
26171;Mariana Cunha Silva;7.66
8473;Isabela Cunha Azevedo;4.42
5262;Vitoria Goncalves Alves;3.92
204;Manuela Santos Rocha;5.50
10428;Bruno Sousa Lima;0.27
20586;Rafael Cardoso Pinto;2.80
9687;Tomás Ribeiro Rocha;0.83
21049;Aline Sousa Souza;4.47
25541;Pedro Carvalho Gomes;2.69
18091;Anna Gomes Fernandes;2.76
28802;José Almeida Rodrigues;5.98
25580;Julian Castro Santos;9.36
11701;Nicolas Fernandes Cardoso;2.69
14849;Raissa Sousa Barbosa;0.11
4131;Mateus Lima Cavalcanti;5.87
588;Luis Silva Santos;3.46
10212;Melissa Barros Correia;3.97
468;Alice Rocha Fernandes;5.18
19288;Vitor Carvalho Santos;0.12
22944;Aline Costa Cavalcanti;8.12
6062;Maria Silva Silva;5.10
22069;Lucas Carvalho Ribeiro;1.37
25749;Brenda Costa Alves;8.71
520;Davi Rocha Barros;7.23
2488;Tomás Almeida Martins;2.43
10512;Julian Almeida Araujo;8.21
9630;Miguel Silva Cunha;3.24
19917;Thaís Cavalcanti Almeida;7.34
24690;Leila Oliveira Alves;0.70
19931;Kauê Castro Correia;1.81
4069;Nicole Rodrigues Silva;1.56
16335;Vitória Castro Sousa;4.62
15457;Gabrielle Alves Oliveira;4.90
16390;Alex Santos Barbosa;4.12
2150;Rebeca Martins Lima;5.39
26131;Kauan Costa Rocha;0.01
18368;Laura Carvalho Azevedo;9.41
10588;Vinícius Azevedo Goncalves;7.98
6742;Aline Cardoso Souza;1.01
28024;Thiago Ribeiro Cunha;4.27
4082;Kauan Azevedo Almeida;4.91
15159;Pedro Martins Martins;9.63
3086;Vinícius Castro Martins;4.63
11490;Otávio Ferreira Araujo;3.31
14502;Daniel Rocha Cunha;4.72
1283;Gustavo Pereira Dias;3.94
14590;Renan Cardoso Dias;9.16
28529;Beatriz Cavalcanti Santos;7.46
8628;Raissa Melo Alves;9.46
16227;Nicole Azevedo Azevedo;3.75
10193;Thiago Azevedo Silva;2.56
1598;Carla Alves Rocha;0.68
22048;Larissa Rodrigues Castro;8.22
3250;Leonardo Almeida Carvalho;7.15
6777;Vinicius Rodrigues Carvalho;7.23
20348;João Castro Goncalves;2.41
7472;Nicolas Martins Barros;1.27
19409;Emily Sousa Oliveira;5.76
19552;Miguel Araujo Barros;5.74
28187;Matilde Pinto Costa;2.31
20706;Diogo Sousa Cardoso;9.77
17771;Sophia Ribeiro Costa;7.34
1296;Thaís Silva Pereira;0.88
7196;Brenda Dias Alves;6.41
22113;Diogo Castro Almeida;2.08
5114;Letícia Rocha Cardoso;7.01
27181;Evelyn Cardoso Goncalves;5.83
6097;Luiz Sousa Correia;5.47
28375;Luana Carvalho Goncalves;3.63
14892;Cauã Melo Almeida;9.65
29536;Luís Azevedo Carvalho;2.30
7369;Sophia Araujo Correia;4.05
10488;Breno Cavalcanti Castro;2.03
507;Livia Santos Cavalcanti;4.08
9343;Vitoria Costa Pereira;5.62
8976;Matilde Souza Goncalves;7.19
9379;Mariana Araujo Cavalcanti;7.01
12959;Luis Cardoso Ribeiro;6.36
7589;Kai Rocha Cavalcanti;9.93
3291;Marina Fernandes Barbosa;8.50
17662;Joao Cardoso Ribeiro;6.32
16699;Nicolash Alves Azevedo;8.32
11511;Mateus Almeida Goncalves;8.41
4759;Marisa Silva Cardoso;9.02
2796;João Ribeiro Castro;8.97
19798;Enzo Araujo Barros;5.53
10002;Carla Gomes Santos;2.90
1266;Arthur Almeida Cunha;1.22
24511;Ana Barbosa Azevedo;1.60
956;Thaís Pinto Alves;8.75
10047;Manuela Alves Oliveira;6.87
13;Carolina Barros Rodrigues;7.51
10115;Sophia Rodrigues Ferreira;7.57
25407;Nicolash Costa Correia;7.81
26259;Igor Carvalho Rodrigues;2.97
20279;Carolina Lima Carvalho;2.71
23949;Guilherme Pereira Almeida;7.46
9215;Beatrice Pinto Cardoso;5.18
8334;Sofia Rocha Cunha;9.78
21356;Leonardo Cunha Fernandes;3.97
11526;Tomás Gomes Almeida;9.02
3306;Vitoria Correia Gomes;9.49
26321;Diogo Cardoso Souza;0.50
19992;Maria Barbosa Castro;6.43
28003;Gustavo Castro Araujo;3.07
21980;Larissa Dias Sousa;9.67
9829;Matilde Azevedo Alves;5.17
3198;Tânia Rodrigues Azevedo;1.02
1637;Livia Pinto Pereira;5.58
2250;José Costa Pinto;2.13
9036;Carolina Martins Melo;3.79
19966;Victor Araujo Rodrigues;3.93
20440;Beatrice Rodrigues Gomes;7.84
12998;Giovanna Barros Castro;6.72
21495;Antônio Dias Rocha;4.77
3431;Thiago Pereira Pinto;4.08
6040;Matilde Santos Carvalho;6.00
26734;Luís Souza Dias;2.20
2462;Isabela Melo Oliveira;6.64
12315;Felipe Pereira Dias;7.54
9844;Kauan Dias Martins;0.90
3299;Gabriela Silva Cavalcanti;7.16
15315;Luiza Almeida Azevedo;5.35
5254;Matilde Correia Oliveira;0.59
20881;Luis Rodrigues Pinto;0.49
19235;Matheus Azevedo Melo;2.66
23750;Gabriela Alves Costa;3.91
22028;Leonardo Carvalho Cardoso;7.90
1434;Kaua Oliveira Rocha;9.45
2699;Kauã Rocha Santos;0.33
22516;Sophia Sousa Rodrigues;2.00
24122;Isabella Ribeiro Azevedo;0.54
14816;Brenda Barros Costa;9.21
17260;Fernanda Lima Barros;1.98
28321;Clara Ribeiro Cunha;4.74
26114;Giovanna Ferreira Goncalves;9.04
28921;Ágatha Barros Dias;5.87
1558;Kauã Dias Correia;1.60
17540;Anna Martins Azevedo;7.66
8791;Manuela Souza Cunha;7.07
21801;Lucas Araujo Rodrigues;8.98
6498;Julian Alves Cunha;3.01
852;Pedro Cunha Azevedo;2.72
21906;Laura Cardoso Martins;8.56
7121;Kaua Lima Almeida;2.10
25234;Tomás Alves Costa;1.64
19429;Luis Araujo Almeida;7.68
7916;Beatriz Souza Barbosa;4.09
12140;Isabelle Almeida Melo;7.45
5620;Gabriel Correia Martins;1.25
13105;Tiago Alves Rodrigues;8.94
13305;Eduardo Ribeiro Cunha;2.56
1149;Bruno Azevedo Goncalves;3.26
28642;Arthur Carvalho Carvalho;8.18
29383;Gabriel Pinto Souza;6.33
7293;Gabriela Silva Pinto;3.46
16412;Murilo Santos Ribeiro;9.18
14267;Thaís Souza Lima;4.81
23059;Samuel Lima Souza;4.00
3755;Isabelle Costa Cavalcanti;2.73
13814;Emily Pinto Melo;3.55
24877;Leonardo Barros Goncalves;2.88
5552;Ana Souza Santos;2.39
13352;Kauan Gomes Oliveira;5.13
20940;Martim Barros Souza;9.82
4047;Vitor Ribeiro Melo;8.72
1700;Leonor Gomes Alves;1.94
7349;Livia Pinto Correia;5.12
29791;Carolina Lima Souza;9.82
23632;José Castro Rocha;4.45
14706;Rafael Barros Fernandes;3.91
2327;Vitór Costa Rocha;8.50
26093;Breno Carvalho Ferreira;8.94
8079;Carlos Martins Cavalcanti;3.06
28136;Raissa Santos Castro;2.89
27168;Beatriz Silva Cavalcanti;3.97
1966;Tomás Correia Silva;1.60
20316;Pedro Gomes Oliveira;8.53
9138;Yasmin Barros Pinto;0.02
1788;Julia Melo Cavalcanti;3.33
23442;Martim Rodrigues Barbosa;4.62
12823;Alice Sousa Oliveira;7.63
29458;Nicolas Rocha Dias;2.24
11728;André Melo Cunha;4.94
12519;Emilly Alves Cardoso;2.27
17730;Kauê Sousa Azevedo;9.91
10121;Kaua Almeida Almeida;8.84
20042;Beatriz Barros Pereira;3.52
10411;Kaua Martins Costa;0.82
6961;Leila Castro Rocha;2.27
7452;Marisa Ribeiro Santos;2.92
16525;Bruno Araujo Sousa;6.98
27631;Joao Azevedo Alves;6.16
14882;Bruna Rodrigues Ribeiro;0.23
5839;Kai Silva Barros;8.52
6092;Kauan Rocha Rodrigues;9.34
10718;Júlia Ferreira Azevedo;5.86
9701;Rodrigo Fernandes Martins;4.11
19051;Mariana Ribeiro Cunha;4.51
18999;Mateus Cunha Sousa;1.56
22285;Manuela Silva Carvalho;3.57
7996;Daniel Cunha Araujo;9.80
16165;Douglas Alves Ribeiro;6.17
2300;Júlio Santos Costa;0.53
22866;Erick Goncalves Goncalves;8.11
20821;Emilly Fernandes Ribeiro;6.85
7839;Guilherme Pinto Goncalves;0.19
21023;Victor Silva Barros;2.85
28091;Vitor Alves Barros;3.74
26624;Douglas Santos Costa;8.18
2672;Gabriela Martins Melo;2.33
12845;Vitor Cunha Carvalho;3.67
6198;Isabelle Ferreira Barros;2.79
7781;Guilherme Sousa Castro;2.45
17259;Matheus Almeida Alves;4.56
22206;Joao Costa Ribeiro;5.37
21965;Matilde Ribeiro Azevedo;3.22
14947;Amanda Martins Melo;9.23
25860;Vinicius Costa Cardoso;5.82
29141;Giovanna Rodrigues Ribeiro;8.37
10490;André Alves Oliveira;4.60
22345;Martim Pereira Dias;0.89
23724;Felipe Araujo Almeida;1.99
5709;Tânia Rocha Ribeiro;3.84
2944;Kai Oliveira Carvalho;2.46
5544;Eduarda Santos Gomes;1.11
11666;Kauan Castro Oliveira;4.58
5012;Kauê Alves Ferreira;7.69
4573;Evelyn Gomes Costa;4.85
29215;Leonardo Oliveira Barros;4.40
2257;Eduarda Pinto Martins;4.60
29563;Sarah Araujo Rocha;0.01
124;Marina Correia Rocha;8.47
27251;Mariana Santos Sousa;7.94
4770;Julia Rocha Gomes;1.23
13980;Alex Pinto Lima;7.54
28050;Camila Santos Pinto;6.04
17409;Rafael Cunha Goncalves;9.24
23920;Davi Ribeiro Araujo;5.01
10800;Fernanda Barbosa Rodrigues;9.26
19197;André Castro Almeida;0.66
12201;Rebeca Castro Melo;6.24
29694;Kauã Pereira Ribeiro;7.83
28815;Alice Ribeiro Martins;9.76
20068;Antônio Souza Cardoso;7.30
23450;Rebeca Alves Silva;0.93
3096;Luís Martins Oliveira;3.18
19240;Júlio Goncalves Goncalves;8.56
9819;Isabela Alves Souza;9.90
8749;Marcos Costa Silva;8.29
5496;Joao Melo Castro;8.27
25490;Luis Rocha Araujo;1.47
2743;Otávio Almeida Sousa;1.09
21806;Luís Costa Silva;2.80
29325;Emily Ribeiro Cavalcanti;4.78
26816;Victor Souza Araujo;0.82
28237;Carlos Silva Rocha;5.36
24499;Kauã Castro Alves;9.30
10258;Kauan Fernandes Castro;9.62
4727;Giovanna Santos Araujo;5.03
16292;Mariana Castro Almeida;9.49
5879;Julia Almeida Goncalves;3.87
13407;Lavinia Pereira Silva;6.68
326;Renan Dias Alves;2.36
9250;Manuela Ferreira Rodrigues;8.80
10429;Davi Barbosa Correia;7.72
25605;Júlio Pereira Lima;2.78
22055;Laura Correia Pinto;2.78
8124;Rafaela Goncalves Costa;0.16
19614;Guilherme Dias Cunha;2.45
27085;Laura Cunha Barros;2.21
21021;Luiza Cunha Costa;9.46
18996;Thaís Souza Correia;2.47
17038;Beatriz Oliveira Barros;5.45
14226;Isabella Rodrigues Pinto;6.87
27389;Gabrielly Cavalcanti Souza;7.10
12517;Antônio Cunha Silva;8.91
14283;Gabriela Araujo Cardoso;9.30
10644;Clara Oliveira Souza;0.44
24891;Douglas Barros Santos;3.75
26681;Eduarda Cavalcanti Correia;8.53
2352;Gabriel Alves Dias;6.33
14635;Raissa Ribeiro Costa;10.00
23506;Vitória Silva Fernandes;7.75
12181;Rodrigo Silva Goncalves;9.20
25857;Livia Almeida Dias;8.06
24524;Thaís Gomes Melo;9.95
23486;Aline Araujo Alves;5.15
25774;Alex Gomes Martins;2.88
19702;Luana Araujo Silva;9.80
24332;Otávio Santos Cavalcanti;4.83
674;Beatrice Rocha Araujo;6.52
6503;Gabrielle Dias Gomes;8.15
23022;Ryan Almeida Cardoso;6.39
19361;Enzo Pereira Martins;3.76
17678;Luan Martins Dias;3.37
16836;Luiza Castro Barbosa;0.92
279;Nicolash Barros Rodrigues;1.83
13338;Matilde Correia Cunha;7.15
3415;Julian Barros Carvalho;5.80
22340;Luis Santos Almeida;1.50
16572;Tomás Cunha Silva;0.97
29570;Antônio Goncalves Martins;2.40
24444;Murilo Costa Araujo;7.18
22659;Samuel Castro Cavalcanti;0.96
11606;Isabelle Pinto Correia;8.53
23422;Leila Martins Fernandes;0.08
15287;Cauã Fernandes Sousa;5.62
10660;Gabrielle Araujo Cunha;7.57
23027;Beatriz Santos Dias;2.34
20102;Letícia Araujo Cardoso;2.07
24212;Erick Dias Barbosa;3.73
11159;Marcos Melo Ferreira;2.17
19627;Vitória Araujo Barros;1.05
3170;Giovanna Rocha Silva;4.65
11268;Joao Cavalcanti Carvalho;4.74
8704;Paulo Correia Almeida;1.95
12607;Vinícius Rodrigues Sousa;3.39
10102;Caio Barros Oliveira;1.83
6557;Tomás Alves Correia;8.06
1537;Breno Ribeiro Fernandes;3.07
21942;Gustavo Cunha Ferreira;7.70
26577;Luana Silva Rodrigues;1.71
28429;Leonor Almeida Oliveira;7.54
16189;Rebeca Ferreira Cardoso;4.27
8811;Bruno Oliveira Oliveira;7.83
10589;Thaís Cardoso Pereira;3.79
19513;Caio Almeida Cunha;5.57
445;Luan Pinto Carvalho;8.17
11063;Luiz Costa Barros;4.72
23355;Rafaela Fernandes Pereira;6.04
20173;Ágatha Souza Rodrigues;1.97
12618;Antônio Cardoso Goncalves;0.81
19013;Gabrielle Costa Cardoso;8.64
13069;Carolina Silva Martins;6.34
576;Rebeca Carvalho Silva;3.96
13071;Alice Fernandes Pereira;8.15
24375;Igor Martins Barbosa;6.15
12710;Joao Cavalcanti Azevedo;4.05
13860;Alex Alves Barbosa;4.63
2001;José Rocha Fernandes;3.41
10592;Enzo Gomes Souza;7.83
11871;Vitória Gomes Alves;7.15
7726;Nicole Santos Almeida;9.96
7765;Kaua Pinto Melo;8.50
2853;Julian Silva Castro;8.22
14088;Bruna Carvalho Martins;8.49
7080;Victor Gomes Fernandes;1.30
6614;Marcos Cavalcanti Fernandes;3.50
1334;Eduarda Almeida Silva;0.78
29190;Diego Araujo Ferreira;7.14
8983;Júlio Castro Martins;7.48
12392;Tiago Santos Barros;1.29
5627;Fernanda Pinto Melo;8.70
22985;Ryan Souza Fernandes;7.27
26012;Rafael Rocha Pinto;1.45
5752;Lavinia Lima Lima;8.47
15790;Igor Azevedo Castro;3.69
1335;Sofia Alves Castro;3.61
9953;Livia Barros Cunha;7.14
6955;Mariana Rodrigues Azevedo;2.88
12078;Daniel Gomes Costa;3.09
12591;Samuel Lima Alves;7.78
15635;Arthur Cunha Castro;7.15
18987;Eduardo Barbosa Dias;1.25
23508;Evelyn Almeida Silva;0.57
29006;Luana Oliveira Correia;1.29
9249;Gabriel Barros Rodrigues;4.34
319;Fernanda Correia Barros;5.86
21182;Leila Dias Goncalves;0.46
14049;Brenda Cardoso Barros;3.97
1795;Matheus Rocha Cunha;5.56
11004;Kauan Ribeiro Sousa;9.45
4948;Enzo Almeida Almeida;0.62
4115;Julia Barbosa Barros;5.46
7155;Gabriela Gomes Silva;3.58
24264;Sarah Silva Fernandes;3.90
9937;Gabriela Goncalves Azevedo;9.90
15058;Lavinia Melo Rocha;5.35
6072;Fábio Azevedo Lima;9.57
20516;Gustavo Sousa Sousa;1.35
27275;Cauã Almeida Araujo;2.16
24599;Leila Souza Martins;2.99
11369;Maria Melo Correia;9.42
17386;Rafael Gomes Pereira;0.00
1585;Lucas Rodrigues Martins;5.07
27789;Giovanna Costa Ribeiro;4.04
23859;Rafael Santos Martins;5.75
7646;Fábio Araujo Silva;3.52
6068;Mariana Santos Ferreira;3.37
29609;Bruna Cavalcanti Carvalho;4.60
2343;Guilherme Alves Dias;0.28
8472;Erick Barros Souza;1.82
27964;Lucas Pereira Martins;1.37
21114;Raissa Araujo Barros;1.97
20323;Tânia Lima Cunha;6.54
5145;Mateus Araujo Oliveira;9.90
7253;Fábio Gomes Santos;7.29
1815;Clara Pinto Carvalho;9.48
7796;Arthur Castro Silva;7.19
10129;Leila Santos Barbosa;0.93
5788;Carla Barbosa Correia;4.35
11505;Luis Azevedo Dias;1.71
9524;Otávio Pinto Fernandes;9.73
11946;Leonardo Martins Melo;1.79
26219;Caio Rocha Cavalcanti;3.77
27905;Raissa Fernandes Araujo;9.64
2104;Antônio Cardoso Carvalho;0.36
22342;Pedro Rocha Souza;5.64
15400;Kauã Pereira Rocha;3.09
8310;Lara Dias Azevedo;2.64
6302;Amanda Martins Costa;2.67
6053;Enzo Araujo Barbosa;4.40
29650;Isabela Costa Pinto;7.97
29104;Felipe Oliveira Barros;7.75
13474;Lavinia Castro Cavalcanti;5.64
444;Caio Barbosa Araujo;8.27
12570;Vinícius Lima Lima;3.96
20820;Nicolas Oliveira Pinto;5.57
15428;Tiago Oliveira Castro;8.31
15498;Estevan Pereira Pinto;7.99
22561;Gustavo Almeida Costa;8.50
29965;Lara Azevedo Gomes;8.03
16757;Júlia Martins Santos;5.70
10998;Luiz Pereira Carvalho;6.67
2046;Kauê Barbosa Martins;0.27
20209;Tiago Carvalho Azevedo;2.01
16975;Rafael Martins Martins;3.93
23451;Giovanna Araujo Pinto;4.44
1920;Daniel Dias Silva;2.08
7020;Marina Almeida Sousa;7.79
19581;Diogo Rocha Rodrigues;7.07
14693;Renan Gomes Ribeiro;4.45
3429;Renan Melo Rocha;0.03
21677;Nicolash Melo Cavalcanti;4.37
1171;Júlio Ferreira Ribeiro;7.26
1392;Melissa Carvalho Castro;5.49
5280;Nicolash Rocha Ferreira;7.86
17244;Miguel Barbosa Cardoso;2.75
11821;Lucas Pinto Ribeiro;7.36
26969;Clara Pinto Goncalves;1.39
28676;Luiza Souza Carvalho;2.20
20781;Giovana Martins Lima;4.43
24654;Ryan Silva Fernandes;7.94
997;Vinícius Oliveira Pereira;3.94
13899;Kauê Pinto Silva;0.50
26404;Emily Melo Rodrigues;3.24
9838;Nicolash Castro Pinto;4.61
9618;Lavinia Souza Gomes;7.61
29644;Mariana Rodrigues Cunha;6.31
22402;Renan Rocha Souza;3.99
18690;Brenda Ribeiro Goncalves;6.45
1725;Kauan Correia Costa;9.12
20078;Rebeca Gomes Pereira;8.81
17238;Carolina Pereira Alves;6.60
29720;Tânia Rocha Oliveira;5.69
8489;Isabella Barbosa Ferreira;9.28
12138;Leila Ribeiro Rodrigues;2.04
23301;Clara Cavalcanti Pereira;8.59
9317;Antônio Araujo Barbosa;1.01
17246;Luís Carvalho Pinto;4.45
22204;Marina Martins Cardoso;8.12
2429;Nicole Gomes Carvalho;2.29
9670;Emily Cunha Santos;8.21
1414;Raissa Melo Almeida;7.85
19295;Camila Pereira Barbosa;4.66
28096;Vitór Sousa Ribeiro;3.42
13177;Tânia Melo Pereira;3.56
29462;Leonor Ferreira Fernandes;9.47
26120;Cauã Gomes Oliveira;2.26
29542;Murilo Ferreira Goncalves;5.76
6556;Tomás Castro Fernandes;4.62
882;Nicole Sousa Cunha;0.70
24789;Erick Cunha Silva;4.91
15687;Erick Almeida Correia;7.93
7017;Laura Cunha Lima;7.75
3763;Vitória Araujo Costa;7.20
27729;Douglas Cunha Rocha;3.61
2862;Tomás Rocha Alves;2.46
4818;Mariana Dias Dias;0.86
29361;Gustavo Pereira Cavalcanti;2.29
6902;Kauan Santos Dias;1.21
22102;Maria Ribeiro Lima;9.35
8083;Marcos Barbosa Rocha;2.58
4205;Rodrigo Lima Santos;7.39
24379;Amanda Sousa Ferreira;9.24
10639;Pedro Castro Pinto;2.87
18949;Marcos Carvalho Cavalcanti;3.94
8137;Gabriela Oliveira Barbosa;1.81
22238;Tiago Ribeiro Castro;4.62
27132;Fernanda Pinto Silva;6.47
15391;Vitoria Oliveira Barros;7.05
23840;Brenda Almeida Ferreira;6.01
12335;Eduarda Carvalho Cavalcanti;4.97
8903;Carla Melo Cunha;6.76
10758;Breno Barros Correia;4.35
4399;Miguel Souza Melo;3.99
25249;Diego Rocha Silva;6.91
5111;Luís Silva Lima;6.25
14731;Vinicius Sousa Correia;0.06
21797;Sophia Araujo Pinto;7.53
19031;Leonor Azevedo Rodrigues;3.40
13009;Giovana Oliveira Pereira;9.48
19256;Bruna Barbosa Fernandes;6.60
22106;Luís Pinto Costa;7.45
4443;Julieta Rocha Barros;2.82
28253;Fernanda Martins Alves;5.24
7673;Livia Rodrigues Goncalves;5.86
24708;Beatrice Pereira Azevedo;0.75
28186;Luiza Barros Ribeiro;4.40
2717;Carlos Fernandes Fernandes;1.74
28635;Marisa Souza Lima;0.06
21963;Renan Cunha Azevedo;3.33
19580;Mariana Cardoso Martins;4.04
13482;Vinícius Cardoso Fernandes;2.41
17093;Douglas Pinto Cunha;8.59
17785;Alex Pinto Fernandes;3.74
16367;Nicole Rodrigues Cardoso;7.57
2507;Maria Castro Gomes;0.85
5676;Tânia Santos Almeida;6.17
11111;Tomás Santos Barros;3.74
2494;Marisa Martins Silva;5.58
6132;Luis Goncalves Barbosa;3.43
16830;Mateus Ribeiro Pinto;8.30
6303;Amanda Barbosa Azevedo;5.19
6783;Bruna Oliveira Lima;5.89
5578;Renan Martins Cavalcanti;3.47
3197;Luiz Melo Almeida;6.51
9005;Bruno Martins Santos;1.09
13922;Fernanda Almeida Gomes;6.16
27971;Enzo Correia Goncalves;4.51
4041;Anna Souza Santos;2.51
15624;Davi Souza Martins;5.98
6371;Erick Oliveira Gomes;2.84
11353;Evelyn Santos Costa;5.72
20122;Raissa Araujo Carvalho;9.14
15998;Isabelle Azevedo Gomes;6.09
16255;Matilde Pinto Almeida;5.31
1987;Giovana Costa Alves;7.95
20991;Enzo Gomes Castro;1.43
10655;Igor Sousa Ribeiro;4.84
18200;Mateus Correia Santos;5.65
7440;Melissa Oliveira Melo;7.06
1268;Rafaela Barbosa Oliveira;5.15
7630;Thiago Azevedo Dias;9.48
27075;Manuela Goncalves Oliveira;9.71
29302;Vitória Martins Araujo;7.99
18959;Mateus Castro Oliveira;1.73
26565;Beatrice Azevedo Cardoso;1.52
24471;Lara Ferreira Pinto;3.88
7527;Isabella Barbosa Castro;1.87
7134;Samuel Ferreira Silva;1.73
26422;Ágatha Pinto Cunha;8.39
13797;Vitoria Melo Cavalcanti;0.56
12443;Carolina Dias Melo;1.85
17095;Luan Goncalves Costa;8.83
13978;Raissa Ferreira Azevedo;9.09
21047;Aline Silva Souza;7.03
16842;Kai Ferreira Ribeiro;7.81
11577;Livia Cardoso Ribeiro;0.70
13136;Giovana Costa Oliveira;1.38
1282;Kaua Silva Cardoso;2.09
13900;Letícia Melo Almeida;5.47
18226;José Gomes Pereira;8.80
18236;Caio Cunha Ferreira;2.39
21891;Danilo Pereira Dias;1.85
144;Júlia Gomes Oliveira;5.38
11750;Marina Goncalves Martins;9.07
8776;Gustavo Gomes Dias;0.38
21853;Luís Fernandes Dias;8.40
11906;Pedro Melo Souza;6.27
5494;Rafaela Cavalcanti Barros;2.83
17717;Isabella Ribeiro Ribeiro;7.46
4541;Matilde Araujo Souza;0.69
15100;Gabriel Araujo Ferreira;8.49
1486;Diego Souza Dias;6.87
15198;Daniel Barros Cavalcanti;2.00
24876;Nicole Cunha Dias;1.52
7029;Fernanda Oliveira Martins;5.51
8442;Diogo Costa Pereira;1.33
21775;Tomás Carvalho Castro;7.26
17153;Alex Cavalcanti Pereira;4.85
8419;Erick Correia Cunha;5.86
6432;Isabella Silva Pinto;8.19
8101;Luiz Oliveira Oliveira;3.48
9722;Sophia Lima Cunha;6.39
28222;Lavinia Martins Ribeiro;5.91
10500;Marisa Pereira Cunha;2.86
17110;Gustavo Sousa Fernandes;5.95
23786;Giovanna Azevedo Barros;6.01
6862;Luis Alves Pinto;1.59
22059;Daniel Silva Souza;0.03
212;Luis Lima Fernandes;2.46
19638;Melissa Rocha Lima;3.23
18105;Carlos Dias Silva;7.78
8017;Raissa Araujo Ferreira;7.40
11032;Murilo Cavalcanti Barbosa;3.84
287;Rafaela Gomes Oliveira;6.39
11060;Cauã Cavalcanti Cavalcanti;1.23
9833;Gustavo Goncalves Barbosa;3.00
27009;Thiago Ferreira Castro;1.81
20621;Cauã Correia Barbosa;9.38
27237;Lavinia Goncalves Dias;6.45
24743;Gabriel Goncalves Silva;7.25
789;Tânia Fernandes Araujo;2.81
17325;Marisa Cunha Goncalves;7.43
5048;Carlos Carvalho Rocha;2.59
6641;Mariana Melo Melo;3.49
1860;Amanda Cardoso Costa;6.21
1880;Ágatha Azevedo Alves;7.29
17419;Eduardo Azevedo Pereira;5.02
3557;Julia Carvalho Almeida;9.25
26698;Julia Barbosa Sousa;7.88
18859;Livia Costa Castro;3.95
11903;André Pereira Azevedo;4.72
9245;Otávio Almeida Gomes;1.14
4599;Thaís Alves Pinto;4.29
19617;Vitoria Cardoso Sousa;6.88
28543;Vitória Goncalves Castro;7.17
25636;Leonor Cardoso Araujo;2.95
2027;Melissa Cunha Oliveira;2.12
28744;Estevan Carvalho Barbosa;8.16
2210;Leila Azevedo Souza;2.37
10275;Isabella Pereira Ribeiro;9.13
24987;Douglas Costa Dias;7.83
24739;Igor Sousa Ferreira;7.23
25768;Luana Melo Sousa;1.19
1119;Alice Gomes Pinto;0.20
11856;Igor Martins Cardoso;7.70
27965;Bianca Pereira Barros;1.33
12220;Paulo Dias Dias;5.61
8527;Ana Cavalcanti Silva;3.27
17524;Giovana Costa Oliveira;5.38
22905;Lucas Souza Pinto;8.32
3670;Livia Azevedo Melo;6.27
16113;Eduardo Sousa Fernandes;6.23
14964;Melissa Oliveira Cardoso;0.78
8874;Tiago Martins Silva;9.46
15332;Luiza Rodrigues Alves;2.83
17360;Breno Cavalcanti Fernandes;0.12
28845;Alex Rocha Souza;8.09
7571;Arthur Santos Oliveira;2.71
18281;Letícia Castro Correia;8.18
23775;Fábio Cavalcanti Melo;6.16
23964;Eduardo Barros Oliveira;0.93
28995;Lucas Ferreira Ferreira;1.72
24871;Sofia Sousa Gomes;8.58
11275;Rafaela Correia Costa;0.21
6509;Matheus Santos Pereira;7.04
9880;Tomás Lima Souza;7.38
7484;Thaís Oliveira Carvalho;3.35
21084;Felipe Santos Barbosa;7.49
25170;Marisa Dias Silva;7.08
25922;Julieta Ribeiro Sousa;3.12
3835;Leonardo Cardoso Oliveira;5.63
28731;José Rocha Rodrigues;5.73
24377;Sofia Oliveira Castro;3.55
24966;Kauan Pereira Melo;8.79
9167;Carla Oliveira Cardoso;4.76
6621;Bruno Cardoso Azevedo;5.29
8519;Bianca Pereira Azevedo;2.81
19895;Arthur Araujo Castro;8.29
15224;Tânia Cunha Azevedo;3.85
25859;Guilherme Oliveira Martins;4.89
19778;André Rocha Cavalcanti;3.91
23079;Guilherme Cunha Azevedo;9.64
24279;Antônio Pereira Cavalcanti;4.77
2266;Luiz Rocha Gomes;7.64
19455;Kauê Silva Santos;7.99
21593;João Rocha Melo;2.90
28390;Diogo Dias Martins;2.68
8102;Vitória Almeida Alves;1.43
5661;Vinícius Oliveira Costa;8.23
8350;Anna Cardoso Santos;9.03
19234;Gabriela Goncalves Silva;1.85
25658;Matilde Barbosa Alves;9.61
23267;Nicolash Ribeiro Goncalves;8.50
3590;Carolina Oliveira Dias;1.46
5718;Letícia Pinto Ribeiro;8.85
16163;Luan Souza Costa;8.53
21987;Eduardo Sousa Gomes;7.07
29993;Júlia Silva Cardoso;2.11
6985;Anna Santos Azevedo;3.27
872;Vinícius Barbosa Rocha;7.25
9705;Arthur Pinto Pereira;8.55
17755;Sarah Costa Rocha;7.00
14204;Arthur Castro Cunha;4.89
26355;Lavinia Ribeiro Carvalho;0.95
17194;Beatriz Sousa Rocha;8.48
15914;Vitória Ferreira Costa;4.51
27966;Larissa Alves Costa;6.88
9903;José Ferreira Dias;3.55
14368;Giovanna Lima Oliveira;7.24
10379;Guilherme Castro Souza;5.89
29989;Giovanna Cunha Ribeiro;4.54
25567;Martim Melo Fernandes;6.43
4739;Ana Barbosa Costa;0.66
15924;Gabriel Goncalves Carvalho;8.75
23576;Maria Silva Goncalves;6.91
25993;Julian Melo Dias;1.89
25992;Luana Lima Souza;8.52
4177;Leila Lima Costa;2.68
12120;Camila Oliveira Alves;1.62
17757;Laura Carvalho Araujo;5.06
15358;Davi Azevedo Santos;0.01
29270;Lara Pinto Fernandes;3.82
18651;Joao Rodrigues Melo;9.40
20602;Mateus Silva Cunha;7.44
12838;Kaua Azevedo Oliveira;3.92
20736;Gustavo Castro Oliveira;3.57
19859;Sarah Souza Cardoso;0.25
14817;Emilly Almeida Santos;9.38
25612;Matheus Alves Rocha;8.67
22986;Murilo Azevedo Silva;9.44
5753;Manuela Almeida Rodrigues;1.30
3453;Daniel Azevedo Lima;9.32
15502;Otávio Rodrigues Pereira;4.50
15143;Antônio Cunha Sousa;9.00
24084;Isabella Cardoso Melo;7.58
4842;Fábio Melo Goncalves;6.55
18703;Matilde Cavalcanti Goncalves;4.35
18986;Beatriz Oliveira Alves;8.93
20458;Rafaela Melo Cunha;0.53
3141;Camila Lima Martins;6.39
5730;Beatrice Gomes Cavalcanti;4.44
5630;Clara Correia Pereira;0.41
16529;Eduarda Ribeiro Fernandes;2.56
13053;Giovana Goncalves Correia;5.27
18612;Gabrielly Rodrigues Barbosa;3.51
7321;Anna Castro Sousa;2.16
12045;Nicolas Alves Castro;4.88
5198;Camila Cunha Martins;8.42
7735;Bruna Azevedo Almeida;0.24
25757;Estevan Oliveira Cardoso;0.45
23232;Beatriz Azevedo Santos;1.29
15185;Joao Barros Sousa;7.34
1648;Renan Almeida Ribeiro;6.50
14094;Renan Gomes Ferreira;6.53
21591;Gabriel Goncalves Pereira;9.44
13795;Renan Barbosa Lima;1.54
27758;Diego Gomes Fernandes;3.93
26454;Vitór Melo Cardoso;4.04
1322;Luis Cavalcanti Pereira;5.05
18499;Ryan Azevedo Lima;5.47
7943;Vinícius Cunha Fernandes;5.01
21320;Gabrielly Lima Cavalcanti;6.89
4922;Davi Martins Costa;7.11
16443;Evelyn Barros Santos;7.81
26746;Mateus Araujo Pinto;5.36
15858;Joao Barros Carvalho;5.79
470;Julian Correia Cavalcanti;0.43
24416;André Carvalho Correia;1.75
21935;Bianca Cardoso Azevedo;7.71
27663;Vitor Martins Martins;2.00
18932;Julieta Sousa Cunha;1.58
12980;Eduarda Barbosa Pinto;0.07
14667;Larissa Cunha Gomes;8.76
7761;Ana Oliveira Santos;3.75
17267;Luana Martins Castro;4.93
28659;Lavinia Silva Alves;9.61
3467;Gabrielly Barbosa Rocha;3.55
256;Fernanda Sousa Melo;0.65
26394;Vitória Santos Rodrigues;3.17
23047;Ryan Ferreira Costa;9.76
15791;Letícia Lima Costa;8.05
16470;Larissa Lima Correia;0.47
14428;Ryan Souza Araujo;4.53
1857;Kai Oliveira Pinto;8.83
8614;Rebeca Sousa Cavalcanti;7.38
29549;Douglas Goncalves Goncalves;6.08
22932;Renan Barbosa Oliveira;4.39
6825;Murilo Silva Alves;1.94
18423;Miguel Lima Gomes;7.93
28357;Nicole Alves Pinto;2.83
12403;Matilde Rodrigues Ferreira;8.80
6045;Vitor Santos Lima;1.58
13545;Bruno Pinto Rocha;3.00
7912;Alice Castro Rocha;9.31
2299;Gabrielle Lima Costa;1.95
21804;Lucas Castro Araujo;8.95
10077;Beatrice Dias Pinto;3.48
19357;Carolina Correia Martins;3.83
25822;Victor Ribeiro Castro;7.95
11672;José Correia Rodrigues;9.72
23542;Matilde Azevedo Cavalcanti;9.21
7053;Emilly Melo Barros;5.72
7470;Anna Lima Dias;2.91
23722;Enzo Goncalves Goncalves;0.28
15241;Caio Melo Ribeiro;4.46
12960;Isabella Correia Barros;9.51
26337;Nicolas Pinto Cavalcanti;7.98
12077;Mateus Almeida Cavalcanti;0.24
13192;Kauan Pereira Gomes;8.66
25020;Douglas Silva Ribeiro;9.69
10476;Luiza Melo Carvalho;9.92
19300;Luís Alves Souza;9.93
14913;Júlio Souza Pereira;1.88
16786;Luana Pinto Pereira;4.18
4318;Emilly Correia Goncalves;7.39
14339;Luis Costa Alves;8.20
1077;Julieta Goncalves Cavalcanti;2.26
29594;Fernanda Castro Pereira;3.41
26540;Melissa Souza Pinto;4.32
16450;Diogo Santos Silva;5.67
10813;Eduarda Santos Alves;6.56
3209;Rafaela Gomes Azevedo;7.53
2000;Brenda Barros Rodrigues;4.86
15477;Marisa Gomes Souza;5.80
28313;Vitoria Goncalves Ribeiro;4.35
13148;Victor Barros Fernandes;3.55
3862;Tomás Cardoso Azevedo;3.36
4332;Bruno Barbosa Lima;9.58
11973;Carla Araujo Cavalcanti;5.49
7209;Gabriela Souza Oliveira;2.51
22652;André Barbosa Fernandes;3.79
19632;Vinícius Dias Barbosa;7.07
17598;Leonor Santos Sousa;1.28
27153;Victor Silva Gomes;7.68
26362;Luana Correia Fernandes;2.96
17225;Danilo Correia Almeida;1.30
29800;Breno Fernandes Fernandes;6.16
25132;Ryan Barros Cavalcanti;6.04
26076;Júlio Gomes Barbosa;8.15
18285;Matheus Azevedo Barros;1.34
14023;Amanda Barbosa Silva;9.62
21202;Samuel Rodrigues Castro;7.08
12062;Luana Carvalho Sousa;1.58
1356;Alex Goncalves Souza;7.77
7057;Isabella Rocha Carvalho;6.07
4223;Kauê Almeida Cardoso;2.19
22116;Igor Cardoso Cardoso;8.39
27199;Alice Azevedo Sousa;4.96
3401;Júlio Costa Correia;3.92
17131;Lavinia Dias Pereira;4.43
6478;Júlio Barbosa Sousa;6.67
28221;Gabrielly Oliveira Pereira;0.35
19534;Gabrielle Souza Pinto;2.03
6508;Emily Lima Pereira;0.20
15150;Lucas Correia Santos;6.66
4478;Clara Azevedo Costa;2.82
2181;Letícia Barros Melo;8.09
24565;Matheus Melo Costa;9.32
7887;Beatriz Ribeiro Alves;9.26
23287;Mateus Alves Almeida;5.37
5551;Emilly Barros Cunha;6.31
11347;Luana Martins Gomes;3.72
28994;Yasmin Barbosa Cunha;8.33
9032;Fábio Carvalho Ribeiro;1.37
16855;Luis Carvalho Oliveira;8.97
26837;Nicole Costa Pinto;8.19
19985;Mateus Castro Martins;7.22
10556;Marina Araujo Cunha;8.92
19773;Rafaela Almeida Goncalves;7.93
26555;Emily Dias Ferreira;4.69
11291;Marcos Carvalho Pinto;4.85
28023;Carolina Pinto Sousa;6.31
26964;Camila Azevedo Barbosa;7.44
18204;André Alves Santos;3.31
4923;Luan Rodrigues Pereira;7.44
28201;Amanda Cavalcanti Cardoso;4.92
6561;Sofia Carvalho Alves;8.04
6492;Laura Rodrigues Santos;5.93
27169;Evelyn Alves Azevedo;3.18
8763;Kai Pinto Santos;7.72
20599;Kaua Oliveira Correia;3.90
23692;Lara Castro Souza;8.11
18357;Luis Azevedo Cavalcanti;9.31
15696;Thaís Alves Fernandes;2.20
14705;Pedro Cardoso Carvalho;1.19
16396;Thaís Correia Rocha;3.89
25536;Kauan Barbosa Rocha;6.87
6408;Manuela Cunha Cardoso;5.11
4339;Sarah Ferreira Gomes;7.01
277;Carla Santos Santos;1.55
21957;Alice Cardoso Almeida;6.92
7351;Camila Sousa Rodrigues;5.73
7662;Vitória Carvalho Lima;2.79
21955;Gabrielly Ferreira Costa;7.28
11168;Kauan Silva Sousa;3.68
27546;Victor Silva Fernandes;0.50
7447;Marisa Cardoso Sousa;7.52
19016;Júlio Oliveira Silva;3.74
23861;Beatriz Azevedo Ferreira;3.34
3020;Eduardo Castro Rocha;9.70
1430;Thaís Pereira Souza;1.02
3809;Vitoria Oliveira Carvalho;5.12
3869;Bruno Araujo Silva;5.73
24382;João Araujo Cunha;0.93
14075;Isabela Pinto Castro;3.36
24364;Fernanda Barbosa Correia;6.95
23387;José Carvalho Ferreira;3.94
4313;Bruna Santos Rodrigues;2.56
11575;Eduardo Costa Martins;0.44
1668;Joao Santos Cavalcanti;9.47
24715;Cauã Carvalho Cavalcanti;9.49
5204;Nicole Martins Pinto;1.76
20249;Livia Oliveira Costa;7.28
29936;Camila Araujo Ferreira;7.93
27719;Sarah Lima Rodrigues;0.10
29921;Anna Castro Barros;4.75
3724;Julia Cardoso Gomes;8.97
14377;Amanda Barbosa Souza;2.71
16587;Lavinia Pinto Melo;2.25
13432;Ryan Castro Dias;1.66
5411;Leonor Castro Melo;5.74
9239;Vinicius Azevedo Dias;1.33
7563;Caio Sousa Barbosa;1.54
14601;Lucas Rocha Rocha;1.23
17744;Lara Lima Rocha;5.48
12245;Thiago Araujo Rodrigues;5.78
5509;Camila Barros Sousa;4.49
19558;Samuel Barros Fernandes;7.96
25869;Clara Ribeiro Barbosa;5.33
7754;Diego Araujo Correia;6.99
5950;Fernanda Almeida Ferreira;7.30
23365;Sarah Alves Souza;0.11
9244;Manuela Lima Almeida;2.59
5122;Giovanna Dias Almeida;5.18
26194;Nicolas Rodrigues Ribeiro;9.60
7197;Tiago Castro Almeida;1.70
2122;Enzo Costa Alves;2.05
26001;Brenda Silva Dias;9.88
29016;Paulo Almeida Barbosa;6.34
29492;Sarah Melo Costa;0.54
27656;Carla Rodrigues Lima;2.47
21946;Livia Silva Azevedo;4.47
4165;Joao Azevedo Pereira;8.15
5572;Vitoria Gomes Santos;9.12
18706;Letícia Melo Alves;2.31
17875;Daniel Goncalves Carvalho;7.99
11703;Breno Pereira Pinto;4.93
14779;Gabrielly Lima Pereira;2.35
22035;Anna Oliveira Goncalves;4.61
13698;Melissa Rocha Castro;5.99
15620;Breno Barros Araujo;6.66
5023;Lavinia Alves Fernandes;3.72
18184;Gabrielly Cunha Rocha;9.29
25088;Leonor Barbosa Melo;5.53
20431;Julia Pinto Silva;8.10
20443;Letícia Fernandes Martins;0.62
9350;Vinícius Gomes Melo;0.11
12937;Brenda Cavalcanti Barros;0.70
8524;Victor Goncalves Fernandes;3.00
27908;Isabella Silva Martins;4.48
8532;Sophia Cavalcanti Cavalcanti;3.75
25559;Vitória Silva Correia;1.86
1389;Joao Pereira Santos;5.65
23816;Lucas Melo Barbosa;7.89
13174;Estevan Oliveira Gomes;9.05
12895;Thaís Goncalves Araujo;1.88
27117;Otávio Souza Rocha;8.61
1517;Sophia Azevedo Sousa;1.46
27254;Guilherme Costa Cunha;0.05
5665;Breno Alves Carvalho;8.86
20334;Matilde Pereira Goncalves;4.96
1804;Gabriela Dias Dias;1.58
28651;André Ribeiro Correia;3.10
20140;Kauã Sousa Pinto;7.22
4098;Lavinia Lima Ferreira;4.16
2337;Manuela Rocha Costa;8.66
9712;Gabrielly Dias Sousa;9.64
4220;Manuela Ferreira Cavalcanti;5.12
15096;Lucas Lima Sousa;5.84
22008;Isabelle Alves Cunha;9.64
1658;Maria Carvalho Alves;0.25
16929;Luan Cardoso Araujo;1.28
16998;Evelyn Pinto Ribeiro;1.40
11995;Thiago Alves Costa;7.50
29527;Diego Correia Souza;9.01
23804;Kai Azevedo Azevedo;0.69
25375;Thiago Oliveira Azevedo;5.86
7123;Luis Ribeiro Souza;4.06
8513;Ryan Martins Ferreira;5.17
25239;Kaua Goncalves Correia;2.20
24880;Aline Sousa Barros;4.26
7973;Mariana Sousa Castro;9.75
18023;Kauê Fernandes Carvalho;5.69
15374;Fernanda Oliveira Cunha;3.28
503;Antônio Santos Alves;4.35
13957;Leila Silva Azevedo;9.87
26527;Emily Martins Araujo;5.45
16261;Eduarda Sousa Melo;2.98
5678;Leila Costa Melo;0.00
23904;Camila Araujo Costa;5.17
12878;Breno Ribeiro Costa;0.59
2924;Mariana Souza Cardoso;1.53
15160;Luis Pinto Barros;4.04
28209;Ryan Melo Pinto;2.87
7396;Sarah Alves Silva;5.92
2701;Anna Melo Carvalho;0.87
5503;Arthur Almeida Goncalves;2.65
5518;Yasmin Pinto Cardoso;6.22
22199;Fábio Goncalves Silva;2.41
4457;Isabelle Martins Pereira;1.03
7097;Felipe Castro Cunha;6.61
26027;Martim Silva Rodrigues;0.92
390;Vitor Pinto Ferreira;8.87
24340;Anna Cardoso Castro;3.62
28225;Júlia Azevedo Lima;0.29
8381;Emily Carvalho Alves;0.18
13845;Aline Santos Pinto;3.21
17792;Martim Castro Rodrigues;8.85
25599;Rafael Cavalcanti Castro;7.58
25462;Arthur Araujo Silva;2.33
13423;Matheus Silva Goncalves;5.08
29017;Pedro Santos Cunha;1.34
15892;Ryan Goncalves Melo;9.57
5697;Vitór Pereira Alves;6.62
5994;Felipe Rocha Araujo;8.36
3030;Luan Pereira Carvalho;2.18
18365;Sophia Pinto Ferreira;6.36
16893;Luiza Cavalcanti Cardoso;7.29
8993;Beatrice Costa Pinto;5.42
26117;Yasmin Gomes Barbosa;0.98
24166;Alice Pereira Oliveira;1.46
28589;Lavinia Carvalho Santos;6.79
13746;Melissa Dias Castro;9.51
25959;Sophia Ferreira Araujo;5.95
4674;José Melo Rodrigues;3.94
14653;Camila Cardoso Cunha;7.33
24078;Beatrice Melo Souza;4.10
16122;Marisa Azevedo Goncalves;7.19
3608;Bianca Dias Santos;8.62
3579;Sophia Alves Ferreira;6.11
1448;Vinícius Goncalves Alves;0.22
21757;Cauã Rodrigues Dias;1.28
22567;Lucas Barros Araujo;9.27
9476;Matilde Lima Ferreira;3.00
19950;Rodrigo Cavalcanti Melo;9.51
27287;Ana Fernandes Cavalcanti;9.36
8965;Otávio Carvalho Ribeiro;0.90
9143;Kauan Barbosa Carvalho;9.88
17250;Guilherme Rodrigues Ribeiro;2.65
4694;Isabella Silva Souza;9.77
13322;Arthur Barros Oliveira;8.20
6704;Vitor Costa Cunha;4.73
10566;Aline Correia Souza;7.19
21046;Joao Melo Costa;3.41
17643;Erick Gomes Cavalcanti;4.66
10921;Lucas Carvalho Martins;4.07
28245;Julieta Lima Ferreira;0.68
213;Isabela Rodrigues Carvalho;5.64
4305;Sofia Souza Martins;3.83
28628;Brenda Costa Oliveira;2.35
24527;Julieta Dias Castro;9.33
9990;Marina Fernandes Araujo;3.90
7634;Davi Dias Castro;6.60
7435;Brenda Barros Pinto;5.51
753;Luana Santos Lima;4.02
3472;Luiza Rodrigues Rodrigues;8.64
4576;Laura Rocha Cavalcanti;9.54
8047;Leonardo Ferreira Castro;3.84
21508;Fábio Carvalho Alves;4.76
10632;Lara Carvalho Oliveira;1.07
13969;Marisa Oliveira Barbosa;2.43
5742;Emily Dias Sousa;9.19
15439;Otávio Castro Costa;3.85
3725;Otávio Barros Ribeiro;3.95
23202;Bruna Azevedo Oliveira;9.40
29431;Sarah Oliveira Rocha;8.45
11103;Vinícius Goncalves Almeida;8.01
24801;Sarah Cunha Cunha;0.81
13889;Amanda Costa Melo;2.50
13998;Clara Azevedo Silva;7.77
9478;Lara Costa Cavalcanti;8.12
5156;Kaua Gomes Castro;3.85
29440;Arthur Silva Souza;4.98
23733;Leila Carvalho Barbosa;7.78
6237;Kaua Pinto Rodrigues;5.77
7358;Alex Martins Fernandes;3.00
15107;Mariana Souza Rodrigues;8.56
13103;Thaís Souza Santos;8.22
7565;Rebeca Lima Pereira;3.71
2450;Martim Goncalves Araujo;0.01
26196;Douglas Rodrigues Cavalcanti;5.05
25635;Vitoria Gomes Azevedo;2.44
29097;Yasmin Cavalcanti Cavalcanti;1.02
27601;Marisa Gomes Araujo;9.65
9355;Evelyn Melo Azevedo;0.48
28974;Estevan Dias Almeida;3.06
24735;Luis Pereira Oliveira;4.18
6306;Davi Martins Lima;8.16
21377;Kai Santos Rodrigues;1.10
13217;Rafael Gomes Santos;8.30
24383;Lara Ribeiro Castro;9.28
7327;Luana Cardoso Barros;2.04
28277;Vitór Oliveira Araujo;0.12
7945;Marisa Almeida Cavalcanti;5.87
3352;Rebeca Sousa Rodrigues;5.00
221;Kauan Lima Cunha;4.83
5989;Isabella Souza Araujo;8.97
9699;Isabela Almeida Ribeiro;5.52
938;Bruna Santos Rocha;4.80
16953;Gabrielly Silva Oliveira;2.87
16162;Ana Oliveira Rocha;4.26
12496;Mateus Azevedo Cunha;5.43
17558;Eduardo Melo Silva;8.50
1666;Raissa Costa Ribeiro;4.96
7968;Kauã Lima Almeida;9.16
15483;Breno Dias Oliveira;6.62
19281;Matilde Cardoso Cavalcanti;8.64
11538;Leonor Lima Ribeiro;2.24
20227;Marisa Pereira Souza;5.14
14066;Melissa Rocha Cavalcanti;1.41
29557;Nicolas Carvalho Azevedo;4.82
8418;Alex Costa Almeida;8.48
1028;Melissa Barbosa Rocha;5.15
12398;Larissa Araujo Melo;8.55
9472;Ana Rocha Pinto;8.78
28077;Davi Goncalves Barbosa;4.75
29883;Estevan Melo Melo;0.01
22411;Sarah Lima Barbosa;4.16
1597;Luiz Dias Lima;4.61
28455;Mariana Cardoso Ribeiro;9.80
10745;Matheus Cunha Castro;7.62
14346;Lara Goncalves Martins;8.42
10848;Raissa Santos Barbosa;0.51
26419;Beatrice Carvalho Carvalho;0.24
8948;Leonor Costa Alves;2.70
18303;Ana Cunha Pinto;1.12
3855;Erick Carvalho Goncalves;3.33
27938;Kauê Correia Lima;4.77
8951;Camila Rocha Cavalcanti;3.18
22414;Antônio Souza Gomes;4.84
16971;Fernanda Carvalho Costa;3.74
24522;Gabriel Barros Barbosa;6.40
906;Breno Barbosa Azevedo;5.09
17806;Gabriela Alves Barbosa;4.42
28299;Aline Ferreira Cavalcanti;2.60
8959;Nicole Rocha Cavalcanti;3.93
3138;José Barros Martins;9.58
26188;Carlos Rodrigues Castro;7.53
26418;Giovanna Correia Correia;4.50
25047;Beatrice Lima Ferreira;4.77
6393;Julia Rodrigues Pereira;4.16
14583;Nicolas Correia Ribeiro;6.53
22916;Paulo Araujo Azevedo;9.31
21851;Isabella Carvalho Lima;7.86
19599;Alice Santos Rocha;2.90
10602;Kai Pinto Barros;0.66
20199;Caio Martins Pereira;9.11
24262;Otávio Sousa Dias;1.44
24434;Ryan Carvalho Rodrigues;1.35
12766;Gabriel Goncalves Oliveira;5.49
8927;Caio Oliveira Dias;1.37
19163;Emilly Alves Martins;2.00
8339;Enzo Ferreira Dias;9.35
19625;Kaua Silva Melo;4.37
12066;Melissa Melo Almeida;4.59
10397;Luiza Araujo Cunha;0.31
26784;Matilde Dias Rodrigues;5.73
10151;Melissa Dias Almeida;3.83
15768;Felipe Oliveira Cardoso;4.57
6130;Isabelle Barros Ferreira;2.43
12369;Vitór Santos Dias;8.99
22243;Leonardo Cunha Rocha;8.17
19707;Julian Souza Goncalves;7.69
16242;Raissa Carvalho Azevedo;6.98
2348;Sophia Goncalves Lima;3.36
10422;Giovanna Santos Pinto;0.60
26686;Julia Ferreira Castro;2.05
13242;Gabriela Rodrigues Cavalcanti;3.06
15370;Isabelle Oliveira Rodrigues;3.77
511;Joao Souza Barros;2.39
4160;Bruno Correia Gomes;1.73
24978;Mariana Araujo Rocha;1.84
28082;Guilherme Pereira Melo;5.85
29420;Gabrielly Correia Dias;4.25
12717;Letícia Santos Pinto;9.21
18622;Júlio Gomes Silva;8.56
18412;Melissa Barbosa Ribeiro;3.66
24855;Livia Silva Pereira;2.12
14261;João Castro Almeida;1.02
20772;Kaua Ribeiro Sousa;1.60
16661;Livia Araujo Dias;1.06
14396;Gabrielle Oliveira Cardoso;8.65
7297;Fábio Ribeiro Gomes;4.11
2186;Otávio Pinto Barros;7.64
3977;Isabelle Goncalves Barbosa;5.65
12347;Bruna Ferreira Ribeiro;2.05
7393;Emilly Santos Barros;8.89
4142;Raissa Araujo Cavalcanti;7.42
4870;Pedro Pinto Cavalcanti;7.23
19843;Breno Gomes Costa;1.24
176;Gabrielly Costa Azevedo;6.57
24062;Thaís Rocha Pinto;6.85
24833;Júlia Silva Correia;9.30
11274;Murilo Martins Castro;7.12
2556;Rafael Ferreira Barbosa;3.85
5101;Kauan Ribeiro Cardoso;1.77
23176;Giovanna Costa Goncalves;9.95
6279;Aline Carvalho Goncalves;3.15
13967;Luiz Rodrigues Sousa;4.70
26281;Aline Castro Pinto;3.77
21848;Luana Rocha Alves;1.52
17092;Vitoria Barbosa Castro;9.28
9200;Letícia Almeida Fernandes;1.56
7717;Giovana Gomes Melo;4.45
20843;Davi Cavalcanti Pinto;0.65
7004;Kauã Azevedo Correia;0.21
5597;Fábio Almeida Azevedo;6.88
26508;Emilly Cardoso Castro;3.91
2078;Gabriel Ferreira Alves;4.31
21035;Kauã Cavalcanti Santos;6.05
20281;Yasmin Cunha Azevedo;3.82
14977;Douglas Lima Gomes;6.58
2020;Júlio Pinto Oliveira;5.10
21055;Alice Fernandes Melo;0.86
5008;Tânia Fernandes Cunha;3.63
8110;Tânia Goncalves Santos;1.93
11748;Guilherme Oliveira Araujo;8.48
8834;Nicolash Silva Rodrigues;0.34
9596;Renan Ribeiro Rodrigues;9.68
26917;Julieta Barros Fernandes;6.96
28826;Guilherme Correia Barros;7.43
2794;Vinícius Costa Pinto;9.66
9760;Diego Cavalcanti Ribeiro;2.72
11711;Leila Oliveira Martins;7.35
26234;Breno Gomes Correia;5.40
4831;Luiza Barros Costa;4.73
26029;Fábio Cunha Rocha;3.85
15557;Manuela Cunha Rodrigues;1.84
22689;Luís Ferreira Santos;3.62
8659;Danilo Rodrigues Barros;5.95
3992;Eduarda Castro Sousa;8.83
10009;Samuel Azevedo Araujo;1.12
21466;Beatrice Araujo Carvalho;2.37
8660;Laura Rodrigues Lima;8.22
12981;Antônio Castro Cardoso;0.92
7114;Júlia Sousa Santos;3.30
25760;Kauã Alves Dias;9.91
29745;Leonor Barbosa Souza;0.62
21263;Yasmin Lima Azevedo;7.20
22531;Raissa Martins Cardoso;7.35
3624;Brenda Martins Almeida;9.62
6079;Daniel Almeida Araujo;6.26
19149;Vitoria Melo Gomes;4.30
18748;Camila Rodrigues Martins;8.41
9892;Sophia Cavalcanti Oliveira;3.03
21854;Sarah Cardoso Santos;0.99
8114;Joao Dias Cavalcanti;6.95
26710;Júlia Cavalcanti Fernandes;0.90
4828;Tomás Gomes Barros;7.26
8497;Kauã Ribeiro Melo;9.71
10332;Sofia Alves Oliveira;3.17
9248;Luís Sousa Costa;5.24
2559;Julian Goncalves Rodrigues;7.91
9412;Fábio Almeida Dias;3.59
7035;Isabela Souza Sousa;2.68
17455;Paulo Cunha Castro;2.47
339;Letícia Almeida Almeida;7.35
16186;Lavinia Carvalho Correia;5.52
28980;Julia Rocha Martins;3.10
1332;Maria Rodrigues Lima;1.71
17331;Luis Almeida Costa;0.22
3094;Amanda Pinto Pinto;6.66
22983;Guilherme Oliveira Fernandes;9.03
22392;Diogo Barros Carvalho;6.17
11951;Lara Barbosa Araujo;5.04
24404;Vitória Goncalves Oliveira;9.90
10044;Evelyn Azevedo Santos;5.97
7834;Kai Cunha Cunha;3.63
29414;Davi Azevedo Santos;6.12
23854;José Goncalves Pereira;4.00
22666;Victor Correia Silva;3.37
8021;Alice Melo Barros;4.15
11554;Gabriela Pereira Cardoso;5.76
17921;Marcos Carvalho Alves;0.75
11702;Alex Rocha Sousa;5.73
18627;Gabriela Cavalcanti Pereira;0.56
23000;Murilo Melo Cardoso;7.55
6687;Kauã Martins Martins;2.33
6635;Aline Rodrigues Ribeiro;3.05
9975;Giovanna Rocha Araujo;5.84
26046;Leila Costa Castro;4.47
14659;Evelyn Silva Ferreira;6.94
16045;Fábio Souza Pereira;9.14
5892;José Correia Correia;3.66
19224;Júlia Martins Silva;9.30
12163;Bruna Goncalves Martins;3.70
27121;Tomás Carvalho Martins;9.94
5009;Sophia Alves Ribeiro;0.56
24558;Isabella Santos Melo;1.73
10663;Tiago Barbosa Cardoso;1.39
1833;Luana Pereira Rodrigues;3.85
16419;Letícia Castro Carvalho;4.08
25378;Yasmin Barbosa Costa;6.23
1655;Alice Cavalcanti Sousa;9.62
25200;Cauã Correia Ribeiro;0.85
28623;Isabela Martins Dias;1.96
20964;Luís Gomes Cavalcanti;7.63
18107;Sophia Cavalcanti Costa;1.74
14599;Antônio Barbosa Ferreira;5.55
16167;Vitór Carvalho Melo;9.76
21824;Anna Cunha Barbosa;2.05
14487;Julieta Gomes Rocha;1.97
11961;João Cunha Pinto;1.60
26502;Leonor Goncalves Barbosa;1.76
21443;Rafael Sousa Correia;3.56
7213;Matheus Pereira Oliveira;5.39
4844;Kauã Castro Goncalves;7.53
10912;Larissa Correia Alves;5.43
20949;Maria Martins Dias;7.80
16854;Erick Dias Cardoso;6.92
5255;Thiago Alves Ribeiro;4.58
6905;Mariana Rodrigues Araujo;0.08
8217;Vitoria Gomes Almeida;5.99
21079;Otávio Souza Rodrigues;0.92
21121;Julieta Goncalves Rodrigues;4.49
12166;Fernanda Melo Correia;5.45
15430;Nicolas Correia Correia;2.36
17837;Bruno Oliveira Dias;6.64
18243;Vitor Pinto Cunha;1.21
6135;Erick Cavalcanti Dias;1.42
2537;Beatrice Souza Azevedo;9.23
29632;Kauê Fernandes Castro;7.24
13661;Giovanna Barbosa Fernandes;1.48
16545;Rafael Barros Barros;1.92
12267;Marina Silva Santos;5.09
2722;Maria Sousa Rocha;0.37
12242;Diogo Cunha Barbosa;9.06
26667;Fernanda Souza Silva;0.70
18944;Mateus Cunha Carvalho;9.47
25271;Lavinia Barbosa Rodrigues;2.41
3129;Pedro Ribeiro Correia;7.44
15389;Manuela Melo Gomes;6.18
27706;Douglas Costa Alves;7.29
19404;Bruno Castro Melo;4.56
5600;Diego Araujo Rodrigues;1.03
5732;Emilly Rodrigues Oliveira;4.49
16329;Rodrigo Araujo Fernandes;9.94
17174;Douglas Silva Melo;8.05
13375;Gabrielly Oliveira Correia;1.89
15423;Kauê Sousa Goncalves;6.16
4920;Amanda Cardoso Pereira;5.98
12867;Kauan Pereira Pinto;1.60
21156;Matilde Cavalcanti Barbosa;3.62
6300;Bruno Silva Castro;7.84
25008;Manuela Barros Ferreira;2.22
20748;Anna Ferreira Costa;8.78
17741;Marcos Araujo Barbosa;8.30
17475;Nicolash Pereira Araujo;2.09
22436;Arthur Azevedo Gomes;3.93
25554;Vitória Souza Carvalho;3.45
1407;Estevan Melo Silva;7.05
17824;Luana Martins Fernandes;0.13
15012;Carla Sousa Fernandes;1.21
24424;Kaua Ferreira Castro;9.30
24008;Gabrielly Fernandes Rodrigues;5.18
27272;Brenda Fernandes Melo;9.90
22748;José Martins Fernandes;2.55
20946;Emily Cunha Martins;9.88
9578;Isabela Souza Souza;6.77
17523;Giovana Barbosa Ribeiro;3.13
11299;Felipe Lima Carvalho;6.46
15002;Isabela Carvalho Cavalcanti;9.33
26303;Tiago Pereira Ferreira;4.94
9185;Marina Cavalcanti Santos;5.93
24556;Diogo Ribeiro Costa;6.47
532;Samuel Araujo Santos;9.56
4864;Alice Fernandes Rocha;4.54
8745;Vitór Santos Rocha;9.63
21705;Sofia Costa Oliveira;2.87
12928;Vitór Goncalves Alves;5.99
20007;Kauã Carvalho Cavalcanti;5.02
4657;Danilo Azevedo Cardoso;6.56
19098;Emily Cunha Carvalho;3.91
20354;Davi Oliveira Araujo;2.66
23286;Luiza Lima Sousa;7.61
28925;Leonardo Rocha Carvalho;7.93
20631;Eduarda Goncalves Almeida;3.34
26736;Victor Cunha Azevedo;8.43
13055;Ágatha Goncalves Gomes;2.46
25526;Bianca Barros Carvalho;6.94
17310;Evelyn Almeida Cardoso;8.35
7130;Diogo Carvalho Pereira;0.42
18598;Tânia Rocha Correia;3.94
15217;Vinicius Dias Lima;1.51
3744;Joao Pereira Rodrigues;5.75
15633;Melissa Gomes Azevedo;5.98
10477;Fábio Sousa Cunha;6.67
22539;Paulo Oliveira Alves;1.97
15896;Raissa Barbosa Correia;5.62
5827;Giovana Pinto Silva;4.97
27613;Kauan Almeida Carvalho;9.55
11371;Cauã Lima Correia;4.56
26095;Otávio Goncalves Silva;8.90
3123;Luan Dias Ribeiro;5.46
18289;Sofia Fernandes Fernandes;3.25
27304;Vinicius Goncalves Goncalves;5.46
14213;Giovana Martins Martins;4.42
6093;Rebeca Correia Alves;0.35
16441;Clara Rocha Martins;5.23
20715;Carla Melo Pinto;3.18
29483;Kauan Pinto Correia;0.39
24945;Tomás Costa Rodrigues;6.93
2034;André Araujo Ferreira;5.33
28905;Kauê Costa Alves;7.51
10328;Laura Rodrigues Araujo;5.29
778;Maria Rodrigues Costa;8.57
11525;Daniel Oliveira Araujo;1.49
4216;Igor Azevedo Castro;1.81
15219;Evelyn Oliveira Araujo;6.06
14762;Gabrielly Sousa Silva;3.39
8610;Gabrielle Fernandes Alves;9.37
14671;Tomás Dias Araujo;7.38
26766;Fábio Cavalcanti Azevedo;2.48
27591;Felipe Rocha Correia;7.19
11823;Luiz Pinto Ribeiro;3.58
6779;Tomás Martins Oliveira;8.95
10276;Gustavo Lima Rodrigues;0.87
20274;Carla Dias Almeida;3.55
11850;Victor Pinto Araujo;7.12
8656;Thaís Pinto Gomes;8.33
20427;Julieta Sousa Ferreira;4.69
7395;Marisa Barros Rodrigues;9.17
20696;Rebeca Fernandes Azevedo;5.28
2155;Maria Cardoso Araujo;0.14
19566;Carla Pereira Carvalho;7.37
3707;Leila Correia Lima;3.38
1285;Mariana Souza Gomes;6.48
24412;Rafaela Almeida Santos;9.63
14802;Luiza Castro Alves;0.03
16079;Matheus Almeida Correia;2.93
20478;Diogo Araujo Silva;8.79
16538;Júlia Melo Pinto;8.93
13023;Isabella Rodrigues Pinto;1.15
11227;Larissa Santos Silva;1.20
3991;Emilly Oliveira Sousa;1.96
3527;Erick Araujo Goncalves;0.85
15044;Júlio Ferreira Rodrigues;9.35
4164;Letícia Oliveira Gomes;5.80
12939;Estevan Barros Pinto;7.25
16351;Lara Souza Alves;0.18
1264;João Cardoso Santos;3.39
22341;Ágatha Carvalho Almeida;5.30
4491;Davi Souza Pereira;0.70
1642;Leonor Alves Carvalho;0.14
13699;Julia Rodrigues Cunha;4.37
15443;Caio Rodrigues Goncalves;6.38
29723;Melissa Carvalho Ferreira;5.18
16741;Fernanda Almeida Oliveira;5.77
19226;Clara Cunha Santos;4.17
14262;Joao Martins Cunha;5.19
2666;Kaua Rodrigues Correia;4.28
4684;Julian Martins Barros;5.12
1140;Rodrigo Cardoso Barros;2.47
18466;Diego Oliveira Ferreira;5.09
24915;Livia Melo Santos;0.57
7372;Bruno Silva Alves;1.47
16921;Nicolas Carvalho Costa;1.84
27448;Ryan Correia Cardoso;6.84
10164;Kaua Barbosa Cardoso;7.66
9825;Joao Dias Costa;1.25
18719;Fernanda Azevedo Pereira;0.82
2969;Lucas Souza Martins;0.11
24642;Diogo Barros Cardoso;4.19
1394;Tiago Ferreira Rodrigues;9.93
4961;Guilherme Goncalves Pinto;0.36
6524;Larissa Carvalho Pereira;7.61
29252;Carla Correia Lima;0.26
1267;Gabrielly Santos Ribeiro;5.54
7719;Manuela Pinto Goncalves;7.44
6670;Rafael Martins Goncalves;4.40
13470;Eduardo Carvalho Carvalho;0.65
13112;Gabrielle Alves Cavalcanti;7.53
20771;Eduarda Alves Pereira;0.69
23053;Daniel Melo Barros;1.28
3602;Sarah Azevedo Barbosa;7.43
29241;Otávio Rocha Dias;6.80
12564;Giovanna Pereira Costa;5.64
22769;Ágatha Oliveira Costa;2.19
21100;Rodrigo Cavalcanti Lima;4.83
3097;Bianca Costa Pereira;5.30
10983;Ryan Fernandes Ferreira;3.21
19158;Sarah Ferreira Gomes;9.36
21038;Eduarda Pereira Barbosa;5.65
4338;Rafael Cunha Azevedo;9.82
14128;Laura Barros Rodrigues;3.65
219;Samuel Araujo Cardoso;8.33
13416;Bianca Costa Azevedo;2.36
23443;Murilo Oliveira Correia;0.11
19139;Thaís Dias Barros;5.66
1347;Murilo Barros Almeida;8.42
11980;Erick Correia Costa;2.55
10291;Matilde Barros Rodrigues;6.29
17923;Yasmin Sousa Oliveira;0.74
28452;Diego Sousa Sousa;2.91
6081;Nicole Carvalho Costa;2.66
22734;Breno Melo Araujo;8.23
14160;Caio Gomes Costa;3.97
24732;Felipe Barbosa Almeida;3.98
2425;Matilde Dias Rodrigues;8.69
10899;Matheus Cunha Rocha;0.80
8907;Samuel Rodrigues Oliveira;6.57
28671;Gabrielly Alves Cunha;8.48
1610;Rafaela Almeida Cunha;3.07
26680;Felipe Azevedo Alves;9.82
15335;Rafael Cavalcanti Oliveira;7.09
8393;Leonor Lima Souza;9.71
1845;Isabela Pinto Correia;5.87
20340;Luís Ribeiro Rocha;4.69
21235;Kauê Azevedo Cavalcanti;5.76
23950;Diego Correia Martins;6.71
3213;Samuel Cardoso Fernandes;5.81
14169;André Alves Castro;0.51
25894;Rodrigo Correia Pinto;9.62
18416;Alex Cunha Rodrigues;1.16
5959;Erick Goncalves Souza;8.08
15795;Leonor Rodrigues Costa;0.54
28998;Eduardo Barros Ribeiro;0.73
10064;Bruna Azevedo Barbosa;7.50
10567;Thiago Pinto Cavalcanti;3.87
11341;Pedro Rodrigues Sousa;6.84
822;Luiza Pinto Rodrigues;2.05
8181;Guilherme Barbosa Cavalcanti;2.64
18274;Marisa Barros Gomes;5.52
9968;Gustavo Dias Fernandes;8.28
27831;Tiago Araujo Melo;3.13
21578;Giovana Gomes Oliveira;9.76
1736;Felipe Sousa Rodrigues;5.22
14459;Brenda Pinto Sousa;3.31
4452;Breno Rocha Azevedo;3.24
8565;Guilherme Pereira Ferreira;7.76
21249;André Rocha Santos;9.42
5229;Davi Lima Goncalves;5.82
1398;Emilly Correia Rocha;6.10
9199;Arthur Cardoso Fernandes;5.84
4995;Julia Castro Sousa;4.50
1663;Leonor Ribeiro Correia;3.43
10352;Lara Martins Ribeiro;3.00
7617;Livia Martins Cunha;6.24
295;Emily Oliveira Costa;6.43
17735;Matheus Oliveira Pinto;0.22
15874;Kai Oliveira Oliveira;5.85
26625;Marina Costa Barros;7.34
13007;Igor Carvalho Rodrigues;2.38
5237;Rodrigo Araujo Castro;0.36
26007;Rafaela Santos Souza;5.73
9714;Renan Santos Fernandes;5.00
6160;Emily Pinto Barbosa;8.44
11309;Isabela Barros Ribeiro;1.58
2682;Gabrielly Castro Ferreira;4.31
2015;Yasmin Costa Ferreira;3.83
12777;Gabriel Pinto Cunha;3.47
13604;Estevan Costa Barros;8.04
16268;Isabelle Martins Dias;2.92
10595;Nicolas Oliveira Azevedo;5.57
25202;Nicolash Goncalves Cavalcanti;4.40
25178;Isabelle Castro Correia;0.62
18880;Antônio Cavalcanti Correia;7.71
21707;Carolina Ferreira Azevedo;1.66
18964;Giovana Costa Lima;8.95
331;Lavinia Santos Correia;6.84
4333;Vitor Castro Dias;8.09
21936;Luís Dias Azevedo;1.46
342;Douglas Araujo Sousa;9.86
669;Igor Oliveira Souza;4.18
15097;Marisa Ribeiro Ferreira;7.95
24286;Isabella Barbosa Dias;7.46
8568;André Cavalcanti Lima;6.02
14434;Julian Santos Ribeiro;8.82
20189;Danilo Santos Ribeiro;6.75
21524;Lara Azevedo Castro;5.85
11409;Gustavo Ribeiro Rodrigues;8.19
12452;Murilo Gomes Araujo;0.44
11145;Eduardo Castro Almeida;1.16
26572;Caio Oliveira Rocha;3.66
12921;Vitória Santos Almeida;9.31
20917;Larissa Lima Correia;8.28
22824;Livia Pinto Castro;9.23
3623;Ana Lima Pinto;6.57
24129;Isabella Lima Ferreira;3.98
82;Marcos Cardoso Dias;4.48
6458;Melissa Martins Castro;3.62
27735;Nicolash Melo Melo;3.20
832;Carla Sousa Pereira;5.95
21662;Ana Pinto Barbosa;7.05
29724;Livia Goncalves Cavalcanti;1.96
14679;Alex Souza Barros;0.07
28173;Bianca Melo Castro;6.96
23481;Eduardo Rodrigues Oliveira;6.28
19813;Lucas Dias Carvalho;5.24
5091;Estevan Pinto Santos;2.05
20040;Sophia Barbosa Silva;1.85
12997;Tânia Carvalho Dias;1.73
26223;Bruno Sousa Lima;9.95
5659;Giovanna Almeida Araujo;4.36
12936;Alice Barros Azevedo;2.84
24683;Kauê Barros Martins;2.88
3348;Isabella Rocha Almeida;9.74
2312;Rafaela Lima Ribeiro;0.19
13776;Bruno Ribeiro Gomes;3.83
7962;Luis Barros Barbosa;1.99
15253;Kai Rocha Castro;8.10
5033;Lavinia Almeida Ribeiro;5.22
17239;Murilo Castro Melo;4.60
29857;Enzo Rodrigues Araujo;1.08
3109;Vitória Azevedo Ferreira;1.46
12483;Ágatha Cunha Oliveira;5.87
26761;Marisa Cardoso Carvalho;1.51
4901;Julia Almeida Fernandes;2.07
24992;Rafaela Sousa Ribeiro;6.02
23673;Yasmin Santos Pinto;8.88
11260;Amanda Barbosa Souza;5.29
20261;Beatriz Correia Goncalves;9.12
17465;Bruno Sousa Oliveira;3.12
28705;Eduarda Ferreira Lima;6.16
13597;André Ferreira Martins;5.55
13973;Kaua Rodrigues Ribeiro;0.08
888;Thaís Cunha Martins;2.57
2455;Lavinia Lima Barbosa;9.32
359;Luana Rocha Gomes;2.59
9733;Julieta Silva Cardoso;5.48
19390;Larissa Alves Gomes;6.04
25394;Gabrielly Pinto Pereira;8.85
7737;Emily Martins Cavalcanti;2.50
1453;Brenda Rodrigues Pereira;3.25
10637;Leonor Azevedo Castro;3.03
7696;Leonor Carvalho Correia;3.16
28367;Murilo Pereira Dias;6.06
12022;Letícia Castro Cardoso;2.25
23544;Nicolas Azevedo Dias;8.29
19104;Amanda Dias Oliveira;6.35
28149;Júlia Cavalcanti Cardoso;5.08
20193;Bianca Rocha Lima;2.85
12774;José Azevedo Martins;5.34
11292;Nicolas Pinto Santos;9.98
22251;Bruna Rodrigues Fernandes;7.06
24438;Erick Cunha Barbosa;5.36
22664;Daniel Souza Pinto;0.53
29763;Vitor Barbosa Lima;8.88
8142;Eduarda Pereira Pereira;6.39
16816;Beatriz Goncalves Ribeiro;5.39
11509;Marisa Correia Santos;4.66
20319;Beatrice Melo Correia;6.08
8427;Livia Araujo Costa;8.24
13557;Bruno Araujo Barros;2.67
22423;Gabrielle Rocha Souza;7.28
11602;Thaís Barbosa Goncalves;3.01
22882;Thaís Ferreira Alves;1.59
16203;Nicolas Correia Alves;1.00
15033;Mariana Gomes Barros;2.20
14274;Renan Ribeiro Cavalcanti;8.09
23440;Carolina Fernandes Ferreira;4.57
21629;Bruna Costa Cardoso;4.75
20053;Marcos Cavalcanti Barros;1.16
15594;Rafaela Correia Azevedo;2.53
29860;Mariana Pinto Fernandes;2.88
17657;Júlio Gomes Cavalcanti;2.74
3973;Lara Barbosa Almeida;3.00
13051;Renan Rocha Martins;5.68
1374;Fernanda Lima Correia;0.99
17656;Kai Carvalho Barbosa;9.41
10137;Sarah Fernandes Fernandes;7.05
5564;Daniel Cavalcanti Carvalho;7.62
3605;Paulo Pinto Ferreira;0.14
11877;Kauê Goncalves Sousa;3.82
6948;Mariana Rocha Souza;1.47
3111;Samuel Araujo Azevedo;6.82
16718;Leila Goncalves Carvalho;0.93
63;Luiz Rodrigues Castro;0.57
4306;Tiago Castro Ferreira;3.16
17025;Julieta Sousa Lima;5.26
11634;Igor Ferreira Pereira;1.53
12464;Clara Fernandes Castro;2.83
3960;Breno Barros Cavalcanti;3.37
25929;Lavinia Lima Santos;0.19
3626;Mariana Barros Fernandes;4.49
8964;Larissa Correia Barros;1.56
12989;Enzo Pereira Pinto;9.48
6780;Joao Silva Cavalcanti;8.93
26700;Raissa Fernandes Azevedo;5.45
3417;Victor Ribeiro Fernandes;3.17
22155;André Correia Santos;8.68
20039;Anna Ribeiro Pereira;7.41
12638;Samuel Alves Almeida;0.78
12200;Gabriela Alves Cardoso;8.53
4874;Marina Cunha Alves;3.17
20585;Kauê Araujo Goncalves;1.39
21541;Julieta Almeida Rodrigues;8.44
1142;Pedro Cavalcanti Oliveira;2.47
23728;Gabrielly Cardoso Carvalho;8.15
9945;Diego Rodrigues Almeida;5.34
16915;Beatriz Goncalves Goncalves;4.82
17889;Davi Ribeiro Castro;7.53
22875;Emilly Oliveira Barbosa;5.94
18761;Paulo Costa Ferreira;3.38
21455;Antônio Martins Araujo;1.62
10541;Livia Pereira Goncalves;7.20
3961;Gabrielly Sousa Lima;7.85
5914;Tiago Pereira Alves;5.28
17574;Livia Oliveira Melo;6.10
20757;Kai Cunha Almeida;7.15
6254;Leonardo Alves Costa;9.25
5341;Daniel Castro Dias;4.08
10968;Vitória Lima Oliveira;2.85
13249;Rebeca Oliveira Castro;7.39
7585;Carlos Lima Fernandes;2.24
293;Igor Araujo Gomes;1.00
11900;Melissa Souza Alves;2.20
22637;Bruno Melo Azevedo;9.31
2072;Pedro Castro Martins;3.58
28947;Julia Almeida Martins;9.67
17179;Enzo Ferreira Cunha;3.78
20899;Kauê Martins Cunha;5.23
11714;Paulo Correia Gomes;3.25
5260;Felipe Pinto Carvalho;7.15
10480;Carla Carvalho Lima;6.76
4539;Kai Costa Pinto;9.31
12581;Sophia Castro Almeida;4.65
9334;Alice Dias Martins;5.17
8781;Vinicius Ferreira Martins;4.66
27762;Ana Barros Martins;6.34
20129;Fernanda Goncalves Pereira;9.97
11484;Camila Ribeiro Silva;7.73
19307;Luiza Martins Sousa;3.60
28715;Guilherme Ferreira Santos;8.16
24758;André Azevedo Costa;1.39
25901;Tomás Lima Cardoso;0.68
14471;Giovana Rodrigues Barros;6.37
1014;Giovanna Ribeiro Cunha;8.80
23803;Lucas Gomes Rodrigues;0.77
8117;Kauê Cunha Rodrigues;3.07
26200;Melissa Rocha Barros;0.87
24034;Vinicius Oliveira Ferreira;0.97
29002;Igor Pinto Ribeiro;5.82
8470;Letícia Santos Pinto;9.61
29365;Beatrice Barbosa Cunha;5.61
4471;Enzo Rodrigues Alves;0.72
886;Nicolas Gomes Ferreira;6.25
970;Vitoria Gomes Goncalves;0.61
19123;Gustavo Rodrigues Alves;0.10
958;Isabelle Almeida Araujo;6.15
13735;Alice Barbosa Martins;3.63
8405;Paulo Rocha Pinto;3.65
4076;Bianca Fernandes Silva;0.49
2422;Rafaela Santos Araujo;3.24
3039;Evelyn Cardoso Costa;3.53
776;Vitor Gomes Cavalcanti;2.64
8323;Kauã Cardoso Pereira;7.84
5769;Mateus Correia Goncalves;6.71
2958;Anna Carvalho Castro;2.63
28945;Laura Rocha Cardoso;0.28
14182;Erick Silva Rocha;1.25
2100;Sofia Fernandes Carvalho;7.94
13691;Bruna Araujo Dias;1.38
9006;Beatrice Ferreira Rocha;9.57
5860;Alex Silva Santos;6.44
5409;João Lima Araujo;0.27
26696;Eduarda Rocha Pereira;1.55
22987;Mateus Oliveira Pinto;8.11
1916;Gustavo Rodrigues Oliveira;8.92
8175;Thaís Santos Rocha;9.79
8377;Aline Cunha Cunha;4.96
16565;Matheus Gomes Santos;1.65
4737;Fábio Barros Melo;1.28
22239;Miguel Cunha Lima;1.52
20764;Diego Fernandes Correia;4.42
25175;Luís Castro Carvalho;2.46
20318;Luis Sousa Ribeiro;7.85
26021;Rafaela Alves Rocha;6.88
24885;Bruna Pinto Melo;7.06
28304;Marisa Almeida Rodrigues;7.64
16907;Cauã Alves Cavalcanti;9.40
22374;Victor Ribeiro Lima;3.83
24755;Diogo Melo Pereira;7.04
28648;André Cardoso Fernandes;5.16
28490;Luiz Rocha Castro;8.72
15369;Vitor Rocha Ribeiro;0.88
18193;Carlos Rocha Cardoso;4.69
24867;Nicolash Barros Gomes;1.30
24244;Carlos Costa Barbosa;4.36
29096;Bianca Sousa Melo;7.64
4342;Mateus Alves Castro;2.99
15003;Fábio Pinto Rocha;1.93
5591;Aline Oliveira Oliveira;7.43
11785;Matilde Costa Almeida;2.21
6274;Ryan Barbosa Melo;1.79
3151;Antônio Barbosa Ribeiro;5.13
21390;Tânia Goncalves Rodrigues;6.30
15114;Sarah Cavalcanti Barros;6.66
3546;Daniel Carvalho Alves;1.60
7048;Lavinia Costa Barros;7.25
21551;Emilly Fernandes Oliveira;4.69
12000;Laura Cunha Goncalves;0.12
27751;Evelyn Barbosa Cavalcanti;5.09
17043;Gabriel Fernandes Melo;3.27
2831;Nicole Pereira Pereira;9.52
16316;Rodrigo Cunha Rocha;2.74
7238;Luiza Pereira Cavalcanti;6.44
18624;Daniel Pereira Santos;4.16
22326;Matheus Cavalcanti Cavalcanti;4.19
28317;Laura Ferreira Cavalcanti;5.71
14713;Breno Ferreira Fernandes;0.04
7583;Douglas Azevedo Cunha;0.49
28572;Alice Pinto Rodrigues;5.60
9139;Estevan Fernandes Martins;9.57
19887;Aline Melo Correia;5.87
25471;Tânia Gomes Pereira;6.25
7149;Rafaela Rodrigues Cardoso;6.67
28632;Luiz Souza Azevedo;5.27
8386;Leila Rodrigues Dias;5.70
13083;Matilde Santos Barbosa;1.62
23655;Davi Souza Ferreira;1.86
1696;Fábio Melo Cavalcanti;4.46
11759;José Souza Costa;9.12
14388;Bianca Barros Gomes;4.85
22195;Luís Pereira Pinto;3.91
2471;Fernanda Rodrigues Rodrigues;3.42
15999;Isabella Fernandes Goncalves;8.35
13864;Isabelle Rocha Santos;0.24
18674;Guilherme Ribeiro Almeida;5.17
4341;Murilo Araujo Barbosa;8.15
6773;Daniel Sousa Correia;6.39
4821;Luiz Santos Silva;8.34
1510;Enzo Araujo Goncalves;8.57
1578;Martim Oliveira Gomes;5.58
3822;Sophia Pereira Goncalves;6.09
19086;Leonardo Correia Goncalves;0.79
28080;Julia Goncalves Dias;1.96
16145;Vinicius Azevedo Fernandes;7.62
24693;Laura Ferreira Goncalves;6.41
1260;Aline Goncalves Fernandes;8.63
18726;Arthur Cardoso Cunha;2.00
10266;Daniel Sousa Martins;8.40
18836;Otávio Alves Melo;8.50
17337;Kauã Cardoso Sousa;2.96
4062;Luana Ferreira Sousa;0.51
17822;Isabela Goncalves Ribeiro;0.59
20916;Diogo Ferreira Souza;5.43
11717;Gabrielly Silva Gomes;0.36
16238;Brenda Silva Silva;8.17
21796;Douglas Cardoso Lima;8.95
27632;Caio Dias Pereira;8.10
6506;Emily Correia Silva;5.76
4955;Vitór Cunha Ribeiro;2.74
28944;Diego Barros Rocha;4.64
16878;Bianca Correia Costa;2.59
10507;Kauan Goncalves Cardoso;1.69
23259;Bruna Pinto Costa;2.87
9921;Luana Cavalcanti Ribeiro;8.88
27525;Luiz Castro Azevedo;6.24
19057;Gabriela Alves Barros;2.35
16350;Camila Pinto Dias;9.51
27732;Julia Castro Barbosa;4.80
21525;José Martins Martins;0.84
13307;Aline Rodrigues Fernandes;8.41
20386;Arthur Melo Santos;4.75
19450;Guilherme Santos Fernandes;8.13
29980;Eduarda Almeida Correia;5.58
14606;Enzo Martins Cardoso;1.89
6429;Otávio Santos Araujo;3.70
28518;Luana Correia Santos;0.93
18546;Antônio Dias Ribeiro;8.67
26299;Sarah Silva Sousa;8.07
26731;Daniel Martins Fernandes;2.35
11415;Rafaela Rodrigues Melo;5.37
9540;Thaís Dias Lima;1.73
22914;Camila Carvalho Carvalho;6.88
21310;Ryan Souza Silva;3.32
3408;Emilly Azevedo Pinto;1.18
2678;Beatriz Lima Dias;9.20
1570;Diego Lima Cardoso;0.90
11348;Lavinia Gomes Cunha;9.64
8056;Luiz Dias Dias;9.07
4180;Davi Oliveira Martins;1.86
19828;Bruna Melo Souza;8.28
21408;Bruno Sousa Ferreira;4.54
18781;Melissa Pereira Barros;6.18
12776;Diogo Barbosa Rocha;3.55
12492;Letícia Martins Almeida;0.70
13210;Luis Correia Goncalves;5.57
4644;Carlos Melo Silva;1.04
6502;Vitória Santos Oliveira;8.09
5172;Júlia Castro Goncalves;1.48
6428;Igor Melo Lima;5.83
3106;André Rodrigues Barros;2.31
17908;Vitória Castro Castro;2.57
27561;Gabriel Rocha Azevedo;6.99
22417;Kaua Gomes Barbosa;1.13
15326;Luis Oliveira Araujo;2.78
18631;Luan Ferreira Carvalho;5.88
6692;Vitór Carvalho Pereira;2.31
3984;Victor Melo Silva;2.68
26003;Clara Azevedo Martins;5.72
12701;Luiz Barros Alves;8.96
9924;Matheus Castro Barbosa;9.58
13923;Isabelle Azevedo Alves;6.25
13182;Ana Melo Rodrigues;8.94
16257;Clara Ribeiro Barros;4.22
26182;Breno Gomes Alves;9.84
16016;Kauan Alves Cavalcanti;9.23
4394;Cauã Sousa Goncalves;9.80
26127;Enzo Rocha Almeida;8.33
5833;Marisa Melo Correia;2.30
13753;Diogo Araujo Correia;9.56
15927;Nicolash Barros Almeida;3.10
26163;Leonardo Gomes Barbosa;4.78
27560;Kauan Gomes Ribeiro;0.94
367;Laura Goncalves Pereira;7.40
17200;Júlio Cardoso Barbosa;0.89
23236;Alex Rocha Oliveira;5.02
15281;Erick Rocha Almeida;3.97
6505;Erick Souza Barbosa;3.92
28185;Kaua Costa Gomes;6.09
1238;André Ribeiro Pereira;6.48
455;Melissa Rodrigues Oliveira;5.88
10482;Vitoria Santos Alves;5.49
1809;Livia Costa Costa;8.04
19606;Thaís Melo Cardoso;7.37
26354;Pedro Cardoso Costa;5.22
2133;Caio Barbosa Barros;8.26
5891;Evelyn Rocha Almeida;6.54
1043;Bruno Goncalves Castro;8.17
8188;Leonardo Souza Costa;7.57
13975;Rafaela Goncalves Rodrigues;7.70
11587;Breno Azevedo Castro;0.83
27487;Carla Barbosa Sousa;8.77
11915;Bruna Costa Silva;3.03
18055;Emily Alves Ribeiro;8.24
19347;Marina Lima Rocha;6.86
17192;Camila Alves Barbosa;1.00
3896;Beatriz Fernandes Almeida;7.50
14234;Gabriela Ribeiro Azevedo;7.84
6437;Isabela Santos Carvalho;6.88
10740;Carolina Souza Araujo;3.69
6399;Sarah Pinto Silva;4.25
5351;Caio Goncalves Correia;1.34
5368;Sofia Martins Costa;8.24
477;Raissa Pinto Fernandes;1.29
5562;Vitoria Costa Goncalves;8.56
23048;Luan Fernandes Rodrigues;3.79
16370;Nicolas Martins Costa;4.66
4171;Samuel Barbosa Souza;2.03
10012;Maria Sousa Carvalho;9.57
16023;Carla Azevedo Alves;5.81
15168;Victor Pereira Ribeiro;6.86
11029;Joao Lima Ferreira;3.05
27373;Giovanna Costa Cavalcanti;4.13
127;Victor Martins Cavalcanti;0.30
20060;Leonor Costa Pinto;4.96
17036;Isabella Ferreira Araujo;6.32
6362;Marisa Almeida Castro;3.14
22398;Erick Pinto Pinto;4.86
5026;Gabriela Ribeiro Azevedo;8.47
14340;Carla Cardoso Rocha;3.19
3949;Anna Pereira Silva;6.42
28191;Julian Costa Alves;6.58
23020;Vitória Rodrigues Cardoso;0.83
6220;Vitoria Melo Santos;3.65
1129;Luís Almeida Martins;6.23
17427;Nicolas Pinto Castro;0.62
23997;Ryan Silva Goncalves;3.29
29210;Marina Araujo Rodrigues;2.17
27889;Melissa Correia Gomes;9.67
5745;Mariana Melo Goncalves;7.03
162;Amanda Goncalves Almeida;7.01
12664;Carla Cardoso Barbosa;7.50
5548;Kai Barbosa Carvalho;2.85
7991;Carlos Sousa Fernandes;6.38
16993;Brenda Souza Cunha;6.23
10766;Luan Dias Santos;8.03
16066;Camila Pereira Dias;8.05
27821;Leonor Souza Almeida;2.16
17719;Gabriel Azevedo Goncalves;2.51
23393;João Almeida Barbosa;1.00
13842;Evelyn Barbosa Ferreira;2.80
25652;Otávio Cunha Pereira;4.15
8109;Maria Cavalcanti Carvalho;0.16
14152;Matheus Souza Sousa;5.38
17086;Mateus Fernandes Oliveira;6.82
5384;Samuel Cunha Alves;5.98
9776;Giovana Ribeiro Barbosa;0.14
16220;Joao Azevedo Gomes;1.08
4884;Gabriela Gomes Souza;9.59
22226;Eduarda Rocha Azevedo;5.31
824;Diogo Barbosa Carvalho;5.86
6434;Anna Castro Oliveira;3.97
12330;Rodrigo Fernandes Costa;0.27
29975;Laura Costa Ferreira;2.99
13910;Vinícius Castro Alves;8.44
5964;Ryan Dias Almeida;4.56
20488;Vinicius Silva Araujo;6.98
21859;Vitor Pinto Almeida;7.28
9720;Davi Correia Pereira;6.90
15978;Erick Oliveira Barros;3.13
8642;Rafael Rocha Barbosa;9.09
26999;Luís Melo Alves;9.95
1138;Beatrice Pinto Barbosa;1.10
11646;Murilo Cardoso Fernandes;7.24
19816;Emilly Gomes Rodrigues;6.76
16028;Nicole Alves Martins;7.36
9435;Brenda Ribeiro Costa;8.57
11430;Aline Rocha Rodrigues;5.56
2539;Eduarda Dias Oliveira;8.96
897;Vitor Pinto Sousa;3.89
2062;Leila Lima Cavalcanti;0.81
4689;Bianca Costa Cunha;8.50
18328;Daniel Oliveira Pinto;0.53
9525;Vitória Pereira Barros;5.25
26275;Nicolash Dias Gomes;8.17
6179;Camila Fernandes Rocha;8.23
17941;Luiza Gomes Ribeiro;7.73
21847;Samuel Alves Sousa;4.33
2171;Lara Pereira Cunha;2.56
9742;Kai Rodrigues Souza;7.77
13934;Tomás Sousa Alves;7.88
21273;Vinicius Melo Cunha;3.88
29269;Kauan Barros Oliveira;8.82
22275;Marina Alves Rodrigues;1.39
17503;Bruna Almeida Araujo;3.12
9629;João Souza Ribeiro;0.04
4970;Diogo Barbosa Carvalho;3.09
29024;Kauê Santos Gomes;5.33
4;Matheus Oliveira Barros;9.30
11075;Marisa Azevedo Dias;6.90
4504;Ana Pereira Melo;8.34
27888;Kaua Souza Azevedo;2.04
13183;Caio Almeida Goncalves;1.66
16678;Rodrigo Lima Pinto;1.56
7485;Larissa Cunha Oliveira;8.92
18340;Marina Castro Gomes;0.76
12313;Fábio Rodrigues Souza;2.37
7963;Igor Gomes Silva;5.39
26409;Luan Pinto Castro;6.44
17961;Emily Cunha Fernandes;1.19
12549;Felipe Lima Gomes;4.85
10535;Amanda Lima Pereira;8.54
6791;Alex Lima Almeida;5.43
26274;Daniel Sousa Goncalves;7.54
20338;Melissa Costa Santos;8.06
8466;Julian Rodrigues Pereira;0.52
25577;Murilo Rodrigues Cunha;3.19
12250;Isabela Sousa Castro;6.60
13480;Vitor Costa Almeida;5.25
21000;Enzo Souza Pereira;5.71
13488;Guilherme Almeida Carvalho;2.56
29705;Erick Costa Melo;7.13
23611;Julia Rocha Cunha;2.80
15732;Davi Cunha Rodrigues;2.42
12813;Thiago Costa Castro;5.33
22184;Igor Pereira Melo;0.78
10006;Rafaela Goncalves Santos;3.40
12317;Murilo Goncalves Cardoso;1.50
6633;Diego Almeida Oliveira;3.19
21107;Yasmin Cunha Cavalcanti;0.12
23776;João Cunha Barros;3.78
2989;Clara Gomes Correia;0.93
19112;Mariana Lima Sousa;7.15
6969;Evelyn Goncalves Pereira;8.59
10859;Otávio Barros Cardoso;7.16
29125;Renan Oliveira Costa;0.74
20252;Emily Gomes Lima;2.71
15059;Tomás Dias Cavalcanti;1.31
6141;Davi Dias Almeida;5.42
27031;Ana Silva Pinto;7.64
20849;Beatriz Alves Martins;2.22
3846;Gabriel Barros Araujo;0.87
29574;Estevan Gomes Oliveira;3.82
7857;Camila Oliveira Rocha;6.05
15631;Vitor Cardoso Cavalcanti;4.07
7618;Otávio Silva Goncalves;9.19
28832;Gabrielle Santos Pinto;2.42
13587;Leonor Lima Castro;4.71
651;Diego Barbosa Martins;8.84
14614;Kauan Araujo Barros;0.84
21984;André Ferreira Araujo;9.13
19189;Leonardo Barros Rodrigues;4.73
26817;Julia Barbosa Melo;8.51
2125;Miguel Cunha Lima;6.10
3248;Douglas Rodrigues Cunha;5.12
4061;Caio Pereira Araujo;5.95
8153;Manuela Gomes Pinto;4.98
3101;Caio Fernandes Costa;9.69
20954;Rafael Lima Cardoso;1.43
7773;Luan Silva Correia;4.01
29418;Giovanna Lima Santos;4.83
21086;Igor Souza Santos;8.06
20315;Luana Melo Silva;2.67
24490;Rebeca Azevedo Barbosa;3.54
27856;Julieta Melo Almeida;8.60
12502;Douglas Correia Carvalho;0.81
16299;José Cardoso Dias;1.54
25487;Lucas Costa Silva;7.89
9358;Kauê Pereira Alves;3.20
23136;Laura Correia Araujo;9.22
14092;Sophia Barros Barbosa;4.95
15065;João Cavalcanti Fernandes;4.00
15462;Carolina Cavalcanti Castro;9.91
26105;Nicolash Santos Fernandes;7.13
25306;Luiza Costa Alves;9.93
10442;Douglas Araujo Correia;4.93
28363;Isabelle Dias Dias;5.21
27726;Luís Ribeiro Cavalcanti;2.08
15170;Arthur Goncalves Pinto;0.79
3377;Douglas Correia Martins;8.83
17723;Gabrielly Rodrigues Pinto;5.81
25906;Danilo Ferreira Fernandes;1.98
9289;Gabrielle Pereira Correia;2.20
334;Sofia Costa Correia;1.36
16204;Vinicius Barbosa Castro;4.28
16313;Ryan Santos Azevedo;5.10
1000;Luiz Silva Araujo;5.05
4888;Emily Oliveira Costa;0.28
14139;Arthur Azevedo Ferreira;9.09
29339;Luís Ribeiro Costa;1.92
11689;Guilherme Pinto Martins;3.77
23369;Kauan Azevedo Cunha;6.53
1378;Letícia Gomes Oliveira;4.43
12941;Luana Carvalho Rocha;8.58
1111;Vinicius Melo Correia;7.17
12194;Kauê Costa Cardoso;1.02
4645;Manuela Costa Ribeiro;5.55
6451;Mateus Barbosa Pereira;9.16
7503;Leonor Almeida Martins;9.85
17673;Rodrigo Costa Sousa;9.31
23194;Eduarda Pereira Barros;6.99
3130;José Correia Azevedo;4.46
2369;Bruno Ferreira Gomes;7.41
1118;Nicolash Silva Gomes;0.55
24726;Vitória Silva Oliveira;0.45
1297;Vitoria Melo Araujo;8.03
7816;Marina Souza Rocha;1.08
17424;Mateus Barros Lima;5.60
11769;Vinícius Cardoso Cunha;6.32
13225;Ágatha Cardoso Oliveira;0.12
140;Amanda Castro Cavalcanti;9.97
15203;Pedro Rodrigues Azevedo;9.96
13505;Livia Barros Almeida;6.98
4063;Thaís Costa Souza;5.18
397;Lara Azevedo Santos;6.73
10226;Kauã Azevedo Pinto;6.84
28216;Gabriel Almeida Pereira;0.05
9052;Nicolash Barbosa Goncalves;0.01
27915;Melissa Araujo Lima;9.36
6359;Laura Alves Oliveira;0.67
2821;Tânia Oliveira Cavalcanti;5.78
17177;Tiago Araujo Carvalho;5.09
7704;Davi Goncalves Almeida;7.88
25639;Julia Ferreira Goncalves;2.52
2607;Kauê Silva Martins;7.11
25908;Luana Cavalcanti Carvalho;5.84
17748;Giovana Alves Barros;0.29
28761;Vitor Cardoso Melo;9.54
1796;Fábio Pereira Cardoso;3.74
24505;Vitór Martins Gomes;1.24
6944;Vinícius Gomes Costa;6.30
26213;Gabrielly Costa Santos;4.23
19025;Matilde Barbosa Ferreira;5.90
25445;Luiza Dias Gomes;6.68
19147;Leonardo Alves Ferreira;2.85
17762;Fábio Cunha Carvalho;9.18
12478;João Fernandes Sousa;1.65
2164;Martim Fernandes Cardoso;7.37
7925;Kaua Oliveira Azevedo;9.53
22598;Douglas Pereira Goncalves;3.03
28528;Carla Martins Cavalcanti;2.46
13063;Clara Sousa Carvalho;8.35
16251;Joao Rocha Goncalves;7.10
13675;Emilly Azevedo Araujo;5.60
2491;Estevan Melo Barbosa;4.37
5136;Bruna Correia Melo;5.74
27755;Tomás Rocha Ribeiro;1.84
24309;Luiza Almeida Souza;4.68
7355;Victor Fernandes Cunha;9.15
7661;Samuel Azevedo Oliveira;2.15
22019;Carolina Barros Martins;6.36
16622;Vinicius Correia Almeida;3.33
1019;Vitór Cavalcanti Silva;5.74
24928;Kaua Cardoso Araujo;3.88
25595;Miguel Gomes Rocha;0.74
5725;Carlos Barros Correia;3.69
22192;Mateus Carvalho Carvalho;0.47
19356;Camila Costa Barros;0.15
26705;Eduarda Santos Rocha;1.77
10089;Bianca Azevedo Lima;5.75
12611;Giovanna Santos Cunha;8.00
23335;Fábio Pinto Araujo;8.84
12211;Guilherme Rodrigues Ribeiro;2.26
6357;Kauã Ribeiro Araujo;4.95
21741;Kauan Rodrigues Pereira;0.55
15371;Davi Carvalho Correia;8.73
8553;Leonor Ferreira Martins;7.58
12768;Nicolash Castro Almeida;8.45
6200;Luis Almeida Castro;8.33
6185;Rafael Rocha Costa;7.18
405;Marina Goncalves Dias;1.83
1647;Sophia Pinto Santos;7.02
11281;Renan Martins Melo;2.35
2503;Luana Correia Souza;8.93
17016;Kaua Goncalves Ribeiro;1.06
25546;Sophia Martins Santos;9.04
20818;Arthur Goncalves Rodrigues;6.77
17534;Arthur Cardoso Pereira;9.57
14086;Lucas Gomes Barros;6.20
10018;Lucas Melo Carvalho;2.83
3504;Carla Pereira Rocha;6.12
21406;Thiago Ribeiro Santos;9.21
28269;Julia Barros Cunha;0.46
20910;Lavinia Souza Costa;9.03
23291;Alice Lima Oliveira;7.73
18779;Ana Fernandes Melo;6.39
6238;Matheus Sousa Fernandes;8.13
29170;Paulo Melo Souza;5.40
18628;Gabrielle Souza Oliveira;4.84
796;Estevan Almeida Almeida;3.87
12922;Renan Carvalho Araujo;5.63
7729;Larissa Barbosa Alves;7.49
7739;Murilo Barbosa Alves;0.67
7068;Ryan Almeida Costa;4.03
13635;Thaís Cardoso Dias;4.17
14134;Gustavo Souza Gomes;5.84
23943;Emilly Melo Rocha;9.30
29042;Caio Cavalcanti Ferreira;9.40
26073;Carolina Sousa Ribeiro;1.95
60;Julian Alves Silva;2.23
12209;Nicole Sousa Fernandes;3.77
1001;Luana Azevedo Sousa;8.09
4284;Cauã Goncalves Silva;8.40
7741;Emilly Santos Castro;3.42
3371;Mateus Barbosa Pinto;3.01
25762;Vinicius Fernandes Lima;9.58
11378;Vitoria Cavalcanti Gomes;9.01
18871;Rafael Silva Cunha;6.01
20874;Leila Araujo Barros;9.67
20462;Camila Silva Santos;8.54
11248;Ana Lima Ribeiro;9.38
26173;Luiz Alves Azevedo;9.35
23447;Lucas Carvalho Lima;4.26
19494;Daniel Almeida Correia;6.95
27012;Clara Cunha Cardoso;8.92
29251;Murilo Rodrigues Ferreira;8.42
8291;Júlio Dias Dias;9.15
827;Daniel Fernandes Fernandes;2.23
21401;Brenda Gomes Rocha;0.70
9021;Nicolash Santos Fernandes;1.86
9229;Bianca Souza Araujo;9.96
18311;Tânia Araujo Cavalcanti;8.41
10234;Joao Pereira Santos;7.15
14715;Luís Araujo Barbosa;2.55
26695;João Santos Ribeiro;7.76
7335;Tânia Silva Silva;4.52
26258;Felipe Almeida Santos;6.38
26629;Mateus Barbosa Silva;6.09
2367;Luis Ribeiro Gomes;2.12
1345;Letícia Alves Rocha;3.45
22498;Letícia Oliveira Cunha;6.43
8367;Mariana Correia Fernandes;8.82
22976;Bianca Alves Ferreira;8.67
16348;Emily Castro Melo;9.22
23210;Emily Ribeiro Sousa;9.30
16111;Matheus Silva Ribeiro;9.24
11225;Gabriel Alves Barbosa;1.71
16928;Gustavo Martins Castro;1.67
22065;Luan Barbosa Castro;9.53
3143;Júlio Cardoso Pinto;9.63
7847;João Gomes Barros;3.54
23345;Danilo Cunha Costa;7.80
22743;João Barbosa Pinto;7.12
7302;Luiza Lima Alves;5.54
16489;Luan Cavalcanti Correia;8.62
6758;Sophia Silva Souza;3.35
663;Bianca Fernandes Sousa;2.74
27639;Bianca Souza Azevedo;4.23
1779;Kai Correia Barros;8.44
16885;Enzo Araujo Barros;5.81
10659;Matilde Sousa Dias;9.79
4803;Mateus Gomes Sousa;7.44
26841;Paulo Lima Pinto;1.05
17946;Laura Castro Cardoso;6.71
6128;Danilo Melo Rodrigues;1.32
14827;Alex Fernandes Silva;9.82
10876;Matilde Gomes Cardoso;7.04
12674;Carolina Costa Gomes;4.12
4678;Renan Melo Ribeiro;5.24
3027;Mariana Ribeiro Castro;5.33
14594;Melissa Carvalho Melo;9.07
25084;Bruna Ferreira Castro;7.30
25551;Raissa Barros Sousa;6.59
15699;Alex Araujo Sousa;4.68
3134;Erick Azevedo Dias;6.00
2286;Luan Santos Sousa;7.88
25926;Beatrice Pinto Souza;7.40
20;Vitória Alves Lima;8.43
10605;Rafaela Silva Cunha;6.76
8483;Samuel Silva Gomes;0.21
4482;Alex Carvalho Pinto;8.25
6517;Isabelle Rodrigues Melo;7.01
28217;Livia Ferreira Rocha;6.04
24240;Ana Cavalcanti Barbosa;9.49
16210;Pedro Araujo Cardoso;6.98
11408;José Cardoso Pereira;4.76
10723;Eduardo Araujo Sousa;0.46
15137;Melissa Dias Azevedo;6.78
26688;Kauê Oliveira Costa;7.92
1342;Carla Castro Gomes;5.16
18346;Vinicius Gomes Fernandes;9.77
28107;Emilly Cardoso Barbosa;8.22
29450;Eduarda Fernandes Silva;2.68
16709;Matheus Ferreira Lima;6.08
3135;Sofia Castro Santos;6.28
26810;Ágatha Costa Almeida;3.53
15127;Giovanna Rodrigues Araujo;5.87
21870;Raissa Melo Castro;8.01
8141;Julia Cardoso Cardoso;1.35
4327;Marcos Rodrigues Castro;6.17
25507;Julieta Pereira Almeida;2.88
10271;Maria Azevedo Carvalho;4.66
11069;Luiz Sousa Rocha;3.30
2893;Marcos Costa Carvalho;9.08
21649;Vitor Costa Martins;1.18
21205;Luís Rodrigues Ferreira;0.35
7562;Danilo Cunha Castro;1.15
9943;Diogo Rocha Barbosa;1.48
22650;Danilo Melo Alves;7.60
9165;Estevan Barros Souza;0.82
1593;Camila Fernandes Barbosa;6.44
25502;Matilde Souza Azevedo;9.21
26311;Nicolash Rodrigues Pinto;9.28
8394;Kauan Correia Costa;5.51
3800;Thiago Melo Ferreira;1.19
5160;Tiago Barbosa Rocha;6.98
5887;Gabriela Carvalho Souza;5.21
5395;Estevan Lima Almeida;6.50
4954;Carlos Correia Sousa;8.91
22302;Rebeca Correia Santos;2.63
21745;Danilo Almeida Barbosa;3.56
18747;Martim Azevedo Goncalves;7.09
14645;Sophia Santos Melo;3.08
22570;Gustavo Cardoso Rocha;1.14
17811;Diego Rodrigues Ribeiro;1.04
20522;Thaís Lima Goncalves;1.79
8799;Vitór Barros Pereira;8.32
7411;Alice Cavalcanti Pinto;9.12
25259;Gabrielle Martins Cardoso;2.36
17652;Mateus Goncalves Costa;1.54
22200;Matilde Martins Barbosa;9.30
20369;Emily Cavalcanti Martins;0.35
4287;Anna Ferreira Cardoso;9.52
9291;Ryan Goncalves Pinto;3.51
5858;Beatrice Cunha Sousa;2.70
24781;Samuel Pereira Pereira;5.30
22093;Gabrielle Ribeiro Costa;2.31
1065;Isabella Barros Castro;5.68
11302;Anna Correia Castro;9.43
6307;Davi Martins Barros;5.24
26943;Luana Martins Barros;8.27
29616;Brenda Cunha Alves;3.19
19647;Gabriel Goncalves Martins;8.63
15504;Antônio Pinto Almeida;4.96
24468;Leila Lima Lima;2.85
19681;Letícia Melo Cavalcanti;5.42
6343;Mateus Carvalho Almeida;2.90
15039;Evelyn Cavalcanti Pinto;0.88
29873;Mariana Cunha Azevedo;7.79
21261;Leonardo Gomes Correia;1.82
9864;Raissa Fernandes Ribeiro;3.95
18542;Manuela Cavalcanti Alves;3.58
13867;Matheus Azevedo Cunha;4.74
27391;Estevan Dias Rocha;0.26
27878;Giovana Cardoso Cunha;6.27
26730;Fernanda Silva Pinto;9.23
5991;Livia Rodrigues Barros;8.50
7592;Julia Costa Ferreira;2.20
16509;Vitoria Rodrigues Silva;1.33
9238;Samuel Souza Cardoso;2.76
594;Diego Dias Costa;0.74
19963;Erick Almeida Rodrigues;8.58
28238;Tiago Silva Fernandes;0.11
682;Luiz Melo Correia;8.61
11288;Leila Sousa Cavalcanti;0.54
21938;Luan Gomes Azevedo;2.06
12308;Ágatha Martins Pereira;7.79
11830;Kaua Carvalho Barbosa;8.13
9671;Nicolas Silva Goncalves;6.57
10724;Diogo Melo Almeida;7.29
28735;Miguel Correia Oliveira;0.24
18331;Bianca Almeida Almeida;0.45
25621;Otávio Cunha Barbosa;1.57
28326;Livia Cardoso Cardoso;7.95
15118;Isabelle Ferreira Barbosa;3.61
389;Isabela Castro Melo;6.51
20074;Vinicius Castro Almeida;0.04
25531;Caio Azevedo Cardoso;3.57
15231;Lara Correia Oliveira;8.44
25744;Lara Barros Correia;6.33
2690;Tânia Almeida Carvalho;6.73
13332;Letícia Castro Correia;8.42
15080;Clara Santos Ribeiro;9.01
2333;Rafaela Azevedo Fernandes;9.51
7890;Isabella Barros Santos;5.72
14102;Vinicius Santos Santos;8.80
22122;Antônio Costa Almeida;4.77
14926;Isabella Barbosa Martins;1.43
2481;Kauê Santos Cunha;1.20
14063;Eduardo Rodrigues Araujo;3.15
19486;Júlia Barbosa Santos;0.42
8499;Cauã Ferreira Almeida;7.83
4940;Lara Rodrigues Carvalho;1.45
28656;Beatriz Ferreira Fernandes;9.11
9471;Matheus Ribeiro Rodrigues;4.99
11658;Enzo Gomes Pereira;5.35
5179;Luana Silva Pinto;8.07
21888;Larissa Fernandes Cunha;3.76
23852;Tânia Alves Barbosa;5.24
19517;Tomás Silva Souza;9.90
7375;Nicole Oliveira Azevedo;2.34
3518;Julian Cunha Ferreira;5.38
21555;Paulo Santos Correia;5.25
9773;Tânia Almeida Souza;2.35
25211;Aline Lima Martins;6.35
21654;Igor Sousa Souza;6.31
14229;Carolina Gomes Cavalcanti;0.10
28404;Luís Santos Ribeiro;9.20
16127;Luiza Martins Souza;3.51
22348;Luan Azevedo Gomes;5.08
15718;Antônio Rodrigues Souza;9.29
2096;Nicolash Melo Silva;1.11
7278;Evelyn Costa Barbosa;3.83
16398;Felipe Correia Pinto;3.11
26867;Matheus Araujo Carvalho;5.86
28123;Gustavo Cardoso Silva;6.94
21724;Carolina Gomes Pereira;5.39
11661;Murilo Cardoso Araujo;4.11
29423;Júlio Dias Barbosa;2.47
24603;Giovana Melo Cardoso;3.73
13730;Bruna Dias Fernandes;6.98
20008;Thiago Rocha Silva;3.79
29986;Leila Pinto Melo;6.81
12561;Felipe Alves Pereira;2.73
15622;Tomás Oliveira Cunha;5.29
24584;Mateus Araujo Correia;5.29
22962;Marisa Fernandes Souza;8.83
2985;Arthur Alves Pinto;4.63
12755;Giovanna Pereira Carvalho;1.06
20477;Lavinia Almeida Fernandes;0.95
25794;Miguel Melo Rocha;8.37
25443;Caio Cunha Ribeiro;0.88
6381;Murilo Souza Ferreira;9.94
13594;Kai Almeida Cardoso;5.33
12736;Guilherme Rodrigues Ribeiro;4.61
20242;Lavinia Castro Oliveira;8.67
16563;Matheus Goncalves Pereira;4.45
1769;Brenda Correia Dias;2.02
4286;Marisa Fernandes Oliveira;9.22
2432;Renan Goncalves Barros;9.04
11883;Beatrice Ferreira Alves;8.74
14284;Douglas Martins Castro;2.00
28900;Yasmin Ferreira Santos;4.40
23160;Larissa Goncalves Goncalves;1.54
8702;Júlia Gomes Ferreira;1.15
5090;José Oliveira Martins;5.94
21062;Marina Martins Carvalho;6.81
27581;Laura Correia Lima;2.96
25408;Kauê Castro Azevedo;9.72
5127;Isabela Goncalves Ribeiro;2.53
28255;Thiago Sousa Melo;6.34
18515;Letícia Correia Melo;3.74
3484;Felipe Fernandes Cunha;1.48
8985;Melissa Cavalcanti Barros;8.15
7586;Daniel Fernandes Almeida;0.66
13308;Vinícius Barros Lima;1.34
15903;Julia Cunha Martins;0.23
20571;Victor Cunha Pereira;7.63
9554;Vitoria Gomes Carvalho;6.58
6168;Kauê Lima Gomes;0.81
9993;Tomás Fernandes Ribeiro;9.14
25802;Ágatha Carvalho Pinto;1.18
18279;Luís Araujo Cavalcanti;9.44
12759;Alice Castro Cunha;5.24
1975;Enzo Sousa Carvalho;6.82
891;Enzo Barros Castro;4.82
653;Samuel Gomes Gomes;4.31
17350;Thiago Fernandes Souza;0.18
19155;Emily Pereira Alves;5.42
2066;Arthur Rocha Dias;2.30
14939;Vitor Azevedo Dias;6.85
14166;André Melo Fernandes;4.39
27782;Leonardo Araujo Barros;2.75
2178;Julian Araujo Rocha;8.03
17851;Gabriel Dias Cardoso;7.03
28408;Amanda Martins Rocha;2.73
18438;Otávio Costa Barros;7.01
20183;Marina Correia Carvalho;9.71
4856;Carlos Martins Dias;1.59
23106;Rodrigo Castro Oliveira;6.96
3203;Sophia Gomes Almeida;7.00
1207;Bianca Ribeiro Martins;0.88
10434;Vinícius Goncalves Martins;2.72
10852;Eduarda Azevedo Fernandes;2.28
8163;José Cavalcanti Goncalves;3.22
12272;Vinicius Fernandes Carvalho;1.17
8593;Rodrigo Gomes Fernandes;7.92
26184;Júlio Barbosa Barros;0.59
22855;Mariana Barbosa Dias;3.27
26313;Martim Fernandes Goncalves;2.54
7497;Carolina Martins Pereira;0.97
18908;Gabrielly Sousa Silva;0.56
19075;Gabriela Alves Pereira;5.10
25321;Tiago Pinto Santos;3.55
10819;Caio Lima Carvalho;8.14
26866;Letícia Almeida Rocha;9.15
21012;Vinicius Correia Silva;1.26
29839;Nicolas Souza Silva;7.67
18040;Paulo Silva Araujo;7.37
7635;Giovanna Pinto Correia;5.88
26047;Cauã Correia Ferreira;6.90
18413;Marina Cunha Cunha;1.13
1290;Matheus Goncalves Carvalho;0.46
5820;Tomás Costa Correia;3.89
7611;Alice Goncalves Cardoso;3.25
17167;Aline Araujo Gomes;2.58
15412;Samuel Castro Goncalves;4.76
15349;Marina Goncalves Rodrigues;1.76
25195;Melissa Melo Costa;2.36
15893;Guilherme Correia Rodrigues;7.01
24133;Thaís Alves Alves;1.91
614;Emily Cavalcanti Ferreira;6.21
3509;Erick Correia Martins;5.33
6253;Bianca Cunha Rocha;3.64
27530;José Silva Castro;9.66
23514;Manuela Ferreira Pinto;8.90
26770;Kai Sousa Pereira;7.06
24082;Sofia Melo Oliveira;6.59
13737;Vitor Carvalho Sousa;1.25
6464;Marina Cardoso Cardoso;5.47
28370;Thiago Dias Barros;1.77
9322;Rafaela Lima Oliveira;4.12
11536;Davi Fernandes Gomes;9.46
10305;Vitor Araujo Dias;0.32
23030;Vitoria Alves Santos;3.61
11688;Miguel Carvalho Castro;7.00
27686;Marisa Alves Alves;4.68
2965;Beatriz Sousa Goncalves;1.72
20110;Ryan Dias Costa;0.21
11214;Gabrielly Rodrigues Oliveira;3.70
25966;Estevan Lima Ribeiro;8.82
6208;Marcos Pinto Azevedo;9.30
10;Matilde Pereira Alves;0.77
18806;Caio Carvalho Ribeiro;7.47
7546;Kaua Silva Fernandes;6.44
27818;Paulo Silva Melo;9.45
12946;Felipe Pinto Goncalves;4.14
10619;Daniel Ribeiro Cardoso;2.79
14569;Kauê Cardoso Rodrigues;2.50
21265;Ana Santos Ribeiro;2.49
13354;Cauã Pinto Pinto;9.92
9857;Ana Oliveira Pereira;1.36
27918;Vinicius Carvalho Goncalves;3.98
13791;Bruna Barros Alves;1.84
280;Júlia Rodrigues Rocha;6.53
15740;Lavinia Cavalcanti Cardoso;4.18
18113;Guilherme Azevedo Sousa;0.20
18010;Enzo Rodrigues Azevedo;3.73
7462;Gabrielle Melo Alves;8.80
26650;Carolina Goncalves Barros;1.97
24824;Anna Silva Cardoso;4.00
28391;Gustavo Sousa Rocha;3.77
12190;Aline Alves Lima;3.24
13639;Camila Santos Melo;7.23
7679;Joao Barbosa Alves;6.82
6516;Luan Oliveira Correia;7.13
11021;Enzo Correia Barbosa;6.72
2246;Mariana Oliveira Oliveira;9.58
24085;Kauã Dias Ferreira;9.58
4717;Luís Souza Oliveira;3.07
23782;Carlos Melo Almeida;1.12
28662;Breno Araujo Pereira;1.37
22864;Melissa Cavalcanti Araujo;9.16
14390;Luís Ribeiro Souza;1.84
16646;José Ribeiro Gomes;6.97
28176;Diego Correia Gomes;9.40
19838;Sarah Pereira Azevedo;9.09
3565;Breno Castro Lima;9.49
1872;Guilherme Correia Azevedo;8.96
26272;Rodrigo Carvalho Sousa;8.63
16123;André Araujo Fernandes;8.28
12031;Igor Gomes Cardoso;0.53
1765;Leonardo Correia Cunha;9.75
22621;Isabella Araujo Carvalho;0.23
12708;Laura Carvalho Araujo;0.46
28665;Julia Gomes Silva;2.91
3900;Camila Azevedo Ribeiro;4.91
14547;Gabrielle Lima Silva;1.44
2882;Miguel Cunha Lima;2.14
14004;Rafaela Melo Ribeiro;0.55
25657;Luiza Castro Silva;0.50
25130;Lavinia Carvalho Cavalcanti;0.87
14424;Davi Sousa Lima;7.79
1191;Luan Gomes Martins;10.00
596;Julian Castro Gomes;6.32
24831;Lara Goncalves Souza;2.98
9091;Alice Fernandes Oliveira;0.95
24188;Ana Pinto Pereira;3.24
17288;Leila Pinto Araujo;4.10
12935;Eduardo Melo Souza;3.66
6892;Sophia Barros Araujo;1.94
4830;Kai Barbosa Sousa;6.59
27956;Ana Barbosa Pereira;4.51
29043;Emilly Pinto Rodrigues;9.40
8016;Mariana Barros Cardoso;6.03
1158;Douglas Dias Castro;4.56
20455;Luan Pinto Ferreira;8.42
7869;Gabriel Martins Araujo;8.97
12734;Nicolas Costa Silva;7.11
14435;Emilly Costa Dias;3.41
21160;Isabella Costa Cardoso;2.26
24313;Joao Goncalves Ferreira;3.73
19567;Aline Fernandes Melo;7.80
25323;Sofia Correia Barbosa;4.77
18714;Tomás Alves Melo;1.47
4456;Emilly Barros Goncalves;7.81
9617;Laura Barros Santos;4.62
8177;Rodrigo Oliveira Rocha;4.18
28254;Amanda Pinto Fernandes;7.71
25017;Danilo Pereira Cunha;2.80
712;Laura Cunha Barros;1.36
21966;João Melo Dias;0.22
23933;Raissa Carvalho Cardoso;2.59
6845;Gabriel Ribeiro Souza;2.17
25320;Davi Melo Souza;4.80
15866;Gabriela Santos Martins;4.99
15996;Marisa Goncalves Alves;6.59
22744;Amanda Araujo Correia;2.81
7455;Igor Santos Souza;1.77
1629;Miguel Lima Barros;0.03
13520;Rebeca Barros Cunha;1.09
9521;Marina Correia Cardoso;5.88
2301;Antônio Gomes Goncalves;2.96
3597;Miguel Barros Gomes;5.28
12931;Rebeca Correia Silva;9.55
18656;Nicolash Azevedo Sousa;3.83
21760;Maria Lima Ribeiro;0.77
9368;Aline Araujo Almeida;6.08
6413;Marina Oliveira Martins;6.98
11338;Murilo Ferreira Ribeiro;3.19
24245;Carolina Silva Dias;4.70
11897;Julieta Ribeiro Silva;1.74
4862;Camila Silva Goncalves;4.89
16395;Davi Martins Goncalves;3.65
16955;Júlio Barbosa Silva;5.11
29464;Samuel Martins Rocha;2.81
25416;Gabrielle Santos Correia;0.52
18878;Kauã Lima Correia;5.86
27100;Brenda Barros Cunha;8.55
20871;Enzo Goncalves Alves;1.60
19812;Isabelle Silva Cardoso;9.93
20922;Nicole Rodrigues Azevedo;6.79
826;Larissa Melo Rodrigues;4.68
2654;Mateus Melo Pinto;3.87
26531;Enzo Ribeiro Melo;0.90
23617;Carla Pinto Santos;5.37
24266;Samuel Barros Martins;1.18
28751;Maria Castro Sousa;6.50
20668;Giovanna Dias Cavalcanti;8.20
2635;Leonor Azevedo Dias;7.14
27381;João Rodrigues Rodrigues;6.04
28749;Gabriel Martins Gomes;1.32
22974;Tânia Cunha Alves;4.50
26335;Pedro Castro Pinto;6.67
23461;Vinícius Azevedo Rocha;3.08
28678;Eduardo Carvalho Lima;5.79
28620;Livia Costa Costa;1.06
12879;Luis Barros Cunha;5.08
11582;Kai Silva Cavalcanti;5.72
1089;Kauan Cardoso Almeida;3.93
4568;Estevan Rodrigues Barbosa;5.08
28389;Vitoria Ferreira Rocha;8.74
3998;Matheus Rodrigues Santos;5.20
10470;Cauã Goncalves Oliveira;5.70
18156;João Cavalcanti Pereira;2.17
9487;Nicole Ferreira Goncalves;0.28
206;Isabella Azevedo Correia;1.19
3628;Ágatha Carvalho Rocha;9.62
24875;Gabrielly Gomes Pereira;9.12
21819;Danilo Pereira Oliveira;9.04
25266;Júlia Cavalcanti Cavalcanti;7.28
21646;Letícia Carvalho Cunha;1.99
887;Gabrielly Souza Gomes;3.13
8720;Martim Ribeiro Azevedo;5.97
26113;Danilo Pinto Pinto;3.86
4751;Matilde Ferreira Lima;8.95
14129;Manuela Goncalves Goncalves;1.98
26765;Vitoria Rodrigues Souza;7.37
807;Thiago Cunha Araujo;9.73
17172;Kauan Barbosa Carvalho;7.26
10283;Vitor Ribeiro Castro;3.57
25480;Júlia Pinto Melo;5.91
20817;Camila Cavalcanti Sousa;9.04
8626;Tiago Correia Cavalcanti;4.82
2744;Antônio Castro Ferreira;9.79
4685;Raissa Dias Dias;9.19
9441;Livia Lima Oliveira;4.23
4939;Evelyn Almeida Correia;4.97
10167;Gabriel Alves Cunha;6.05
14455;Fernanda Pereira Araujo;2.99
19209;Cauã Cardoso Alves;0.80
26788;Renan Alves Santos;1.85
1730;Victor Ferreira Martins;5.65
13775;Bruno Correia Pereira;6.64
22418;Murilo Ribeiro Rodrigues;3.54
29532;Raissa Dias Martins;9.38
25423;Marina Alves Ferreira;4.98
18596;Luiza Almeida Pereira;2.82
18138;Alice Pinto Silva;2.92
19212;Breno Dias Carvalho;2.76
13876;Sophia Rodrigues Goncalves;4.26
23734;Tânia Ferreira Santos;0.58
8019;Kauã Ferreira Rocha;8.74
6751;Isabela Barros Barros;0.16
19005;Raissa Correia Carvalho;6.02
10762;Leonor Cavalcanti Rodrigues;3.02
13320;Victor Goncalves Cunha;9.59
12212;Luan Alves Correia;6.16
12832;Lara Rocha Azevedo;1.76
14391;Arthur Gomes Melo;6.83
10337;Mariana Barbosa Oliveira;0.12
25706;Igor Castro Pinto;4.06
4039;Aline Correia Ribeiro;2.49
11847;Anna Barbosa Oliveira;2.49
5178;Kauã Rocha Pereira;3.76
5150;Mariana Barbosa Correia;9.51
23604;Mariana Costa Souza;1.17
15955;Luiz Araujo Alves;4.27
18966;Camila Silva Oliveira;3.46
25524;Vitória Barros Pereira;5.03
19718;Cauã Gomes Cunha;6.98
24217;Tânia Ferreira Lima;9.48
19007;Larissa Goncalves Pereira;3.91
23477;Luana Gomes Castro;3.24
3539;Isabelle Cardoso Azevedo;0.60
14988;Paulo Fernandes Barros;7.46
8273;Otávio Alves Pinto;8.66
27084;Kauan Azevedo Cavalcanti;4.33
25277;João Pereira Castro;3.67
15650;Carla Alves Cavalcanti;0.72
28521;Vitoria Lima Barros;8.44
9402;Nicole Barbosa Ferreira;0.80
21833;Vitória Azevedo Pinto;3.40
25001;Fernanda Pereira Cunha;4.51
24977;Fernanda Santos Correia;5.83
2033;Mariana Cardoso Gomes;8.90
14561;Carlos Castro Oliveira;8.28
15852;Lara Santos Rodrigues;9.11
9746;Matheus Cunha Carvalho;8.58
3399;Gabriel Lima Pereira;6.09
14412;Gabrielle Santos Almeida;1.00
10575;Breno Souza Almeida;3.07
26947;Caio Cardoso Costa;4.57
26850;Kaua Cunha Alves;3.65
18771;Letícia Sousa Azevedo;9.34
8015;Sofia Gomes Pinto;3.15
25512;Emily Rocha Pereira;5.25
677;Lavinia Oliveira Gomes;4.33
15748;Bruna Azevedo Rocha;1.17
24843;Luiza Cardoso Cardoso;5.54
26267;Thaís Barros Pereira;4.34
29753;Camila Lima Martins;8.54
28541;Julia Barros Santos;9.89
13196;Enzo Santos Correia;0.27
25964;Guilherme Lima Cunha;2.65
28683;Carla Pinto Cardoso;1.48
11733;Kauê Cavalcanti Oliveira;6.02
3939;Leonardo Barros Barbosa;0.90
10678;Letícia Araujo Castro;8.64
4060;Marcos Martins Martins;9.78
22283;Julia Costa Souza;2.55
7279;Vinícius Rodrigues Alves;6.12
23152;Julieta Araujo Rodrigues;3.43
13180;Luis Martins Azevedo;4.28
27464;Beatrice Lima Pinto;8.75
26187;Ryan Gomes Rodrigues;4.16
723;Daniel Santos Souza;4.49
18069;Murilo Gomes Fernandes;5.10
29165;Luan Azevedo Pinto;0.64
20674;Luiz Santos Carvalho;8.29
28010;Isabela Ferreira Castro;3.31
5305;Luiz Martins Sousa;0.81
6521;Felipe Fernandes Carvalho;8.39
1678;Giovanna Santos Castro;5.59
27068;Cauã Carvalho Pereira;0.33
1338;Fábio Lima Rocha;2.24
27106;Thaís Rodrigues Santos;6.02
20503;Giovanna Correia Rodrigues;4.29
2788;Leila Ferreira Cavalcanti;1.75
7400;Diego Dias Rocha;0.53
11070;Lucas Ferreira Carvalho;7.47
2202;Melissa Barbosa Fernandes;2.16
11747;Lucas Dias Santos;2.02
9914;Tânia Rocha Dias;8.74
4557;Nicolas Souza Santos;5.18
3393;Antônio Costa Barros;1.47
27598;Júlio Fernandes Oliveira;5.93
23858;Marina Rodrigues Sousa;4.29
4666;João Sousa Almeida;4.96
13558;Gabrielly Melo Martins;0.21
28870;Kaua Barbosa Ribeiro;6.04
8604;Isabela Castro Ribeiro;1.53
24868;Caio Melo Gomes;2.59
24199;Tiago Castro Souza;4.44
21358;Sarah Martins Souza;5.90
21877;Lavinia Gomes Cavalcanti;5.30
4461;Luis Fernandes Ribeiro;7.25
7056;Fernanda Silva Costa;2.07
20543;Otávio Ferreira Souza;1.25
11977;Murilo Almeida Dias;1.04
18512;Fábio Cunha Melo;7.10
6539;Joao Cunha Cardoso;3.38
6681;Gabriel Fernandes Melo;4.29
9448;Giovana Rodrigues Carvalho;2.16
29878;Vitória Carvalho Martins;8.26
4077;Samuel Souza Rocha;1.49
9667;Anna Azevedo Rocha;5.92
9401;Livia Castro Correia;4.62
2040;Enzo Santos Correia;2.38
26168;Igor Pinto Melo;8.15
27158;Thiago Cavalcanti Alves;8.87
29267;Tiago Melo Lima;5.64
7884;Emilly Castro Dias;0.39
14178;Camila Souza Araujo;6.62
3656;Lavinia Ribeiro Azevedo;7.91
17429;Letícia Melo Melo;5.63
1458;José Cunha Dias;3.33
6636;Nicole Lima Ribeiro;4.63
22612;Vitór Fernandes Araujo;2.74
5407;Isabella Almeida Castro;6.25
27124;Bruna Dias Melo;7.09
18032;Samuel Cardoso Ferreira;3.48
16756;Diogo Lima Ferreira;5.99
4942;Isabela Fernandes Rocha;4.28
20343;Ágatha Cardoso Castro;9.33
27912;Kaua Martins Santos;2.87
4053;Melissa Costa Pereira;8.38
10994;Rafael Almeida Fernandes;1.11
3102;Giovana Sousa Araujo;7.15
6523;Kauan Souza Silva;7.61
29739;Julia Silva Ribeiro;0.80
6752;Sofia Rocha Azevedo;4.44
8641;Bruna Pinto Pereira;9.30
18898;Eduarda Pinto Correia;6.06
27157;Enzo Martins Costa;2.01
28106;Caio Souza Costa;5.28
17405;Gabriela Araujo Goncalves;5.00
18722;Bruno Araujo Rodrigues;7.19
7929;Brenda Araujo Melo;6.18
12659;Marina Pereira Ferreira;3.64
14449;Igor Santos Martins;8.60
3540;Leila Costa Cunha;9.05
20003;Luana Ferreira Barbosa;3.29
16307;Eduarda Gomes Goncalves;9.13
27467;Mateus Cardoso Rodrigues;0.27
12905;Samuel Pereira Pinto;8.86
17052;Cauã Sousa Alves;8.92
26675;Rafaela Cardoso Azevedo;1.90
3516;Fernanda Goncalves Araujo;3.86
8037;Martim Alves Silva;5.67
13431;Matilde Rocha Oliveira;8.97
20272;Isabella Sousa Martins;7.26
18426;Bruno Correia Pereira;5.52
13685;Carlos Carvalho Martins;1.24
14763;Giovana Rocha Cunha;4.93
17075;Luiz Pinto Alves;2.96
21190;Kauã Dias Souza;1.53
14295;Nicolas Rodrigues Dias;8.93
20685;Eduarda Martins Gomes;3.93
11411;Douglas Silva Cardoso;4.73
25057;Lucas Cunha Fernandes;7.01
1977;Gabrielly Ribeiro Almeida;6.82
15045;Mariana Pinto Rodrigues;7.57
28939;Carla Sousa Barros;7.31
28355;Fábio Rocha Rocha;1.81
5046;Gabrielly Lima Azevedo;5.38
28358;Beatrice Melo Ribeiro;9.66
28922;Yasmin Castro Correia;8.23
17162;Miguel Cavalcanti Lima;4.78
14280;Vitór Araujo Dias;1.11
23410;Fábio Araujo Silva;8.94
27137;Melissa Rocha Castro;1.08
289;Marisa Dias Ribeiro;7.86
28759;Samuel Silva Rodrigues;7.63
8267;João Costa Cavalcanti;0.46
5427;Marcos Cardoso Silva;7.20
21673;Paulo Alves Silva;0.16
3236;Fábio Correia Silva;3.91
16534;Bianca Souza Ferreira;0.42
22901;Anna Araujo Cavalcanti;1.55
21157;Joao Santos Araujo;3.30
16440;Guilherme Sousa Cavalcanti;8.46
26427;Ágatha Cunha Rodrigues;9.07
10086;Manuela Pereira Cardoso;4.47
23827;Raissa Carvalho Costa;0.27
8743;Ryan Correia Almeida;3.24
2487;Kauan Souza Goncalves;0.53
2915;Kauã Pinto Martins;9.29
3529;Clara Castro Azevedo;9.89
25776;Miguel Ribeiro Pereira;7.51
10898;Pedro Barros Rocha;5.04
6883;Leonor Barros Pinto;1.10
22039;Vinícius Santos Pereira;1.85
12421;Douglas Silva Rocha;8.87
4877;Camila Cardoso Rocha;7.85
9750;Sophia Souza Santos;8.51
3346;Renan Barros Azevedo;1.30
20620;Julia Goncalves Ribeiro;0.97
5840;Vinicius Carvalho Oliveira;0.63
26511;João Gomes Gomes;0.74
25055;Gabrielly Souza Almeida;5.83
20680;Tiago Fernandes Gomes;7.67
22594;Mateus Santos Gomes;7.32
19091;Gabrielle Lima Pinto;5.30
9063;Beatrice Souza Alves;6.75
28368;Rafaela Cunha Correia;7.69
12623;Kai Fernandes Melo;0.25
17292;Breno Souza Silva;8.96
10647;Tânia Lima Pereira;2.34
6859;Bianca Melo Barros;6.91
5435;Isabela Cunha Melo;3.47
4356;André Silva Pereira;5.37
6935;Guilherme Cunha Pereira;2.37
26030;Luan Cardoso Araujo;4.06
5358;Camila Goncalves Ferreira;0.66
28351;Gabrielly Castro Barbosa;0.51
13383;Fernanda Santos Dias;9.15
26100;Gabrielly Goncalves Souza;1.20
19706;Anna Santos Goncalves;3.83
16500;Daniel Cunha Araujo;9.66
8537;Júlia Pinto Rocha;1.75
15213;Yasmin Barros Lima;4.40
21843;Guilherme Silva Cardoso;0.38
21382;Luiz Sousa Correia;9.85
8581;Kauã Silva Dias;5.66
25097;Gabriela Barros Barbosa;5.88
14107;Júlia Ribeiro Santos;0.68
11725;Yasmin Gomes Santos;2.79
15445;Julieta Barros Gomes;1.90
27291;Kauã Alves Pinto;7.14
13916;Rafaela Santos Lima;9.09
12991;Joao Costa Cardoso;8.00
11488;Pedro Alves Carvalho;6.50
12571;Tiago Cardoso Cavalcanti;1.92
24712;Tânia Dias Martins;9.11
24827;Luiz Fernandes Dias;1.16
18476;Isabella Cavalcanti Barbosa;6.06
29146;Diogo Fernandes Dias;8.14
5667;Laura Souza Melo;4.01
3531;Isabella Barros Cardoso;0.32
21920;Luiza Castro Costa;5.13
13102;Bruno Barros Lima;5.05
27040;Nicole Oliveira Barros;9.90
7434;Carolina Silva Silva;9.82
4950;Clara Araujo Gomes;6.95
19910;Marina Cavalcanti Dias;9.73
13512;Julian Costa Costa;9.94
5868;Clara Correia Cavalcanti;1.63
12099;Vitória Cavalcanti Cavalcanti;2.59
11583;Evelyn Lima Pereira;6.96
24304;Emily Carvalho Costa;8.69
10577;Davi Araujo Cardoso;0.85
1300;Luiz Rocha Rocha;6.12
18929;Camila Correia Souza;5.44
28069;Arthur Pinto Pereira;5.06
28672;Ágatha Barros Cardoso;9.14
10761;José Azevedo Santos;2.30
10218;Vitoria Rodrigues Ferreira;1.56
3394;Murilo Castro Rocha;7.30
7009;Kai Sousa Alves;2.08
11652;Julia Fernandes Silva;4.75
7386;Tânia Oliveira Pinto;4.06
7693;Brenda Dias Costa;7.87
8290;João Cunha Lima;4.87
6444;Thaís Rodrigues Barros;4.34
20289;Gabrielle Sousa Pereira;9.69
24741;Sarah Goncalves Goncalves;1.25
7038;Kauan Lima Barbosa;3.11
8598;Tiago Rocha Melo;9.98
5585;Isabella Melo Martins;1.84
27764;Evelyn Ferreira Ferreira;7.13
688;Anna Barbosa Pereira;9.98
9098;Guilherme Sousa Cardoso;7.14
23438;Giovanna Araujo Barros;1.30
21315;Matilde Cardoso Gomes;0.24
5652;Ana Souza Carvalho;3.77
29218;Laura Cardoso Alves;3.13
18661;Kaua Azevedo Goncalves;5.53
29390;Vinicius Melo Martins;9.26
22884;Livia Alves Lima;0.97
8054;Eduardo Lima Carvalho;8.86
16206;Samuel Araujo Silva;1.07
24706;Bianca Lima Costa;8.38
17595;Leonardo Lima Oliveira;2.79
21728;Maria Araujo Cardoso;9.41
13129;Carolina Barbosa Correia;1.65
23983;Rebeca Melo Melo;5.33
13002;Ryan Rodrigues Pinto;1.81
20485;Marcos Azevedo Silva;7.81
20776;Giovana Pinto Lima;7.08
19171;Anna Ferreira Araujo;7.52
21768;Giovana Azevedo Costa;8.01
21331;Guilherme Dias Fernandes;9.51
22832;Lara Pinto Carvalho;1.44
27113;Rafaela Cavalcanti Lima;8.42
19306;Caio Lima Martins;5.29
14778;Giovanna Barros Alves;4.29
12994;Aline Dias Oliveira;6.04
28713;Livia Pereira Rocha;7.74
12001;Victor Fernandes Pinto;5.18
10582;Lara Cunha Rodrigues;4.00
8536;Giovanna Pereira Gomes;8.96
401;Carolina Correia Barros;4.16
26153;Douglas Alves Castro;8.87
14572;Camila Melo Santos;2.17
27701;Lavinia Almeida Martins;8.09
6297;Enzo Fernandes Dias;0.89
7232;Larissa Carvalho Melo;7.75
25037;Amanda Carvalho Pinto;1.44
29851;Ryan Barros Oliveira;1.67
28936;Carlos Alves Barros;8.68
15785;Emilly Costa Pinto;5.10
7623;Miguel Barbosa Correia;3.83
4322;Thaís Oliveira Ferreira;9.36
21464;Julia Martins Cunha;8.11
4789;Emilly Castro Gomes;3.06
27814;Emilly Araujo Almeida;2.60
16442;Tânia Cardoso Santos;2.34
10889;Júlia Silva Cunha;0.16
26133;Anna Castro Almeida;4.41
12407;Diogo Carvalho Rocha;9.28
270;Bruna Almeida Alves;8.83
13415;Ana Fernandes Ferreira;2.33
597;Emily Santos Costa;9.32
29136;Camila Pereira Rodrigues;8.75
12765;Diego Castro Araujo;4.57
647;Isabella Souza Araujo;8.81
12575;Felipe Pereira Silva;8.27
6552;Luiz Cardoso Cavalcanti;6.37
9302;Cauã Gomes Oliveira;0.29
2177;Nicole Cardoso Cardoso;6.05
22347;Marina Alves Melo;8.62
15947;Nicolash Alves Rodrigues;4.28
18626;Marisa Barros Lima;6.89
2905;Rafael Azevedo Pereira;3.54
8372;Arthur Souza Azevedo;4.08
16342;Renan Araujo Ribeiro;0.28
3665;Bruno Cavalcanti Correia;1.57
2396;Raissa Pinto Pinto;7.09
18933;Bianca Barros Alves;2.95
902;Tomás Pinto Santos;5.58
11938;Samuel Araujo Cardoso;4.56
23065;Alex Ribeiro Castro;7.00
5784;Eduarda Costa Santos;6.99
25710;Danilo Fernandes Lima;0.25
10906;Vitória Oliveira Azevedo;7.81
20390;Matilde Cunha Santos;7.08
6625;Beatriz Oliveira Oliveira;4.88
2940;Rafael Sousa Costa;9.42
14404;Sofia Goncalves Goncalves;3.76
17109;Leonardo Castro Pinto;6.40
2089;Sofia Oliveira Fernandes;6.40
14776;Tiago Martins Azevedo;2.86
4451;Emily Silva Pereira;0.23
29346;Alice Rodrigues Rodrigues;2.85
16861;Carlos Pinto Oliveira;2.48
15686;Guilherme Pereira Pereira;5.48
29881;Luís Castro Silva;9.44
2768;Sophia Cavalcanti Carvalho;8.37
7315;Felipe Santos Fernandes;0.53
6456;Paulo Dias Sousa;3.56
15784;Beatriz Rocha Rodrigues;9.60
5406;Kauan Barbosa Cunha;6.05
12410;Douglas Azevedo Pinto;1.60
15644;Renan Oliveira Fernandes;2.87
2873;José Correia Melo;1.71
312;Breno Sousa Dias;4.10
23379;Leila Martins Araujo;7.59
29832;Laura Barros Costa;4.45
420;Maria Rodrigues Martins;6.55
10842;Ana Araujo Cardoso;5.11
14820;Miguel Rocha Pinto;1.48
3169;Miguel Alves Sousa;9.26
6223;Bruna Carvalho Barbosa;1.03
29621;Carlos Sousa Rodrigues;1.05
12923;Eduardo Azevedo Martins;3.48
14078;Alex Fernandes Souza;6.15
19132;Diogo Melo Martins;3.44
25534;Breno Rocha Barbosa;5.30
12827;Diogo Melo Souza;7.28
3726;Luana Araujo Gomes;7.12
8752;Gabrielle Castro Castro;2.60
24856;Letícia Rocha Costa;6.68
569;João Rodrigues Martins;4.25
23011;Carla Pereira Pereira;6.08
19373;Guilherme Goncalves Rodrigues;6.28
3577;Júlio Martins Rodrigues;4.08
19712;Martim Azevedo Lima;8.27
10160;Guilherme Rocha Melo;7.12
2260;Bruno Pinto Goncalves;3.50
22572;Vitor Castro Gomes;7.72
8292;Larissa Santos Gomes;1.50
4263;Vitoria Melo Costa;5.38
28374;Martim Rodrigues Barbosa;4.81
12297;Erick Rodrigues Rodrigues;9.38
1753;Felipe Almeida Ferreira;3.31
11270;Marisa Almeida Gomes;2.38
19800;Otávio Cardoso Correia;2.10
17277;Felipe Alves Barbosa;5.12
21459;Vitór Pinto Souza;1.11
5816;Gustavo Correia Lima;3.66
5190;Raissa Melo Araujo;7.79
29172;Estevan Lima Sousa;5.53
21482;Rebeca Silva Dias;4.30
22963;Gabriela Ferreira Martins;4.29
125;Sarah Lima Dias;5.35
17596;Giovana Correia Barbosa;1.15
17328;Thiago Pinto Goncalves;2.51
29078;Diogo Martins Oliveira;6.20
15596;Breno Souza Azevedo;7.51
9965;Julieta Silva Cardoso;6.54
29132;Luís Alves Martins;5.46
27578;Vitór Cardoso Pereira;5.70
24672;Ryan Martins Martins;5.99
13841;Vitória Dias Pereira;6.78
3611;Yasmin Melo Lima;8.11
10692;Nicolash Cardoso Oliveira;1.33
24184;Beatrice Fernandes Castro;6.47
10041;Aline Castro Alves;3.48
27610;Victor Melo Rocha;4.39
1127;Maria Barros Azevedo;2.38
28113;Samuel Almeida Barros;8.31
19911;Laura Rocha Ferreira;7.00
29379;Gabrielle Barbosa Pinto;1.04
10134;Isabelle Araujo Castro;5.38
14089;Marcos Gomes Melo;6.93
5656;Victor Costa Santos;5.94
111;Erick Sousa Ribeiro;3.56
21903;Vitoria Pinto Ferreira;6.30
21112;Thiago Rocha Castro;6.53
26960;Samuel Sousa Rocha;0.52
9672;Sophia Ferreira Ferreira;4.35
31;Alice Sousa Costa;6.33
18821;Vitór Santos Souza;9.75
16074;Gustavo Correia Araujo;5.53
6750;Leonardo Barbosa Fernandes;5.39
16428;Ryan Rodrigues Fernandes;4.85
18209;Diego Costa Costa;1.75
18218;Fernanda Ferreira Barbosa;3.50
28103;Tomás Goncalves Cavalcanti;8.02
18603;Tânia Azevedo Lima;1.82
20989;Carlos Ribeiro Rodrigues;7.55
13832;Kauan Cardoso Almeida;5.32
8096;Thaís Cunha Silva;3.45
3093;Giovana Ferreira Barros;8.89
6976;Gabrielly Pereira Cardoso;7.88
12479;Letícia Carvalho Azevedo;9.72
5519;Eduardo Barros Dias;4.13
2205;João Araujo Cavalcanti;5.01
23807;Larissa Castro Barbosa;8.29
12547;Mateus Santos Pereira;0.68
7512;Alex Almeida Rocha;2.54
28406;Livia Rocha Fernandes;5.11
638;Lucas Rodrigues Gomes;7.50
18038;Giovana Almeida Lima;8.78
26596;Tomás Gomes Oliveira;1.02
25041;Guilherme Ferreira Costa;3.37
23078;Mateus Almeida Correia;3.71
18015;Kauan Pereira Ribeiro;3.64
13065;Sarah Rocha Dias;8.52
28169;Ágatha Lima Ribeiro;0.49
25033;Gabrielly Pinto Oliveira;6.29
23290;Rafaela Melo Santos;9.05
23246;Carla Cunha Ribeiro;6.93
26704;Nicolas Lima Santos;8.08
28446;Júlio Dias Gomes;5.13
14697;Diego Lima Dias;8.21
14010;Rebeca Ribeiro Dias;9.61
16072;Thiago Dias Barbosa;2.77
13033;Bruna Barros Souza;1.77
8324;Victor Cavalcanti Costa;3.28
28629;Julieta Santos Barbosa;6.76
7201;Aline Cavalcanti Carvalho;5.46
7710;Isabela Ferreira Almeida;4.86
15766;Melissa Gomes Cunha;8.69
17960;Thiago Gomes Souza;3.68
5104;Júlio Fernandes Melo;4.32
21214;Letícia Pereira Rocha;3.07
14898;Daniel Fernandes Dias;6.79
8619;Cauã Correia Alves;2.25
26438;Julieta Pereira Rocha;9.18
773;Alice Correia Sousa;7.00
15215;Laura Fernandes Pereira;3.57
22331;Evelyn Azevedo Cunha;7.18
27985;Larissa Barbosa Alves;2.86
28043;Amanda Azevedo Correia;2.95
15680;Kaua Fernandes Rocha;2.18
17407;João Rocha Castro;6.15
3154;Larissa Barbosa Ribeiro;0.64
14782;Emilly Castro Sousa;7.74
11237;Camila Rocha Gomes;7.66
757;Gabrielly Gomes Melo;5.85
28982;Luana Dias Ferreira;5.34
23690;Luís Araujo Almeida;1.88
23965;Nicolash Gomes Gomes;4.57
510;Vitória Barros Rodrigues;5.16
7534;Samuel Sousa Fernandes;8.01
23457;Beatriz Correia Dias;6.24
23610;Nicolash Costa Rocha;4.25
4256;Isabela Souza Santos;5.61
12306;Martim Goncalves Silva;1.04
29969;Antônio Rodrigues Araujo;8.77
4762;Fernanda Pereira Cardoso;4.15
5511;Luiz Souza Goncalves;4.85
22879;Emily Fernandes Cavalcanti;0.66
17600;Tomás Carvalho Araujo;2.02
20550;Lara Martins Fernandes;3.64
24311;Evelyn Santos Dias;7.31
20654;Igor Almeida Rocha;3.80
10703;Samuel Fernandes Sousa;9.01
20887;Luiz Barbosa Santos;5.03
22105;José Gomes Lima;5.76
22984;Isabella Pereira Almeida;8.69
366;Amanda Lima Silva;4.21
6064;Guilherme Correia Pinto;9.43
26679;Luiz Correia Fernandes;1.96
19448;Fernanda Ferreira Santos;2.84
21317;Giovanna Goncalves Costa;1.84
19445;Alice Cardoso Silva;5.99
24185;Brenda Castro Cavalcanti;9.70
12224;Sarah Lima Souza;0.29
29481;Emily Dias Gomes;3.56
5079;Fábio Souza Dias;8.05
26586;Maria Cardoso Carvalho;0.98
28924;Sofia Barros Lima;5.84
337;Vitória Melo Silva;6.65
13188;José Silva Silva;6.08
8869;Otávio Barros Dias;1.80
7431;Isabelle Ferreira Correia;1.01
24775;Lucas Araujo Fernandes;3.36
19526;Laura Pinto Cardoso;0.75
8363;Danilo Melo Martins;5.59
4208;Matheus Gomes Castro;3.70
6668;Vinícius Ferreira Silva;0.71
14728;Alice Cavalcanti Barbosa;5.88
12365;Eduardo Castro Cardoso;7.26
27571;Letícia Sousa Oliveira;5.83
8937;Samuel Barbosa Silva;2.18
17106;Vitoria Barbosa Correia;8.72
22248;Anna Rodrigues Pereira;1.90
9909;Beatriz Souza Gomes;2.43
23954;Lavinia Martins Cunha;3.33
14054;Letícia Barros Pereira;0.60
23901;Letícia Ribeiro Alves;2.04
22821;Luís Goncalves Goncalves;9.61
16411;Vinícius Santos Alves;5.38
23700;José Cavalcanti Barbosa;1.05
11446;Carla Ribeiro Ribeiro;9.78
6953;Thiago Gomes Oliveira;6.50
6346;Larissa Lima Alves;6.18
7329;Luís Cunha Ribeiro;4.42
13704;Manuela Araujo Cavalcanti;9.83
28303;Victor Araujo Alves;4.32
2828;Alice Ribeiro Costa;0.86
29265;Júlia Melo Fernandes;1.05
10293;Eduardo Silva Santos;0.53
29592;Larissa Rodrigues Pereira;1.45
1130;Brenda Pinto Souza;8.35
26537;Maria Cunha Oliveira;1.46
7161;Nicole Dias Araujo;6.26
2334;Felipe Araujo Gomes;4.89
10814;Sarah Pereira Lima;1.22
2479;Leila Araujo Dias;1.56
25347;Mateus Martins Dias;2.85
22504;Lara Carvalho Ferreira;2.87
14800;Pedro Pereira Martins;2.47
10594;Manuela Cunha Barros;6.52
9320;Júlia Goncalves Rodrigues;6.56
4420;Diogo Costa Pereira;5.72
7949;Manuela Gomes Oliveira;3.91
29196;Nicolash Lima Carvalho;7.03
13371;Marisa Castro Gomes;1.04
25766;Laura Cavalcanti Almeida;5.03
5290;Lara Ferreira Oliveira;1.05
27213;Mariana Araujo Cavalcanti;3.72
3356;André Martins Alves;6.04
782;Lara Sousa Santos;9.27
17900;Samuel Goncalves Pinto;8.30
28948;Marina Martins Gomes;6.31
8647;Sofia Lima Cardoso;3.92
12531;Leonor Ferreira Ribeiro;7.16
25489;Julia Almeida Silva;3.38
17159;Gabriela Fernandes Barros;6.34
27824;Rafaela Pinto Souza;4.09
15463;Eduarda Fernandes Rocha;5.53
10014;Julian Martins Pinto;2.09
8609;Martim Gomes Dias;6.42
16809;João Cavalcanti Almeida;3.59
21056;Raissa Ferreira Dias;1.66
9809;Sophia Costa Fernandes;2.82
103;Kai Cavalcanti Correia;7.28
1395;Marisa Fernandes Martins;4.86
8343;Luan Melo Rodrigues;2.09
17223;Rafael Barros Pinto;3.58
14072;Luan Martins Dias;4.85
9159;Vitoria Oliveira Pereira;0.64
28305;Vitória Costa Pereira;7.88
9787;Beatrice Pinto Ribeiro;6.01
4725;Vinicius Barbosa Ribeiro;9.99
2723;Marisa Souza Goncalves;9.32
12469;Anna Correia Cavalcanti;3.20
6981;Sophia Ferreira Ribeiro;6.48
15783;Antônio Araujo Santos;6.71
14828;Julia Castro Souza;2.77
20888;Tomás Barbosa Ribeiro;2.30
21439;Giovana Dias Goncalves;9.66
8801;José Lima Almeida;5.61
17146;Kauan Santos Cunha;4.76
6225;Pedro Barros Azevedo;5.62
6712;Luís Martins Ferreira;5.23
15001;Carla Lima Melo;4.77
14008;Vinícius Gomes Martins;9.34
11898;Martim Carvalho Oliveira;8.79
10890;Beatrice Rocha Dias;8.17
27736;Carolina Gomes Gomes;2.10
24027;Tiago Barbosa Goncalves;8.34
26729;Rafaela Silva Sousa;4.47
13356;Beatrice Souza Carvalho;6.40
1589;Sofia Silva Souza;3.54
16965;Luiz Araujo Cunha;4.44
380;Diogo Ribeiro Silva;2.64
10016;Fábio Melo Alves;8.45
17142;Leonor Santos Barros;7.07
9468;Breno Ribeiro Lima;6.05
7875;Fábio Lima Araujo;4.67
24413;Isabela Silva Alves;8.73
9553;Raissa Oliveira Rodrigues;0.42
7728;Daniel Goncalves Rocha;9.65
14942;Sarah Almeida Lima;3.16
18953;Rodrigo Silva Oliveira;3.30
18314;Julieta Oliveira Alves;1.36
29287;Evelyn Martins Silva;8.80
16988;Laura Araujo Melo;5.63
20580;Livia Oliveira Cunha;6.51
21553;Matheus Alves Castro;2.66
5855;Antônio Cardoso Cunha;8.34
5890;Eduardo Carvalho Dias;8.51
24913;Nicolash Fernandes Souza;5.79
29815;Beatrice Melo Correia;8.00
27119;Leonor Goncalves Ferreira;4.15
27633;Matheus Oliveira Melo;5.40
26619;Bruno Dias Ferreira;5.32
29947;Miguel Goncalves Barbosa;0.09
27786;Paulo Oliveira Costa;1.92
17830;Vinícius Melo Martins;3.41
2099;Murilo Rocha Cardoso;1.21
27715;Amanda Rocha Gomes;3.56
25115;Tânia Cunha Almeida;0.47
21033;Diego Cavalcanti Costa;9.90
24292;Lavinia Sousa Barros;6.62
943;Carlos Pereira Carvalho;7.97
14884;Alice Souza Oliveira;5.24
25825;Kauan Fernandes Fernandes;7.30
2692;Júlia Costa Pereira;4.53
12897;Marina Pereira Almeida;0.06
24191;Luís Barbosa Oliveira;4.88
25804;Martim Rodrigues Alves;0.11
18330;Antônio Alves Almeida;0.27
10028;Matheus Gomes Cardoso;4.81
15336;Sophia Alves Sousa;9.68
13611;Manuela Cardoso Ferreira;7.35
25015;Leila Pinto Pereira;6.17
20650;Douglas Martins Dias;5.64
226;Antônio Costa Santos;3.62
13134;Isabelle Alves Melo;1.23
3119;Matilde Rocha Silva;6.67
2416;Vitória Oliveira Martins;7.71
29672;Guilherme Costa Souza;5.29
20726;Vitor Costa Cardoso;2.33
23911;Mateus Barbosa Fernandes;8.89
13121;Larissa Carvalho Barbosa;0.22
25916;Laura Barbosa Correia;8.32
23407;Kaua Alves Oliveira;0.72
16125;Rebeca Melo Fernandes;1.96
9528;Davi Santos Sousa;1.36
4213;Joao Goncalves Dias;6.58
2770;Larissa Azevedo Fernandes;7.58
1527;Marisa Souza Rocha;2.78
25363;Emilly Martins Cunha;9.38
6189;Pedro Silva Oliveira;2.21
2253;Renan Castro Correia;5.09
20625;Douglas Dias Barbosa;1.34
10771;Tomás Correia Sousa;4.49
20777;Melissa Santos Barros;6.75
25156;Leonardo Lima Gomes;3.88
11743;José Lima Azevedo;1.54
4523;Amanda Alves Rodrigues;4.36
5677;Luiza Barros Carvalho;2.29
20009;Kai Cavalcanti Costa;7.13
10455;Davi Santos Ribeiro;5.13
27541;Evelyn Ribeiro Ferreira;0.92
361;Tânia Rocha Cardoso;3.99
1435;Mariana Rocha Sousa;7.43
5389;Manuela Cavalcanti Gomes;8.99
25253;Pedro Lima Pinto;7.35
2540;Yasmin Dias Cavalcanti;1.30
19817;Gabriela Barbosa Santos;1.62
6461;Emily Pereira Melo;9.61
15382;Felipe Rodrigues Dias;8.60
3706;Vinícius Silva Oliveira;0.04
4156;Vitória Carvalho Cavalcanti;2.99
10451;Brenda Dias Pinto;3.65
5152;Isabelle Souza Ribeiro;9.30
10147;Bianca Castro Silva;8.95
24813;Danilo Pereira Santos;9.54
1496;Vitória Oliveira Lima;7.06
9113;Felipe Barros Pereira;9.91
23541;Vitoria Azevedo Cardoso;3.51
4583;Mateus Barbosa Melo;5.89
12415;Nicole Cunha Almeida;7.07
2764;Kaua Almeida Azevedo;9.25
3783;Daniel Castro Alves;2.30
18046;Tiago Rodrigues Rocha;8.91
14170;Julieta Azevedo Oliveira;4.45
26583;Vitor Correia Lima;3.19
15147;Nicole Cardoso Oliveira;1.67
25601;Cauã Correia Carvalho;7.01
23401;Carolina Rocha Araujo;2.88
16689;Douglas Melo Castro;4.05
7441;Lavinia Rocha Fernandes;2.77
14069;João Rodrigues Azevedo;7.16
19803;Carlos Costa Correia;7.27
7343;Leonor Alves Castro;6.82
26042;Luiza Ribeiro Dias;9.80
12609;Gabriel Goncalves Barros;4.14
3544;Raissa Costa Silva;1.18
13461;Carla Araujo Carvalho;8.94
17251;Julieta Barros Rocha;8.31
15325;Bruna Cunha Rocha;7.78
15568;Vinícius Araujo Pinto;7.50
20156;Vitória Gomes Cavalcanti;1.71
17057;Sophia Correia Martins;0.85
850;Luiz Oliveira Rocha;0.55
27688;Rodrigo Cavalcanti Castro;0.20
15724;Yasmin Pinto Cavalcanti;2.90
20088;Nicolash Oliveira Cunha;5.24
9197;Gabriel Alves Melo;9.82
5250;Gabriel Oliveira Pereira;6.42
13151;Julian Oliveira Lima;1.38
29435;Emily Rodrigues Ribeiro;7.62
6984;Gustavo Pinto Carvalho;4.08
29446;Sofia Almeida Oliveira;7.57
2833;Luis Castro Araujo;3.63
29562;Kaua Melo Barros;2.41
11579;Tânia Araujo Castro;5.06
19839;Livia Sousa Araujo;7.42
10005;Larissa Goncalves Rodrigues;4.10
195;Lucas Sousa Melo;0.94
5530;Caio Goncalves Rocha;6.77
566;Bruno Cavalcanti Carvalho;8.06
14427;Renan Barbosa Costa;4.77
17672;Kauê Martins Alves;5.09
28533;Renan Ribeiro Cavalcanti;9.55
1529;Breno Carvalho Santos;8.39
10449;Gabrielle Silva Dias;0.59
19018;Júlio Melo Melo;7.85
3255;Breno Silva Barros;8.61
23744;Rafaela Souza Cunha;1.02
865;Beatrice Araujo Castro;3.29
23195;Vitoria Cunha Azevedo;7.55
3985;Livia Rodrigues Silva;1.52
18075;Vinicius Alves Alves;6.11
14640;Diego Ribeiro Dias;3.28
3156;Caio Fernandes Barros;5.01
23945;Camila Dias Gomes;8.84
17651;Ana Goncalves Souza;1.55
11974;Erick Alves Rocha;4.48
3637;Kauê Melo Correia;3.85
27622;Lavinia Ferreira Santos;5.09
11637;Nicolas Dias Ribeiro;7.84
9308;Pedro Almeida Ribeiro;9.06
25899;Otávio Gomes Cunha;1.03
21054;Julian Costa Carvalho;3.77
1579;Bruno Araujo Souza;5.72
9205;Pedro Rocha Barbosa;1.91
4621;Marisa Oliveira Ribeiro;8.80
9498;Cauã Cavalcanti Rocha;0.37
6599;Diego Almeida Cardoso;2.25
394;Amanda Barbosa Gomes;0.73
2247;Vinícius Oliveira Sousa;7.48
20778;Leonardo Alves Melo;2.86
9221;Eduardo Almeida Ferreira;7.78
8182;Sophia Lima Araujo;7.32
16650;Brenda Almeida Barros;8.12
1206;Vitór Silva Gomes;5.94
177;Daniel Goncalves Pinto;7.04
13846;Melissa Ribeiro Ribeiro;5.05
19819;Vinicius Barbosa Pinto;4.67
8711;Rebeca Martins Azevedo;8.16
22329;Joao Barros Dias;1.95
4276;Luiza Carvalho Oliveira;5.54
3244;Breno Martins Carvalho;5.96
8461;Leonor Pereira Azevedo;8.71
3256;Luís Carvalho Carvalho;9.03
558;Bianca Rocha Martins;2.73
4317;Ana Costa Sousa;9.46
8257;Eduarda Pereira Araujo;9.48
21547;Gabrielle Silva Ferreira;9.61
7666;Beatriz Souza Barros;1.87
1030;Kauã Souza Carvalho;3.32
22123;Pedro Pereira Rodrigues;8.08
19753;Diogo Azevedo Cunha;7.94
15638;Danilo Lima Araujo;1.08
26636;Carolina Melo Castro;8.72
21665;Rafaela Ferreira Araujo;5.54
15794;Emily Alves Castro;1.62
8882;Matilde Carvalho Barros;3.10
17654;Fernanda Lima Pereira;2.71
3466;Amanda Carvalho Fernandes;9.98
26189;Luan Cavalcanti Carvalho;0.74
19194;Marisa Goncalves Cavalcanti;1.02
19326;Gabriela Oliveira Silva;4.08
25725;Marina Martins Rocha;4.15
25297;André Souza Oliveira;1.42
19943;Enzo Oliveira Azevedo;5.52
13671;Aline Alves Martins;8.54
11942;Caio Azevedo Almeida;6.56
2649;Maria Rocha Pereira;5.49
29177;Vitória Melo Barbosa;3.86
10999;Sophia Castro Dias;6.34
9172;Guilherme Gomes Souza;7.86
7345;Douglas Rodrigues Silva;4.64
15567;Vinicius Cunha Fernandes;8.13
22250;Renan Santos Carvalho;0.70
6888;Luís Silva Rodrigues;7.53
19453;Thiago Costa Cardoso;0.30
15588;Paulo Alves Goncalves;5.91
4203;Kauã Lima Cunha;5.41
43;Luiza Alves Alves;6.82
15056;Larissa Barros Rodrigues;5.59
2201;Eduarda Castro Almeida;4.86
2689;Breno Cavalcanti Silva;4.89
10349;Eduardo Fernandes Carvalho;2.16
19179;Júlio Castro Cardoso;0.98
11692;Luiz Cunha Dias;2.83
23200;Renan Almeida Barbosa;7.31
18354;Luana Araujo Rodrigues;9.36
8346;Erick Costa Almeida;7.82
19912;Giovana Fernandes Cunha;5.54
7680;Manuela Oliveira Cunha;8.27
25429;Daniel Pereira Cavalcanti;5.79
28566;Júlio Correia Castro;2.06
27128;Davi Barbosa Melo;7.40
27496;Nicolash Gomes Dias;6.30
11683;Douglas Castro Carvalho;8.12
6775;Tomás Castro Souza;3.22
194;Leonor Lima Goncalves;1.42
5804;Júlia Sousa Barbosa;4.57
24127;Vitór Azevedo Ferreira;8.82
15398;Melissa Lima Alves;0.06
16266;Gabriela Alves Rodrigues;0.12
6056;Clara Cunha Azevedo;5.21
7700;Isabelle Cunha Pinto;4.09
24869;Alice Silva Goncalves;2.99
9182;Matilde Ribeiro Costa;6.49
26381;Murilo Dias Pinto;3.70
15060;Danilo Cardoso Costa;6.09
26229;Bruna Rocha Rodrigues;8.55
9042;Mariana Martins Lima;0.65
14337;Thiago Rodrigues Cavalcanti;2.07
3648;Yasmin Souza Araujo;3.91
15032;Anna Sousa Oliveira;7.57
8754;Matilde Pereira Pereira;8.90
5006;Matheus Oliveira Azevedo;1.84
8957;Júlio Barros Carvalho;4.18
20194;Matheus Melo Oliveira;4.29
28654;Mariana Almeida Rodrigues;5.78
11042;Fábio Azevedo Correia;0.30
24958;Martim Gomes Lima;9.65
9419;Otávio Silva Costa;9.72
7639;Melissa Pereira Pinto;6.03
20651;Nicole Pinto Goncalves;4.40
28061;Sophia Araujo Melo;1.34
18111;Livia Ferreira Fernandes;4.12
2740;Estevan Cavalcanti Gomes;4.68
13140;Paulo Cardoso Gomes;0.09
13837;Luiz Goncalves Oliveira;4.40
648;Thiago Ribeiro Oliveira;9.47
21826;Enzo Dias Sousa;4.48
10886;Paulo Carvalho Silva;7.79
2200;Emilly Pinto Pinto;5.26
3814;Vitor Carvalho Fernandes;0.62
11382;Marisa Martins Goncalves;9.13
11108;Sarah Cavalcanti Lima;4.13
893;Diego Martins Rodrigues;9.02
10133;Beatrice Melo Araujo;3.55
17329;Yasmin Rocha Ferreira;4.95
5702;Eduardo Azevedo Ribeiro;0.22
29924;Júlia Lima Souza;7.37
7587;Laura Rocha Goncalves;3.65
23957;Gustavo Santos Almeida;4.72
12484;Nicolas Goncalves Carvalho;9.09
27176;Luiz Melo Oliveira;0.32
8063;Breno Sousa Castro;2.33
24668;Laura Ferreira Correia;1.34
22365;André Melo Correia;7.53
13821;Mariana Sousa Ferreira;3.79
27395;Eduarda Souza Goncalves;6.44
13901;Lara Almeida Pinto;4.67
3870;Leila Rodrigues Fernandes;1.89
11517;Bruno Souza Sousa;3.09
6990;Tiago Barbosa Alves;1.87
17071;João Oliveira Ferreira;9.62
8606;Bruno Oliveira Rodrigues;5.98
20591;Luiza Silva Almeida;9.37
7142;Giovanna Ferreira Carvalho;6.07
29260;Giovanna Lima Sousa;7.54
22776;Luis Pinto Pinto;9.15
20892;Murilo Pinto Melo;7.44
27114;Luis Gomes Pereira;2.41
14219;Ana Costa Barbosa;8.23
26349;Pedro Ribeiro Castro;3.85
24208;Marisa Correia Gomes;8.02
27891;Tomás Barbosa Lima;9.81
6075;Matheus Souza Ribeiro;8.49
23302;Luana Oliveira Lima;1.47
27398;Rafaela Fernandes Almeida;2.01
11140;Gabriela Araujo Martins;6.68
17302;Igor Cavalcanti Sousa;0.70
14747;Douglas Costa Castro;3.44
22396;Thiago Rodrigues Rodrigues;6.20
6900;Renan Rodrigues Lima;5.91
20479;Fábio Pinto Sousa;6.70
5686;Vitor Pereira Ferreira;5.48
25482;Kauê Correia Castro;9.97
16597;Manuela Cavalcanti Goncalves;5.58
2784;Julian Lima Sousa;5.43
7937;Amanda Cardoso Lima;0.92
2698;Sarah Barros Dias;6.58
10578;Aline Barbosa Cunha;0.41
10997;Sarah Pereira Martins;7.15
2492;Diego Pereira Cunha;1.76
21161;Antônio Carvalho Barbosa;2.63
22606;Giovanna Rodrigues Azevedo;6.07
5977;Bruna Goncalves Ferreira;2.27
13830;Antônio Lima Cardoso;8.99
5448;Fernanda Sousa Pinto;7.21
21897;Carla Araujo Santos;8.10
20671;Guilherme Azevedo Goncalves;6.28
17613;Gabriela Ferreira Dias;7.86
17975;Douglas Alves Santos;7.53
17592;Giovana Barbosa Ferreira;0.88
19607;Clara Rocha Barbosa;4.18
15399;Kauê Ribeiro Fernandes;5.55
15672;Joao Azevedo Sousa;5.96
23167;Tânia Dias Cavalcanti;9.99
25455;Antônio Dias Pereira;1.56
9034;Rafael Souza Lima;2.39
25732;Luis Barros Oliveira;0.19
1674;Luiza Souza Correia;7.11
22795;Vitoria Martins Cardoso;2.76
1081;Breno Cavalcanti Barbosa;1.62
19287;Rafael Barros Melo;5.08
17901;Evelyn Rodrigues Pereira;6.23
27503;Mariana Barros Alves;4.19
25117;Diogo Costa Lima;1.64
21711;Livia Cavalcanti Pinto;8.55
14302;Murilo Araujo Silva;6.27
1318;Tânia Sousa Sousa;5.61
10015;Matheus Carvalho Carvalho;3.41
11564;Camila Cunha Melo;8.57
3055;Joao Santos Correia;6.90
10743;Caio Sousa Silva;1.16
2864;Giovanna Oliveira Martins;3.69
13418;Kauê Fernandes Cunha;6.84
8520;Rafael Ribeiro Carvalho;5.43
9083;Thaís Rocha Gomes;4.14
7810;Kauê Santos Fernandes;8.15
4330;Gabrielle Martins Cunha;2.93
17925;Thiago Goncalves Souza;4.63
8240;Marcos Carvalho Rocha;2.43
4414;Lara Fernandes Alves;2.08
16314;Brenda Santos Cardoso;5.43
3883;Tomás Sousa Barros;7.90
11137;Yasmin Ribeiro Alves;5.01
5005;Rodrigo Pereira Azevedo;6.71
6125;Isabelle Ribeiro Rocha;5.80
29188;Davi Pinto Cardoso;4.99
2175;Victor Lima Oliveira;9.14
422;Erick Lima Araujo;7.50
27832;Giovanna Costa Ferreira;1.65
11151;Leila Silva Barbosa;9.51
13961;Alice Alves Costa;0.56
22422;Fábio Silva Rocha;8.32
6811;Thiago Cavalcanti Cunha;9.82
10246;Emilly Cunha Dias;7.71
25276;Fernanda Alves Pereira;4.98
7184;Eduarda Pinto Oliveira;5.67
22482;Luis Rocha Dias;2.02
18231;Fernanda Silva Lima;9.90
3495;Giovanna Melo Souza;8.00
1447;Yasmin Cavalcanti Cunha;7.86
19327;Amanda Cardoso Dias;8.30
29368;Victor Oliveira Ribeiro;0.75
19673;Amanda Almeida Pinto;0.64
21896;Leila Azevedo Castro;9.82
7791;Leonardo Pereira Ribeiro;4.79
21064;Tânia Oliveira Goncalves;9.26
18770;Tomás Gomes Araujo;5.86
22600;Tiago Fernandes Gomes;7.98
20237;Vinícius Alves Cunha;5.38
22017;Davi Cardoso Souza;3.79
8176;Pedro Azevedo Dias;5.54
29577;Anna Lima Dias;2.00
21727;Ana Martins Pinto;9.88
2220;Marcos Melo Barbosa;2.50
17766;Vitoria Castro Alves;6.83
16863;Joao Correia Barbosa;4.85
20698;Eduarda Azevedo Alves;6.54
6525;Bruno Silva Martins;6.47
20273;Fábio Carvalho Melo;8.70
499;Mateus Gomes Pereira;2.05
27694;Sophia Gomes Azevedo;5.51
15824;Marina Santos Souza;1.89
27674;Mariana Barros Rocha;4.45
25126;Renan Dias Correia;0.38
8956;Beatriz Souza Gomes;1.98
17928;Vinicius Ferreira Oliveira;7.93
19271;Mateus Rodrigues Lima;5.47
29711;Guilherme Fernandes Ribeiro;7.25
12111;Gabriel Cavalcanti Barbosa;2.91
5037;Vitória Silva Costa;8.61
17094;Julieta Sousa Pinto;4.32
16999;Julieta Martins Castro;6.79
27727;Leonor Goncalves Correia;8.48
5612;Carlos Lima Martins;7.26
429;Julieta Castro Melo;7.30
26808;Maria Goncalves Ribeiro;7.20
13532;Tiago Costa Costa;3.15
20644;Giovana Alves Oliveira;5.47
10166;Danilo Martins Barros;7.23
16276;Luan Costa Pereira;4.48
22896;Lavinia Silva Santos;5.46
22256;Kauan Oliveira Martins;7.66
5319;Gabrielle Gomes Araujo;3.82
20321;Samuel Dias Almeida;5.62
11370;Nicolas Barros Rocha;1.78
6925;Carla Souza Castro;7.06
12793;Leonardo Pereira Rodrigues;0.86
10914;Bruno Castro Melo;7.44
21039;Leonor Cardoso Lima;0.15
9564;Enzo Santos Dias;1.46
20239;Douglas Fernandes Rocha;9.10
14181;Nicole Santos Rodrigues;4.86
20139;Sarah Goncalves Correia;0.29
24149;Miguel Santos Dias;6.28
15884;Cauã Silva Gomes;3.34
26020;Thaís Araujo Fernandes;6.03
24649;Júlia Rodrigues Almeida;8.81
18773;Arthur Silva Melo;0.91
9173;Evelyn Souza Pereira;6.20
28126;Felipe Sousa Gomes;7.72
3646;Bruna Alves Silva;1.91
5588;Yasmin Sousa Alves;5.19
13181;Pedro Silva Gomes;0.36
23676;Marisa Carvalho Cavalcanti;4.13
5185;Anna Rocha Martins;8.50
2852;Laura Gomes Lima;9.31
17583;Daniel Ferreira Silva;6.12
13039;Gustavo Souza Ferreira;0.25
26044;Eduardo Souza Barros;8.06
28979;Otávio Barbosa Araujo;2.61
24002;Vitor Costa Goncalves;8.81
28660;Fernanda Correia Oliveira;6.94
6593;Camila Pinto Dias;3.70
29384;Evelyn Santos Correia;8.59
29930;Vitór Ferreira Oliveira;3.47
26256;Brenda Cunha Cavalcanti;6.38
1304;Davi Sousa Souza;7.38
22164;Lucas Fernandes Gomes;0.22
11547;Amanda Souza Dias;0.73
8133;Gabriel Castro Lima;7.21
4833;Tânia Santos Fernandes;5.84
6044;André Almeida Cardoso;2.13
27802;Pedro Alves Cardoso;0.73
25923;Alex Araujo Silva;7.65
11864;Tânia Silva Sousa;0.73
15378;André Dias Souza;6.83
6569;Marcos Azevedo Barros;6.06
6580;Ágatha Barbosa Ribeiro;9.98
5925;Fábio Carvalho Carvalho;7.08
19665;Diego Costa Melo;1.20
9292;Isabelle Cardoso Rodrigues;2.85
28856;Maria Melo Silva;3.74
20760;Mateus Ferreira Pereira;2.89
27792;Leila Cardoso Pinto;6.29
23224;Kauan Martins Costa;3.77
29428;Ryan Barros Melo;1.58
23527;Vitória Silva Lima;9.56
27919;Cauã Ribeiro Barros;7.76
28755;Yasmin Cunha Souza;8.02
26431;Julieta Carvalho Araujo;6.47
20601;Tiago Cunha Castro;2.91
8940;Gustavo Barbosa Lima;1.60
26079;Julia Silva Silva;0.85
4013;Kauã Oliveira Araujo;1.21
21989;José Silva Martins;6.49
20235;Sophia Barbosa Barbosa;0.26
3748;Isabelle Ferreira Araujo;8.34
29580;Emily Costa Pinto;7.38
29491;Alex Alves Pereira;6.04
8853;Maria Castro Castro;3.31
25852;André Castro Ribeiro;4.46
24068;Giovana Oliveira Castro;3.14
34;Marcos Cunha Rocha;9.90
27141;Gabriela Araujo Castro;1.40
27385;Pedro Rocha Rocha;5.98
18006;Gabriela Cardoso Lima;3.94
461;Leila Souza Gomes;8.98
9775;Kaua Melo Martins;3.68
27769;Luiz Costa Barbosa;9.94
15329;Manuela Silva Pereira;8.41
28962;Paulo Castro Martins;3.34
5064;Tomás Castro Rocha;9.25
4540;Evelyn Cunha Ferreira;8.09
16067;Mariana Lima Carvalho;5.76
1972;Erick Ribeiro Santos;1.78
11793;Letícia Silva Sousa;8.09
7421;Diogo Melo Goncalves;5.16
12733;Lavinia Pereira Silva;0.87
29452;Mateus Martins Barbosa;6.83
14288;Isabela Souza Santos;6.83
15480;Mateus Santos Alves;9.67
13739;Renan Almeida Pereira;8.24
15982;Lucas Pereira Fernandes;4.12
17580;Livia Araujo Lima;4.04
18068;Matheus Martins Barros;9.12
19556;Daniel Araujo Silva;9.36
2945;Bruna Costa Gomes;0.65
20331;Marisa Lima Castro;2.65
6718;Kauê Lima Martins;8.38
26902;Amanda Ferreira Barbosa;3.18
11188;Thaís Dias Gomes;9.33
18819;Nicole Rocha Fernandes;8.32
6333;Diego Rodrigues Silva;4.53
858;Samuel Almeida Sousa;5.88
28696;Carlos Alves Lima;9.62
8431;Vitor Cardoso Barros;1.81
24258;Kauan Fernandes Martins;7.83
26174;Renan Costa Pinto;4.41
7557;Nicolash Correia Rodrigues;5.05
16494;Thaís Melo Barbosa;4.71
29227;Lara Azevedo Barros;3.13
18865;Miguel Carvalho Santos;9.81
14082;Mateus Dias Barros;5.01
13660;Murilo Barros Ferreira;3.62
28001;Samuel Dias Alves;6.95
14591;Marisa Almeida Santos;7.90
10879;Kauê Ferreira Melo;0.65
1818;Vitór Costa Goncalves;3.78
15527;Lavinia Sousa Almeida;4.73
17913;Ana Fernandes Carvalho;5.44
16580;Anna Goncalves Lima;8.64
17986;Kauê Costa Almeida;2.65
1672;Bianca Souza Gomes;6.79
21022;Rodrigo Ferreira Cardoso;3.76
16468;Marisa Pinto Barbosa;9.44
7817;Lavinia Costa Cardoso;6.58
21297;Júlio Correia Souza;7.37
13497;Laura Almeida Oliveira;6.97
13127;Amanda Sousa Oliveira;9.08
22401;Anna Goncalves Martins;7.44
21318;Rafael Goncalves Carvalho;9.67
14544;Sofia Gomes Santos;7.97
29538;Sophia Carvalho Barbosa;3.03
20495;Marisa Rodrigues Ribeiro;8.79
5554;Vitória Pinto Melo;9.56
7370;Isabella Ferreira Almeida;4.31
2271;Caio Correia Ferreira;3.74
564;Kai Alves Cavalcanti;8.93
7766;Larissa Costa Rodrigues;3.17
746;Raissa Gomes Goncalves;2.46
24611;Ryan Cardoso Gomes;5.25
15468;Enzo Fernandes Oliveira;2.33
8588;Gabrielly Barros Souza;7.72
15935;Bianca Carvalho Dias;5.19
13770;Beatrice Almeida Oliveira;5.99
19674;Gabrielly Araujo Rodrigues;5.19
24181;Nicolash Melo Melo;3.14
19545;Tânia Melo Oliveira;8.85
16727;Douglas Fernandes Alves;6.24
17428;Tomás Souza Barros;3.50
12949;Vinícius Correia Rocha;8.42
24796;Murilo Carvalho Rodrigues;0.66
1426;Gabrielly Lima Lima;6.95
11592;Evelyn Gomes Ferreira;7.41
7459;Erick Silva Dias;0.27
1325;Kauan Silva Azevedo;4.43
17457;Fábio Costa Santos;7.68
17380;Júlio Castro Dias;1.84
4873;Gabrielle Fernandes Sousa;7.31
18234;Pedro Martins Azevedo;0.77
78;Amanda Martins Alves;2.53
7988;Isabela Gomes Cunha;8.97
13250;Cauã Alves Azevedo;8.08
1643;Luan Cavalcanti Pereira;7.97
26447;Arthur Pinto Pereira;7.36
22825;Victor Ribeiro Melo;6.60
1946;Eduardo Melo Cavalcanti;0.10
23558;Samuel Castro Dias;4.28
12520;José Cunha Martins;3.01
6004;Rafaela Oliveira Santos;3.65
17666;Murilo Correia Rodrigues;1.11
13869;Thaís Lima Alves;4.00
5092;Fernanda Almeida Lima;0.35
28530;Pedro Azevedo Goncalves;5.26
11359;Douglas Barbosa Alves;3.23
27517;Eduardo Martins Cardoso;3.73
12655;Yasmin Azevedo Araujo;1.57
15943;Tiago Almeida Carvalho;9.23
14384;Maria Azevedo Rocha;6.73
3864;Danilo Sousa Almeida;5.85
22462;Luiz Barbosa Alves;9.13
20466;Arthur Ferreira Santos;0.70
11090;Pedro Martins Fernandes;8.76
23002;Vitor Sousa Almeida;5.20
7363;Martim Castro Cardoso;4.83
14862;Isabelle Rocha Almeida;7.70
3043;Diego Sousa Pereira;0.04
5084;Beatriz Almeida Ferreira;7.04
25736;Douglas Cavalcanti Santos;5.28
24387;Gustavo Ferreira Barros;3.04
3933;Breno Correia Castro;2.81
16627;Kauan Goncalves Barbosa;9.42
8904;Julieta Gomes Ribeiro;6.06
16805;Gabrielle Ribeiro Martins;4.04
25570;Lavinia Goncalves Dias;9.06
23746;Enzo Azevedo Barbosa;1.14
14847;Julieta Pinto Oliveira;5.44
1732;Thaís Goncalves Lima;1.07
10672;Guilherme Rocha Pinto;9.63
20537;Eduardo Sousa Melo;3.43
21360;Júlio Barbosa Santos;3.70
5333;Rafaela Pinto Cavalcanti;3.96
17575;Miguel Sousa Sousa;0.76
23797;Leonardo Sousa Pereira;6.14
21474;Ana Martins Silva;9.27
25373;Giovanna Ribeiro Costa;9.68
21939;Mateus Barbosa Pereira;1.98
19737;Vitor Ribeiro Rocha;3.55
24168;Yasmin Melo Barros;2.44
26160;Danilo Barros Fernandes;6.79
5869;Laura Araujo Sousa;8.73
29658;Isabella Costa Almeida;1.23
20407;Beatrice Araujo Araujo;4.62
8392;Alice Silva Barros;9.54
28340;Rebeca Lima Carvalho;0.30
25151;Kaua Goncalves Oliveira;4.85
11730;Bruna Oliveira Araujo;9.37
23076;Giovanna Carvalho Castro;8.58
6288;Aline Lima Ferreira;5.28
20533;Kai Pinto Santos;0.57
22700;Lucas Cardoso Cunha;6.45
13272;Julian Pinto Cunha;7.67
22519;Yasmin Barros Lima;2.77
25293;Erick Ferreira Sousa;2.11
2390;Cauã Costa Castro;3.09
14869;Isabella Sousa Ferreira;4.38
3058;Melissa Ferreira Santos;5.94
7882;Brenda Souza Costa;7.07
834;Luiz Alves Pinto;2.36
9130;Alex Melo Pinto;0.74
3254;Joao Melo Oliveira;0.65
1988;Gustavo Cunha Martins;5.60
21981;Thiago Barros Cunha;6.87
10169;Rodrigo Lima Silva;5.69
675;Joao Sousa Lima;4.28
12142;Eduardo Cunha Silva;3.38
15611;Bianca Alves Santos;8.39
26911;Marisa Fernandes Sousa;6.62
27191;Laura Lima Barbosa;5.96
20837;Eduardo Correia Correia;5.71
4134;Enzo Pereira Araujo;0.99
25465;Caio Alves Alves;9.52
20002;Kauã Correia Pereira;2.12
15333;Tomás Pinto Ferreira;7.43
27407;Julia Barbosa Lima;0.91
27077;Kauê Goncalves Cavalcanti;4.34
8408;Carlos Dias Martins;0.62
22990;Cauã Cunha Ferreira;3.23
7964;Matilde Melo Ferreira;2.28
9369;Leonor Cunha Araujo;8.01
1188;Lavinia Ribeiro Lima;5.74
7640;Tânia Souza Araujo;5.95
3148;Kai Melo Martins;8.83
5526;Julieta Cardoso Silva;2.55
27364;Gustavo Cavalcanti Rocha;1.62
27838;Daniel Goncalves Santos;1.70
28343;Anna Costa Cunha;2.84
3351;Anna Araujo Araujo;7.91
9813;Estevan Castro Dias;8.44
12769;Antônio Castro Oliveira;1.98
20336;Kai Pereira Cavalcanti;8.90
4397;Letícia Ferreira Lima;0.33
2923;Maria Castro Cavalcanti;3.41
24619;Paulo Martins Barros;3.96
13838;Matilde Souza Fernandes;8.36
14196;Emily Pereira Araujo;4.13
14633;Sarah Alves Silva;0.86
6392;Anna Barros Souza;1.40
26812;Kaua Rocha Lima;5.72
11502;Antônio Dias Fernandes;9.10
1734;Leonardo Silva Rocha;5.78
15571;Daniel Azevedo Correia;5.88
26862;Sarah Oliveira Santos;4.06
7150;Marina Barros Almeida;3.05
15705;Beatriz Cavalcanti Oliveira;1.12
19144;Letícia Carvalho Gomes;9.61
29754;Martim Goncalves Ribeiro;8.32
4623;Davi Ribeiro Barbosa;6.03
29856;Rafaela Cunha Ferreira;3.19
22242;Davi Lima Azevedo;1.39
5295;Rodrigo Cunha Ribeiro;4.86
16889;Mateus Dias Azevedo;9.53
8668;Eduarda Goncalves Gomes;6.43
29934;Vinicius Santos Alves;9.52
1922;Renan Azevedo Rocha;7.06
14769;Lara Carvalho Gomes;5.51
12234;Luana Gomes Ferreira;4.16
3305;Laura Goncalves Martins;1.98
6598;Breno Souza Dias;9.99
24337;Diogo Gomes Dias;4.94
15210;Matilde Alves Cardoso;2.22
13546;Matheus Barbosa Ferreira;4.84
15854;Matilde Martins Almeida;5.02
8201;Bianca Ferreira Gomes;9.92
2041;Lavinia Costa Castro;7.14
673;Martim Cardoso Cavalcanti;4.79
17090;Luis Azevedo Cunha;2.06
16961;Tomás Martins Araujo;8.22
17634;Felipe Lima Carvalho;5.67
19871;Carla Barros Silva;2.23
8178;Guilherme Fernandes Carvalho;6.93
29219;Miguel Alves Oliveira;7.80
7873;Sophia Fernandes Pinto;1.09
512;Isabella Alves Almeida;9.75
3367;Enzo Silva Souza;4.12
22973;Renan Rocha Gomes;1.77
908;Emily Araujo Correia;9.22
7116;Julia Gomes Santos;8.49
27393;Lara Almeida Carvalho;1.74
19531;Vinicius Oliveira Rodrigues;7.04
20923;Larissa Oliveira Santos;7.37
9019;Gabriel Carvalho Pinto;1.18
7219;Lara Azevedo Pereira;4.71
19998;Tiago Gomes Dias;4.91
28831;Renan Correia Castro;1.53
5754;Júlia Santos Goncalves;6.12
4437;Davi Pereira Silva;2.20
25574;Letícia Sousa Santos;1.97
760;Lara Gomes Cunha;8.02
27365;Igor Santos Ferreira;8.15
5112;Vinícius Ribeiro Cavalcanti;1.83
27960;Sofia Barbosa Gomes;6.62
8633;Kaua Cardoso Costa;2.22
22144;Carla Santos Araujo;5.93
1256;Luana Pinto Alves;6.45
25452;Evelyn Cardoso Cunha;6.70
3283;Pedro Correia Sousa;1.72
131;Paulo Alves Pinto;5.57
2720;Clara Melo Souza;5.96
19151;Kauê Santos Barros;8.96
18157;Julieta Pereira Castro;7.62
27211;Mateus Araujo Lima;5.47
3290;Thaís Cavalcanti Oliveira;2.39
17161;Lara Carvalho Ferreira;2.25
19157;Camila Rodrigues Cavalcanti;8.45
2772;Pedro Correia Melo;6.08
18356;Matheus Lima Ribeiro;1.01
28908;Júlio Rodrigues Lima;4.39
18052;Isabella Souza Rodrigues;6.20
11429;Felipe Barros Araujo;0.66
19734;Martim Silva Melo;6.60
10825;Arthur Martins Carvalho;7.27
2482;Rafaela Barbosa Cunha;4.88
23432;Julia Rocha Cavalcanti;0.04
15830;Amanda Azevedo Melo;8.83
18611;Giovana Rocha Lima;6.41
26875;Melissa Castro Melo;2.24
24056;Matilde Pereira Melo;3.10
11089;Bruna Alves Silva;2.20
20371;João Ribeiro Pinto;2.43
1605;Clara Araujo Melo;2.45
5981;Sofia Sousa Correia;9.26
9767;Kauê Martins Costa;3.90
25326;Danilo Cardoso Ferreira;9.20
855;Clara Gomes Dias;1.39
8601;Julieta Correia Costa;8.28
15438;Carlos Pinto Gomes;0.73
259;Diogo Santos Ferreira;2.25
5216;Manuela Pereira Melo;6.67
7046;Lucas Castro Martins;2.86
198;Julian Ferreira Azevedo;4.36
7350;Nicolash Lima Gomes;3.06
9252;Amanda Santos Ferreira;7.03
14885;Luís Cunha Correia;4.72
5493;Marcos Pereira Oliveira;0.32
23762;Antônio Carvalho Fernandes;5.08
10525;Luiz Rocha Goncalves;2.66
29115;Ágatha Rodrigues Carvalho;0.49
22678;Tiago Santos Oliveira;9.63
5239;Estevan Almeida Rocha;7.56
29552;Leonor Cunha Araujo;6.03
24247;Daniel Souza Goncalves;5.93
28122;Maria Silva Carvalho;7.54
20987;Daniel Rodrigues Santos;1.66
27617;Luis Fernandes Sousa;0.24
18481;Luís Cardoso Ribeiro;0.92
7282;Joao Sousa Azevedo;9.03
14746;Larissa Alves Gomes;5.58
19900;Tiago Rocha Oliveira;5.95
6105;Beatriz Ribeiro Dias;8.95
27945;Raissa Almeida Carvalho;4.33
1906;Ana Souza Pinto;7.09
2715;Mariana Correia Melo;6.29
4748;Raissa Gomes Melo;7.39
1536;Breno Dias Alves;5.46
20311;Giovanna Cardoso Castro;1.71
7852;Paulo Almeida Carvalho;9.48
21604;Sophia Azevedo Alves;9.38
4486;Fernanda Costa Pinto;3.68
7192;Gabriel Ribeiro Almeida;0.28
19650;Rodrigo Correia Rodrigues;7.37
18182;Vitór Melo Costa;7.17
2778;João Costa Sousa;8.36
7195;André Rodrigues Gomes;4.47
6729;Fernanda Martins Castro;8.76
25238;Leonor Alves Castro;7.79
9327;Aline Sousa Fernandes;1.46
3042;Larissa Dias Araujo;7.17
26185;Caio Pinto Costa;5.69
16444;Paulo Rocha Costa;1.69
17135;Arthur Castro Souza;8.66
881;Anna Souza Goncalves;8.22
6099;Lavinia Cardoso Dias;6.17
13132;Brenda Araujo Costa;5.92
112;Julian Araujo Barros;1.05
21076;Luana Melo Goncalves;5.57
3092;Marisa Castro Cunha;7.82
2595;Vitór Dias Cardoso;3.80
5508;Julieta Santos Ribeiro;3.82
29457;Murilo Melo Cardoso;9.37
27450;Thaís Melo Dias;6.90
18837;Marina Barros Lima;9.78
10698;Isabela Silva Alves;5.76
20913;Igor Gomes Santos;0.60
12487;Felipe Ribeiro Carvalho;5.45
15529;Amanda Castro Alves;1.60
29918;Felipe Goncalves Santos;9.05
26102;Gabriel Melo Barros;1.06
3332;Martim Sousa Almeida;6.80
28450;Kai Azevedo Alves;7.19
24812;Tiago Almeida Alves;7.58
23135;Raissa Souza Alves;6.47
19644;Lavinia Silva Barbosa;0.91
13992;Melissa Fernandes Rodrigues;8.22
9329;Victor Souza Souza;3.73
1287;Vitoria Azevedo Castro;0.95
9157;Pedro Castro Goncalves;7.10
26470;Antônio Rocha Cavalcanti;6.64
11873;Julia Alves Goncalves;1.93
11127;Leila Rocha Martins;0.86
23396;Lara Araujo Cavalcanti;7.49
1217;Sophia Ribeiro Cunha;3.12
28595;Douglas Rocha Pinto;0.21
28261;Kaua Barbosa Barros;2.27
14989;Estevan Ribeiro Fernandes;6.21
26293;Marina Castro Azevedo;1.66
23885;Gabriel Silva Lima;6.85
1877;Felipe Pereira Castro;0.41
3215;Evelyn Gomes Araujo;6.51
12413;Manuela Cavalcanti Fernandes;8.47
15470;Vitor Santos Barbosa;6.77
22014;Ana Fernandes Carvalho;3.72
29447;Alice Ferreira Pinto;4.57
16900;Julia Goncalves Pinto;2.69
9852;Gustavo Araujo Costa;4.67
8379;Giovana Fernandes Sousa;5.94
9555;Evelyn Alves Araujo;5.22
25344;Isabela Correia Fernandes;4.52
5129;Sarah Rodrigues Barros;0.24
16957;Ana Almeida Alves;5.25
5443;Vitoria Alves Gomes;6.14
21473;Raissa Ferreira Correia;7.93
13836;Marisa Lima Dias;2.61
12014;Ryan Goncalves Lima;9.97
18258;Eduarda Alves Correia;3.85
23711;Lucas Pinto Rodrigues;0.71
29890;Júlia Correia Barbosa;9.65
19328;Gabrielle Pinto Gomes;5.11
11005;Diego Gomes Gomes;0.56
28786;Bruno Correia Barros;8.62
2296;Ryan Pereira Ribeiro;1.95
23650;Isabelle Costa Melo;7.03
11061;Matilde Pinto Cavalcanti;6.71
3903;Felipe Cavalcanti Melo;8.35
12548;Antônio Pinto Pinto;1.39
8766;Clara Sousa Souza;8.04
17102;Tiago Barbosa Costa;6.74
28000;Matheus Carvalho Souza;1.08
26566;Vinícius Barbosa Silva;6.63
2560;Kai Dias Alves;6.57
21523;Vitor Costa Melo;9.50
11465;Kai Almeida Rocha;5.49
11712;Julieta Barros Correia;1.28
707;Gabrielly Goncalves Rodrigues;2.89
14504;Felipe Goncalves Gomes;2.10
16328;Pedro Souza Melo;4.27
29255;Brenda Sousa Melo;9.28
6526;Anna Pereira Correia;6.49
25791;Melissa Fernandes Rodrigues;6.10
27489;Renan Barros Sousa;5.24
19654;Maria Alves Barbosa;8.84
14467;Paulo Souza Pereira;9.10
12139;Victor Carvalho Barbosa;5.86
16856;Melissa Carvalho Souza;3.16
2451;Luiza Correia Araujo;7.94
26534;Rodrigo Cavalcanti Barros;6.80
5087;Tiago Barbosa Goncalves;0.76
22016;Gabrielly Goncalves Cunha;1.82
22208;Luana Gomes Rocha;1.77
20398;Felipe Silva Melo;0.73
19496;Fernanda Martins Ferreira;8.16
21450;Vitoria Santos Sousa;2.79
1528;Anna Barbosa Pereira;0.43
26918;Vitória Ribeiro Ribeiro;8.87
13393;Nicolas Goncalves Dias;5.40
29831;Mateus Ribeiro Oliveira;7.05
12658;Vinicius Rodrigues Goncalves;1.28
5897;Julian Souza Castro;7.87
15653;Melissa Costa Pereira;3.38
26707;Enzo Carvalho Castro;0.62
4827;Otávio Barros Almeida;4.63
15933;Arthur Alves Ribeiro;8.63
25383;Diogo Melo Rocha;4.34
12916;Gabriel Castro Fernandes;2.27
17040;Ágatha Goncalves Almeida;6.70
8728;Marisa Melo Pereira;8.54
16676;Yasmin Gomes Martins;2.07
11130;Alex Martins Cardoso;7.52
2261;Erick Correia Ribeiro;1.57
21048;Bruno Sousa Ribeiro;5.99
26452;Murilo Barbosa Cunha;1.09
24811;Isabella Costa Santos;9.45
9650;Júlia Souza Fernandes;5.58
21290;Bruno Cardoso Silva;6.70
21681;Sophia Cardoso Pereira;2.14
25213;Carolina Lima Goncalves;1.55
910;Luiza Azevedo Rocha;4.34
27741;Pedro Oliveira Ferreira;9.90
10119;Gabrielle Gomes Barros;7.63
8879;Fernanda Cavalcanti Pereira;2.22
29207;Luiza Carvalho Gomes;1.50
26144;João Souza Araujo;5.17
19393;Leonor Pereira Souza;8.17
4133;Nicolas Goncalves Lima;5.64
7544;Sarah Fernandes Silva;5.41
28588;Vitor Cavalcanti Gomes;2.17
18453;Kauê Almeida Ferreira;9.69
8358;Vitór Costa Rocha;1.84
16671;Renan Correia Azevedo;5.59
11327;Clara Pereira Araujo;5.75
9842;Martim Santos Cavalcanti;8.79
19733;Lavinia Rodrigues Santos;4.47
22067;Danilo Cavalcanti Oliveira;8.32
12113;Arthur Oliveira Cardoso;6.65
23940;Maria Martins Cardoso;2.40
25447;Raissa Barbosa Castro;5.55
7891;Nicolash Pereira Santos;8.04
20966;Kauã Souza Lima;4.96
2277;Gabriel Almeida Cunha;9.97
23881;Kaua Azevedo Goncalves;3.57
9805;Gabrielly Melo Cardoso;6.68
27277;Larissa Correia Ferreira;8.11
25454;Letícia Pinto Dias;6.93
29760;Amanda Silva Souza;2.76
7738;Vitoria Oliveira Souza;7.01
12384;Thaís Oliveira Carvalho;7.38
4619;Raissa Azevedo Goncalves;0.65
5019;Letícia Araujo Carvalho;4.54
7204;Raissa Ribeiro Castro;9.70
11294;Caio Cavalcanti Dias;3.71
22815;Gabriela Lima Goncalves;7.49
6149;Vitór Almeida Melo;1.74
21807;Luan Goncalves Costa;7.74
6975;Matheus Cunha Almeida;2.76
6008;Matheus Pereira Azevedo;3.14
4536;Julia Silva Rodrigues;7.27
17207;Eduarda Martins Cardoso;0.73
17480;Luis Dias Castro;5.44
1324;Julieta Araujo Azevedo;1.74
9824;Thaís Barbosa Rodrigues;5.87
24328;Ryan Pinto Ferreira;6.83
5692;Anna Azevedo Azevedo;0.95
6719;Giovanna Cunha Pinto;9.11
17335;Diego Cavalcanti Goncalves;9.28
16924;Thaís Ribeiro Santos;1.35
8589;Nicolas Cavalcanti Martins;9.41
18740;Bruno Silva Cunha;3.70
4421;Maria Oliveira Rodrigues;2.38
9483;Lara Ribeiro Ferreira;3.52
12818;Erick Sousa Pereira;2.71
24530;Kauã Alves Pereira;6.95
24171;Arthur Dias Martins;1.75
2496;Mateus Fernandes Fernandes;7.87
3276;Sophia Sousa Souza;7.62
24487;Maria Dias Ferreira;3.10
2791;Júlio Cardoso Barbosa;4.63
21449;Douglas Alves Melo;2.47
24956;Anna Castro Souza;1.57
26897;Ana Ferreira Correia;3.93
11008;Joao Ribeiro Lima;4.72
9941;Gabriela Lima Pinto;8.47
28415;Carlos Cunha Ferreira;8.46
1454;Júlia Almeida Almeida;2.34
14702;Leonardo Martins Dias;1.55
6340;Melissa Ferreira Azevedo;7.20
15882;Nicolash Ferreira Goncalves;4.52
13087;Clara Sousa Pereira;8.70
22;Clara Gomes Dias;8.22
20025;Caio Araujo Rocha;1.53
26507;Ryan Rocha Ferreira;2.94
28685;Raissa Martins Correia;8.73
1220;Emily Pinto Barros;3.41
2386;Martim Castro Almeida;9.64
3411;Ágatha Melo Correia;1.03
11035;Carla Costa Silva;2.93
3944;Arthur Cavalcanti Ferreira;0.30
13644;Breno Cunha Rodrigues;6.72
15243;Aline Silva Santos;4.37
17778;Carlos Rocha Silva;0.15
2856;Eduarda Sousa Araujo;0.19
7103;Sofia Oliveira Sousa;1.24
18961;Marisa Ferreira Barbosa;2.25
18026;Melissa Costa Rodrigues;8.64
9567;Manuela Santos Alves;8.93
26192;Larissa Santos Silva;7.32
16827;Julia Ferreira Rodrigues;4.97
9316;Bruna Pinto Pinto;7.87
446;Julia Barros Sousa;3.34
21319;Vitoria Cavalcanti Rodrigues;8.50
16321;Maria Pereira Correia;1.81
24784;Aline Costa Goncalves;2.95
7331;Renan Rodrigues Almeida;3.25
26818;Gustavo Silva Ribeiro;1.80
16651;Evelyn Dias Dias;1.83
23707;Martim Pinto Goncalves;7.66
13464;Kauã Sousa Rodrigues;8.48
16825;Miguel Azevedo Gomes;2.65
18280;Anna Fernandes Almeida;5.83
22168;Lucas Melo Cavalcanti;9.42
1926;Julieta Fernandes Araujo;1.09
6401;Breno Costa Ferreira;7.07
14771;Gabrielle Dias Lima;0.53
1330;Julia Carvalho Rodrigues;5.73
28701;André Lima Cavalcanti;3.39
6484;Enzo Martins Sousa;7.38
9104;Samuel Costa Cunha;0.56
20830;Giovana Alves Santos;1.34
6890;Nicolas Dias Almeida;9.29
1004;Lara Rocha Fernandes;0.24
8195;Marisa Ribeiro Cunha;7.82
1631;Tânia Silva Correia;6.85
10174;Marina Lima Souza;8.09
17324;Carlos Rocha Carvalho;4.55
132;Douglas Pinto Araujo;2.05
11515;Leila Fernandes Martins;3.69
24752;Rodrigo Cardoso Cavalcanti;5.03
19019;Diogo Martins Gomes;8.81
18172;Anna Oliveira Souza;4.19
29417;Melissa Cardoso Barbosa;4.39
7277;Marina Azevedo Santos;7.54
4483;Eduarda Oliveira Cunha;2.22
21462;Nicole Silva Ferreira;7.00
13269;Luís Costa Cunha;8.86
26905;Laura Fernandes Santos;2.82
13902;Marisa Cavalcanti Correia;1.15
8571;Luiza Castro Oliveira;1.77
23370;Livia Martins Silva;0.58
22276;Paulo Barros Pereira;3.25
18194;Beatriz Barros Santos;2.97
23715;Vinícius Pinto Santos;2.33
20161;Leila Dias Dias;9.38
20829;Kauã Fernandes Silva;3.81
1717;Amanda Souza Almeida;7.31
26444;Sophia Alves Barros;6.76
23315;Paulo Rodrigues Ferreira;9.19
16625;Eduarda Carvalho Correia;5.32
19135;Sophia Azevedo Alves;5.17
21657;Mateus Castro Castro;2.25
18488;Victor Gomes Araujo;7.59
22452;Vinicius Cavalcanti Ferreira;8.14
9837;Lavinia Pereira Azevedo;1.93
11065;Manuela Ribeiro Fernandes;8.83
6895;Kaua Cardoso Gomes;3.53
23886;Ana Santos Correia;5.51
14385;Caio Carvalho Ribeiro;7.60
13459;Igor Pinto Barros;9.80
28644;Douglas Alves Cavalcanti;0.27
3316;Kaua Lima Rocha;1.93
14781;Bianca Oliveira Rocha;4.06
26417;Igor Martins Barros;5.30
15393;Luiz Araujo Costa;7.24
23667;Sofia Costa Almeida;0.54
22071;Mariana Pereira Oliveira;6.25
18757;Nicolash Barbosa Melo;5.95
3231;Marina Santos Costa;9.91
25679;Leonardo Ferreira Pinto;2.31
11956;Vinicius Araujo Azevedo;0.69
15553;Marcos Azevedo Barbosa;7.52
23337;Júlio Silva Oliveira;3.84
9341;Mariana Carvalho Rocha;0.52
1489;Isabella Barros Sousa;6.90
4035;Caio Pereira Alves;5.33
24523;Luan Pinto Goncalves;8.21
27629;Kai Alves Oliveira;4.54
7713;Kauê Castro Cavalcanti;8.19
15472;Pedro Lima Gomes;1.90
2876;Emilly Almeida Correia;6.66
10081;Enzo Correia Pereira;5.16
26909;Julia Martins Cardoso;2.38
20615;Vitoria Cavalcanti Rocha;6.95
8635;Júlia Pereira Barbosa;9.02
13323;Bruna Melo Costa;7.87
7812;Manuela Melo Costa;7.24
1911;Thiago Sousa Costa;6.04
23978;Giovanna Fernandes Carvalho;1.20
19633;Brenda Ribeiro Ribeiro;3.93
6838;Cauã Martins Cardoso;3.72
29847;Rafaela Costa Araujo;0.56
22843;Kauan Lima Cavalcanti;3.11
18540;Camila Melo Azevedo;7.83
25098;Nicolas Ribeiro Dias;2.64
15602;Eduardo Pereira Azevedo;9.26
28009;Danilo Ribeiro Almeida;3.73
6843;Daniel Barbosa Correia;1.38
9125;Luiza Fernandes Carvalho;4.16
19173;Vitoria Carvalho Melo;5.33
11387;Larissa Martins Rocha;1.18
24306;Leila Cardoso Santos;4.37
8179;Miguel Araujo Cardoso;6.74
16722;Isabelle Cunha Pinto;7.98
23862;Fábio Silva Barbosa;6.13
21004;Ágatha Oliveira Barros;0.65
22266;Paulo Correia Almeida;8.77
9175;Gabriel Carvalho Lima;0.71
29058;André Souza Santos;2.48
15871;Beatrice Almeida Souza;2.68
16486;Fernanda Santos Correia;4.60
20826;Davi Araujo Santos;3.48
21589;Kauã Rocha Rodrigues;3.37
20365;Eduarda Silva Pereira;2.13
8655;Thiago Castro Santos;1.59
17088;Luís Fernandes Melo;9.43
6656;Vitoria Carvalho Alves;8.25
19465;Enzo Ribeiro Azevedo;5.42
29317;Rafaela Cavalcanti Araujo;9.05
29608;Danilo Ribeiro Souza;2.98
21130;Beatriz Melo Melo;5.38
7811;Ryan Ribeiro Rocha;2.60
26856;Livia Cunha Souza;2.05
16665;Arthur Pereira Alves;9.49
13716;Matilde Cavalcanti Rodrigues;7.74
14090;Anna Silva Almeida;2.60
1670;Diego Silva Cardoso;4.01
27286;Igor Ferreira Sousa;4.92
8078;Isabella Melo Santos;9.57
9148;Tomás Pinto Goncalves;6.59
27360;Isabela Sousa Sousa;8.20
3165;Bruna Oliveira Araujo;8.98
23341;Estevan Silva Araujo;2.00
7354;Tomás Ribeiro Almeida;6.43
26868;Gabrielle Araujo Barros;1.68
14753;Vitória Ribeiro Pereira;0.56
19231;Luana Costa Pereira;9.37
29021;Livia Martins Rocha;8.45
6765;Julian Sousa Rodrigues;1.77
28565;Rafaela Fernandes Cardoso;1.33
868;Daniel Correia Ferreira;3.58
28675;Kauan Dias Goncalves;5.38
28890;Beatriz Sousa Azevedo;1.79
24141;Thaís Ferreira Carvalho;5.46
3632;Amanda Araujo Pereira;1.75
18600;Bruna Carvalho Almeida;6.93
9122;Diogo Oliveira Goncalves;0.06
19408;Laura Cavalcanti Gomes;5.43
1620;Vitória Cardoso Dias;4.51
6000;Isabela Ferreira Pinto;1.02
2281;Gustavo Cardoso Pinto;9.12
2782;Luís Carvalho Alves;0.70
18759;Samuel Santos Souza;7.13
9307;Ryan Sousa Lima;7.89
23483;Erick Silva Souza;7.42
21218;Igor Azevedo Rocha;3.65
24454;Beatrice Souza Goncalves;7.19
173;Luiz Azevedo Costa;3.28
28017;Lucas Cavalcanti Santos;1.00
9033;Carla Ferreira Cavalcanti;7.75
6211;Tiago Barbosa Carvalho;2.08
16288;Evelyn Barbosa Carvalho;3.66
28079;Cauã Araujo Rodrigues;6.01
10558;Rafael Souza Azevedo;8.28
8490;Matheus Santos Melo;3.38
27222;Pedro Rocha Barbosa;1.63
14880;Carlos Ferreira Pinto;0.77
29842;Giovana Silva Gomes;0.22
3490;Rafael Gomes Barros;4.35
23468;Rafaela Sousa Oliveira;0.93
16508;Martim Ribeiro Pinto;4.00
16094;André Rocha Azevedo;0.42
5986;Lucas Gomes Oliveira;1.29
5867;Bruno Pinto Rodrigues;4.56
12909;Paulo Castro Ferreira;9.97
2872;Fernanda Correia Fernandes;6.44
25846;Gabrielly Goncalves Almeida;2.56
17885;Gabrielly Rodrigues Oliveira;9.74
21778;Marina Barros Goncalves;0.40
24858;Breno Goncalves Souza;8.05
17414;Emily Dias Barros;3.95
27105;Gabriel Goncalves Ferreira;4.67
841;Igor Rodrigues Ribeiro;5.46
28709;Diego Cavalcanti Lima;1.65
28590;Sofia Castro Almeida;4.22
23282;Carlos Almeida Cunha;3.28
10321;Rebeca Pereira Costa;5.94
6095;Tomás Ferreira Barbosa;8.37
14268;Mariana Barros Martins;0.24
10709;Laura Pinto Barbosa;5.00
10487;Ana Ferreira Souza;6.29
20388;Marina Sousa Rodrigues;8.69
21758;Carlos Carvalho Cunha;1.50
24580;Renan Dias Gomes;9.29
19055;Carlos Rocha Azevedo;7.36
17483;Lara Barros Souza;8.26
20624;Enzo Rodrigues Dias;0.34
7803;Gabriela Ribeiro Ribeiro;5.52
9452;Miguel Martins Souza;5.71
22355;Caio Souza Araujo;8.23
26895;Luís Santos Alves;0.68
20952;Gabrielly Cunha Ribeiro;5.62
393;Lucas Gomes Barros;0.29
1885;Otávio Pereira Oliveira;2.98
12127;Arthur Azevedo Cardoso;3.69
8283;Fábio Rocha Almeida;1.64
12085;Eduarda Azevedo Pinto;1.38
12610;Kauê Azevedo Oliveira;7.10
27501;Renan Dias Goncalves;7.98
18458;Matheus Azevedo Goncalves;6.19
25645;Julian Silva Gomes;2.10
20287;Thiago Araujo Almeida;4.18
20576;Kauê Rodrigues Fernandes;1.06
23199;Kai Carvalho Fernandes;6.86
29328;Ana Correia Fernandes;7.68
9108;Rebeca Melo Araujo;1.36
26162;Kauã Silva Azevedo;0.18
14171;Emilly Araujo Costa;7.60
25676;Mariana Santos Carvalho;6.33
25854;Felipe Gomes Cunha;8.20
15546;Carlos Costa Silva;1.14
12851;Gabriel Pinto Silva;3.93
11230;Diego Ribeiro Castro;5.62
18323;Rafael Goncalves Santos;6.43
27229;Eduarda Cunha Ferreira;2.89
2092;Livia Pereira Araujo;3.62
13885;Brenda Pinto Martins;1.57
15226;Mateus Gomes Pinto;3.88
22390;Joao Dias Cavalcanti;7.66
937;Caio Carvalho Pereira;2.45
5534;Igor Fernandes Gomes;6.85
21607;Eduarda Azevedo Sousa;9.58
25198;Lara Santos Melo;9.93
11277;Douglas Martins Cavalcanti;9.56
7809;André Gomes Barbosa;7.91
27296;Anna Rocha Castro;2.45
11062;Douglas Almeida Carvalho;1.03
25566;Isabelle Alves Santos;7.64
23417;Daniel Barbosa Alves;6.62
28422;Maria Fernandes Martins;2.04
13020;Isabela Goncalves Rocha;3.66
6127;Maria Oliveira Castro;0.46
19294;Otávio Melo Ribeiro;7.16
14106;Luiza Gomes Correia;2.84
8074;Luana Silva Gomes;0.95
12039;Carla Cunha Fernandes;8.08
717;Gustavo Cunha Araujo;1.38
4319;Breno Cavalcanti Pinto;7.49
29869;Alice Melo Santos;6.01
7226;Luís Cavalcanti Rodrigues;7.57
13880;Yasmin Gomes Costa;0.95
22715;Cauã Cavalcanti Melo;8.76
12942;Breno Fernandes Pinto;8.61
4386;Paulo Martins Pereira;6.37
5574;Júlio Ribeiro Costa;8.00
2238;Luan Costa Alves;9.42
1883;Martim Oliveira Sousa;3.67
2982;Gabriela Alves Ribeiro;6.97
11761;Thaís Fernandes Pinto;1.59
19907;Vitór Souza Pinto;5.83
7844;Kauê Cavalcanti Cunha;9.70
9058;Amanda Ribeiro Costa;1.68
25093;Raissa Azevedo Castro;8.38
3737;Brenda Melo Ribeiro;1.73
17587;Amanda Silva Martins;3.29
12657;Vitoria Ferreira Rodrigues;5.94
22044;Fernanda Rodrigues Gomes;5.72
15681;Bianca Lima Cunha;9.83
23425;Igor Costa Cavalcanti;5.62
16254;Giovana Ribeiro Cunha;1.24
9846;Bruna Alves Pereira;5.61
25549;Yasmin Cardoso Cunha;0.71
1237;Vinícius Barbosa Goncalves;6.13
10240;Marina Ribeiro Lima;3.94
7599;Kaua Araujo Correia;9.54
18760;Eduardo Ferreira Almeida;5.78
22313;Carla Melo Cunha;1.71
133;Aline Cardoso Rodrigues;7.68
4883;José Costa Silva;3.84
16181;Aline Alves Castro;4.28
28935;Brenda Oliveira Barbosa;5.59
26411;Nicolash Martins Fernandes;5.13
360;Melissa Rocha Correia;8.85
18332;Manuela Santos Sousa;0.24
22730;Ana Castro Alves;1.94
17147;Samuel Sousa Carvalho;0.25
11006;Evelyn Costa Carvalho;0.77
12086;Joao Ferreira Rodrigues;9.34
4878;Kaua Souza Barros;4.51
4089;Fernanda Silva Araujo;4.53
12788;Rafaela Barbosa Gomes;2.46
13725;Fernanda Barros Costa;3.19
10051;Vitór Martins Rocha;6.70
20740;Samuel Rodrigues Castro;3.14
13117;Gabriela Barbosa Oliveira;0.52
2929;Amanda Rocha Pereira;4.16
22485;Murilo Araujo Castro;2.56
21383;Eduarda Azevedo Correia;1.77
21710;Thaís Silva Lima;5.92
19370;Eduardo Martins Santos;1.29
21616;Arthur Barros Araujo;1.99
2331;Julieta Goncalves Cardoso;3.52
23754;Júlio Costa Melo;0.87
922;Beatriz Melo Castro;0.50
24886;Arthur Souza Oliveira;6.40
11134;Isabela Rodrigues Castro;2.94
21719;Carla Cavalcanti Souza;6.94
19724;Julia Silva Oliveira;5.12
17010;Luís Lima Pinto;6.82
1516;Eduardo Pereira Rocha;4.75
20168;Camila Rocha Cardoso;6.63
5772;João Pinto Rocha;4.96
681;Gustavo Santos Sousa;0.30
22735;Anna Ribeiro Barbosa;1.88
28737;Livia Cardoso Martins;9.47
8388;Eduarda Barbosa Rodrigues;5.36
6089;Cauã Cardoso Costa;4.95
543;Douglas Barbosa Silva;4.29
25120;Eduardo Pereira Alves;9.26
22622;Diogo Santos Pereira;8.43
29300;Maria Azevedo Santos;5.64
13220;Isabelle Azevedo Fernandes;1.05
1840;Kauê Almeida Barros;2.57
19501;Marina Dias Almeida;3.59
16229;Rodrigo Ribeiro Alves;6.49
20380;Fábio Pinto Barros;4.07
5016;Ana Rocha Dias;7.65
28189;Yasmin Barbosa Barbosa;1.16
9016;Julian Ribeiro Rodrigues;8.96
4003;Evelyn Santos Azevedo;4.68
8511;Cauã Sousa Barros;2.54
7888;Bruno Barbosa Castro;7.75
10626;Carla Pinto Ferreira;4.52
12271;Júlia Souza Melo;5.96
23458;Tânia Castro Barbosa;6.55
27215;Kai Ferreira Barros;4.12
5861;Murilo Costa Martins;8.99
134;Matilde Rocha Correia;1.05
25726;Otávio Cavalcanti Silva;4.67
2963;Camila Santos Martins;0.37
27451;Luis Silva Sousa;4.26
28868;Antônio Cavalcanti Melo;2.93
7681;Nicolash Correia Almeida;4.47
19254;Paulo Azevedo Pinto;3.87
20291;Beatrice Lima Silva;9.81
903;Estevan Silva Fernandes;7.41
6315;Sarah Cardoso Ribeiro;9.95
16848;Manuela Barros Pereira;6.72
21378;Vinicius Ribeiro Silva;0.02
5865;Marina Barbosa Martins;9.71
12149;Fernanda Gomes Barbosa;4.62
23126;Rafaela Araujo Cunha;0.33
14159;Diogo Fernandes Gomes;6.57
14289;Arthur Pereira Ribeiro;5.25
10103;Manuela Costa Cardoso;3.02
18173;Sarah Ribeiro Barros;6.74
26115;Ágatha Lima Gomes;4.19
1910;Kai Almeida Almeida;7.10
2579;Isabelle Souza Barros;6.32
28769;Sofia Rodrigues Pereira;0.28
17526;Melissa Azevedo Pereira;6.19
6643;Fábio Santos Cardoso;1.69
28157;Luis Dias Rodrigues;2.47
7926;Luiza Pinto Oliveira;2.62
15726;Maria Souza Pereira;0.04
26851;Igor Rocha Araujo;8.60
20578;Sarah Cavalcanti Dias;7.28
26382;Nicolas Ferreira Fernandes;8.58
16185;Letícia Cunha Barbosa;6.41
22733;Carlos Santos Dias;4.50
6676;Vitor Santos Silva;2.16
22373;Emily Gomes Correia;7.19
6104;Bruna Pinto Alves;9.66
20846;Beatrice Fernandes Rocha;3.49
16599;Douglas Oliveira Fernandes;8.06
1915;Isabelle Dias Barbosa;7.47
21394;Luís Cardoso Pereira;7.19
24429;Melissa Barros Goncalves;1.04
15103;Vitór Goncalves Ferreira;2.35
15980;Arthur Alves Melo;6.83
13398;Renan Correia Cardoso;0.25
1938;Maria Goncalves Martins;9.56
23642;Luan Goncalves Ferreira;0.05
12454;Larissa Oliveira Rocha;2.85
24635;Marisa Dias Dias;2.33
20519;Gabriela Barbosa Ferreira;7.54
3704;Bruna Sousa Alves;9.33
14305;Vitoria Dias Santos;4.86
27659;Livia Santos Silva;2.63
12798;André Pinto Azevedo;5.27
18974;Tomás Souza Cardoso;1.92
23662;Manuela Rocha Silva;6.18
1644;Ágatha Castro Cunha;2.51
21880;Marcos Cunha Dias;9.39
6047;Leila Martins Santos;4.78
6335;Isabelle Fernandes Costa;5.75
20879;Gabriela Ribeiro Castro;4.49
2137;Tomás Castro Silva;1.73
3153;Victor Rocha Pereira;5.57
9504;Igor Costa Fernandes;9.18
29649;Carla Fernandes Oliveira;2.94
27497;Rafael Cavalcanti Alves;2.22
26377;Rafaela Fernandes Goncalves;9.77
18551;Manuela Rodrigues Goncalves;8.74
16909;Douglas Pereira Azevedo;0.76
6934;Nicolash Ferreira Barbosa;1.36
10065;Julieta Pereira Cardoso;5.95
7217;Diego Cunha Ribeiro;6.62
12536;Fernanda Fernandes Cunha;0.81
2185;Guilherme Barbosa Barros;2.13
24459;Fábio Azevedo Alves;8.05
26016;Marcos Almeida Alves;6.29
2168;Julian Oliveira Rocha;2.37
29396;Carolina Goncalves Santos;2.88
27673;Joao Silva Goncalves;3.92
3559;Luis Castro Pereira;0.85
6052;Evelyn Correia Martins;0.46
5796;Carla Sousa Cavalcanti;8.19
1810;Renan Goncalves Araujo;9.62
22142;Isabella Goncalves Araujo;3.49
16097;Vitor Almeida Oliveira;3.84
1720;Diogo Almeida Carvalho;6.83
11707;Tomás Dias Ribeiro;2.13
25881;Eduarda Castro Cavalcanti;6.28
25229;Nicolas Lima Almeida;3.88
10993;Kai Rodrigues Correia;7.18
4667;Paulo Oliveira Araujo;6.01
23307;Ágatha Martins Ferreira;9.44
25325;Rafaela Silva Alves;3.70
17450;Melissa Rodrigues Alves;4.18
17505;Guilherme Pereira Santos;8.56
4453;Marcos Castro Costa;6.28
4401;João Cardoso Alves;9.86
7508;Danilo Martins Barbosa;0.76
20686;Melissa Barros Sousa;9.56
7420;Sarah Araujo Barbosa;3.73
7314;Mariana Carvalho Ribeiro;6.07
7098;Rodrigo Araujo Cardoso;0.31
7088;Ágatha Ribeiro Rocha;9.40
24606;Leila Costa Azevedo;4.44
9669;Raissa Dias Almeida;7.45
6013;Luiz Costa Castro;4.90
15248;Luana Castro Ferreira;1.62
20840;Giovanna Cunha Sousa;6.31
2809;Kauê Correia Azevedo;3.96
25722;Eduardo Sousa Sousa;8.51
2615;Erick Araujo Martins;6.70
28044;Kauan Araujo Cunha;9.43
6354;Marcos Cunha Pinto;1.95
284;Manuela Alves Cunha;9.98
27376;Fernanda Cunha Cavalcanti;9.58
20986;Sophia Araujo Costa;0.86
11279;Maria Cavalcanti Silva;2.46
4307;Beatrice Azevedo Martins;6.41
28926;Daniel Alves Cunha;8.33
1582;Bruno Correia Carvalho;1.58
26232;Gustavo Sousa Araujo;5.00
5593;Emilly Martins Rocha;6.46
24658;Luan Almeida Lima;1.43
20640;Rebeca Ribeiro Ribeiro;1.65
29812;Nicolash Souza Barbosa;5.20
12157;Júlio Cunha Araujo;0.88
25871;Nicole Ribeiro Azevedo;0.71
28881;Leonor Carvalho Rodrigues;8.02
21658;Kauã Barros Souza;9.28
11460;Carla Azevedo Pereira;3.71
3859;Estevan Correia Ribeiro;8.01
20524;Carlos Pereira Melo;0.54
7734;Anna Carvalho Cardoso;3.52
21365;Ana Costa Gomes;3.79
4225;Kaua Melo Sousa;6.58
28128;Paulo Santos Rocha;1.22
13909;Mariana Correia Araujo;8.78
26143;Luiz Pinto Santos;3.85
17004;Isabela Sousa Almeida;6.61
9954;Guilherme Azevedo Araujo;2.46
15516;Matheus Martins Silva;1.58
6787;Maria Barros Cardoso;3.98
20141;Leonor Correia Goncalves;9.17
7406;Samuel Rodrigues Oliveira;0.08
27378;Júlia Gomes Rocha;7.30
8225;Carla Sousa Barbosa;9.36
27060;Murilo Pinto Sousa;0.94
26051;Bruna Azevedo Araujo;2.91
5633;Leila Barbosa Araujo;5.31
12458;Gabrielle Ferreira Cunha;5.47
14725;Tomás Souza Oliveira;0.70
18369;Davi Cunha Dias;9.24
24895;Gabrielly Almeida Goncalves;4.72
8355;Kai Pinto Silva;3.53
10309;Melissa Melo Silva;5.89
27650;Julia Pereira Costa;8.37
666;Clara Castro Lima;2.97
22605;Alex Cavalcanti Rodrigues;7.52
21644;Marcos Pereira Dias;5.88
12389;Bruna Souza Castro;2.75
23890;Aline Correia Cunha;9.31
16926;Martim Ferreira Correia;0.48
8779;Lavinia Barbosa Castro;2.70
4805;Kai Lima Oliveira;4.95
24488;Luan Goncalves Sousa;8.79
4841;Giovana Barros Barbosa;1.51
11110;Giovanna Rocha Oliveira;5.53
1393;Pedro Melo Castro;0.66
13835;Tânia Santos Sousa;4.65
8570;Nicolas Rocha Pinto;6.86
16038;Estevan Almeida Fernandes;7.30
6886;Carolina Silva Almeida;5.05
15577;Emily Fernandes Pereira;1.79
14545;Bruno Fernandes Barros;7.81
20118;Fábio Carvalho Pereira;4.60
24174;Tomás Fernandes Silva;2.68
13271;Yasmin Ribeiro Costa;9.64
3584;Isabelle Lima Rodrigues;0.12
25232;Luiza Alves Cunha;0.58
13875;Renan Fernandes Melo;0.04
29923;Kaua Castro Melo;7.40
28764;André Pereira Barbosa;5.02
3969;Lavinia Correia Oliveira;3.85
17973;Camila Souza Castro;3.03
13956;Estevan Araujo Araujo;5.61
7850;Livia Souza Goncalves;7.03
10302;Igor Costa Pereira;9.41
11540;Vitória Alves Lima;8.94
4650;Julian Barros Rodrigues;7.73
1687;Camila Correia Santos;3.66
13862;Arthur Lima Rodrigues;9.89
15539;Tiago Rocha Santos;2.36
5080;Luiz Silva Azevedo;3.28
3343;Gabrielle Lima Lima;3.29
18114;Rafaela Dias Cunha;0.97
2161;Cauã Rocha Lima;0.31
26940;Rafael Silva Gomes;2.58
11187;Vitoria Oliveira Azevedo;9.23
6954;Luís Carvalho Araujo;8.93
193;Luis Martins Rodrigues;7.25
28031;Estevan Silva Rodrigues;1.55
26796;Cauã Correia Azevedo;2.94
4706;Luís Santos Rocha;3.96
5029;Thaís Silva Cunha;2.98
26934;Larissa Pinto Souza;1.02
11443;Leonor Dias Cavalcanti;2.99
18256;Erick Cunha Ribeiro;9.09
4514;Evelyn Cunha Dias;7.94
20086;Nicolash Souza Rocha;7.94
28834;Marisa Fernandes Azevedo;1.85
10188;Otávio Cavalcanti Dias;1.03
24087;Marcos Dias Martins;7.80
20433;Davi Pereira Dias;6.14
11884;Joao Azevedo Martins;8.16
11723;Vinícius Santos Ferreira;6.28
25620;Vitória Ferreira Melo;2.18
1229;Lucas Correia Barbosa;5.31
5174;Rafael Almeida Ribeiro;1.56
23713;André Ribeiro Almeida;3.66
19988;Victor Cardoso Azevedo;2.66
1538;Leonardo Rodrigues Castro;7.67
9896;Luana Dias Fernandes;4.08
26552;Maria Martins Sousa;4.09
24669;Emilly Oliveira Barros;3.50
13981;Gabrielly Pinto Souza;7.41
22152;Carlos Cavalcanti Dias;4.72
22170;Julieta Ferreira Dias;5.95
25099;Igor Almeida Carvalho;2.74
23171;Martim Barros Carvalho;2.00
24457;Felipe Martins Cardoso;5.56
15052;Rebeca Alves Fernandes;7.84
12316;Júlia Barros Goncalves;3.27
16246;Aline Oliveira Fernandes;8.34
1535;Eduarda Santos Melo;3.53
13399;Isabelle Cardoso Santos;0.03
16918;Luan Correia Lima;9.73
3206;André Carvalho Pereira;3.22
21986;Fábio Gomes Lima;0.06
15646;Sophia Castro Costa;0.23
4730;Luis Costa Cardoso;3.43
22754;Murilo Ribeiro Dias;5.97
8909;Bruna Correia Oliveira;1.89
29233;Isabelle Castro Goncalves;3.47
5240;Vitória Azevedo Castro;8.24
7683;Maria Silva Ferreira;8.48
5193;Laura Barbosa Pinto;3.80
29412;Lavinia Ferreira Azevedo;1.96
22149;Marisa Cunha Barbosa;3.73
11574;Ryan Sousa Dias;1.37
13634;Luana Araujo Azevedo;4.93
16788;Enzo Silva Almeida;2.81
1263;Gustavo Fernandes Araujo;0.10
3432;Isabelle Correia Souza;5.32
16742;Nicolash Dias Alves;3.41
12963;Anna Lima Correia;8.83
21701;Luiz Castro Martins;4.07
12835;Leila Lima Gomes;9.26
26907;Isabella Gomes Fernandes;8.45
20166;Alex Cunha Barros;2.54
18920;Ágatha Sousa Araujo;2.38
21282;Carlos Sousa Barbosa;3.55
2382;Renan Lima Rocha;3.07
5354;Anna Gomes Souza;9.85
5823;Rafaela Ribeiro Fernandes;9.35
14686;Luana Araujo Castro;9.31
29692;Miguel Rodrigues Ferreira;0.02
1724;Julia Sousa Ribeiro;6.73
20975;Kauê Castro Cardoso;7.21
1925;Diogo Barros Rocha;6.38
9105;Ágatha Ferreira Oliveira;2.88
21638;Lucas Souza Rocha;9.13
28140;Paulo Rodrigues Azevedo;2.66
14018;Júlio Alves Cunha;9.50
15814;Aline Rodrigues Almeida;7.60
12276;Erick Dias Pereira;4.23
8700;Kauê Lima Souza;9.31
3510;Diego Martins Oliveira;8.23
4294;Carla Ferreira Correia;0.91
28349;Melissa Silva Barbosa;9.22
18034;Otávio Oliveira Pereira;5.67
1722;Luiz Ribeiro Silva;8.73
27495;Isabela Fernandes Cardoso;4.65
16503;Alex Alves Pereira;9.93
4811;Samuel Rodrigues Fernandes;7.08
17545;Amanda Ferreira Fernandes;5.09
7262;Tiago Gomes Correia;8.08
4701;Vitór Lima Correia;7.77
29624;Rebeca Rodrigues Barros;6.31
19500;Cauã Almeida Oliveira;0.38
16531;Matilde Costa Azevedo;9.50
15292;Vitória Gomes Melo;4.78
29506;Julia Almeida Souza;2.26
25985;Enzo Barbosa Fernandes;4.29
15183;José Barros Silva;9.28
13025;Lavinia Araujo Lima;1.32
29521;Matheus Santos Dias;7.24
24787;Vinicius Barros Alves;1.31
1956;Anna Castro Cunha;6.71
3205;Rafaela Pereira Gomes;0.67
17610;Lara Santos Cavalcanti;1.69
1951;Ana Sousa Cardoso;6.40
21575;Leonor Gomes Souza;0.29
9841;Leonardo Ferreira Almeida;9.80
7813;Rafaela Rodrigues Correia;9.82
3460;Gabriel Almeida Cavalcanti;7.90
20290;Luan Fernandes Melo;8.95
4590;Victor Costa Lima;7.97
6583;Nicole Pinto Castro;4.66
3245;Renan Oliveira Gomes;6.66
10467;Miguel Ribeiro Alves;4.47
7853;Luiza Gomes Martins;6.66
25044;Vitória Alves Rodrigues;1.77
14207;Joao Fernandes Melo;6.45
24418;Vitoria Barbosa Melo;5.61
12474;André Correia Pereira;6.36
2351;Vitór Santos Carvalho;1.85
4521;Danilo Azevedo Santos;3.14
9234;Amanda Almeida Dias;7.71
8819;André Melo Dias;6.15
13510;Luiza Fernandes Sousa;4.32
19741;Matilde Cardoso Silva;5.61
21876;Kai Sousa Pinto;0.85
18889;Kauan Santos Cardoso;2.29
17661;Giovanna Araujo Santos;1.94
9855;Bruno Carvalho Oliveira;5.79
27278;Bianca Carvalho Costa;2.53
13436;Nicolash Rocha Lima;5.44
25095;Kauan Silva Cunha;0.03
4640;Danilo Araujo Fernandes;8.77
18464;Erick Cunha Ribeiro;6.97
20310;Gustavo Barros Ribeiro;6.71
27447;Carlos Correia Barbosa;1.89
10295;Leonor Costa Rodrigues;9.82
22481;Marina Goncalves Goncalves;6.56
4334;Tânia Oliveira Araujo;5.34
6452;Carolina Barros Goncalves;0.20
4787;Bruna Santos Fernandes;7.81
5918;Ryan Carvalho Melo;3.52
951;Manuela Goncalves Fernandes;3.75
18477;Leila Correia Almeida;2.66
20032;Sofia Cunha Pinto;4.21
22705;Anna Sousa Rodrigues;1.51
1052;Fernanda Barros Oliveira;6.58
14563;Fernanda Cavalcanti Fernandes;9.22
10433;Breno Costa Correia;1.49
20001;Eduarda Castro Pereira;4.87
8237;Alex Martins Dias;1.70
18388;Carlos Cunha Rocha;7.13
23023;Isabelle Rocha Rodrigues;5.50
8796;Vitoria Santos Alves;3.42
24353;Rodrigo Costa Ferreira;4.07
28952;Laura Sousa Alves;9.77
18484;Gustavo Pinto Silva;3.80
15409;Leonardo Melo Azevedo;6.68
28756;Isabela Ferreira Fernandes;2.81
14955;Mateus Sousa Barros;7.02
29422;Bruno Rodrigues Carvalho;1.95
9227;Nicolas Martins Cunha;5.36
12106;Isabela Costa Lima;4.16
26579;Diogo Carvalho Cunha;0.95
28257;Estevan Lima Almeida;0.49
6942;Bianca Castro Goncalves;4.94
8538;Brenda Fernandes Souza;2.74
11023;Fernanda Rodrigues Carvalho;2.92
8592;Arthur Dias Sousa;0.06
11865;Estevan Oliveira Ribeiro;8.72
8286;Amanda Silva Rocha;1.39
22312;Brenda Dias Cardoso;2.68
7040;Sophia Ferreira Ribeiro;5.38
3893;Otávio Rocha Alves;5.70
12932;Marisa Barbosa Correia;6.61
8459;Sarah Araujo Silva;2.05
26727;Livia Souza Araujo;8.18
4138;Nicole Almeida Ferreira;5.88
24709;Enzo Correia Souza;2.55
27759;Isabela Cavalcanti Correia;5.37
18070;Vinícius Alves Almeida;5.17
5391;André Correia Barros;9.40
26737;Douglas Cavalcanti Costa;6.98
27498;Matilde Lima Ferreira;0.48
26822;Pedro Costa Cunha;5.99
6570;Yasmin Oliveira Correia;3.68
11801;Renan Rocha Sousa;2.61
2823;Marisa Correia Barbosa;2.89
1832;Letícia Azevedo Silva;8.51
10190;Thiago Cardoso Cardoso;5.15
4774;Vitór Souza Melo;2.34
23894;Enzo Cardoso Castro;5.62
23714;Nicolas Ferreira Barbosa;3.93
11152;Lucas Alves Correia;9.23
16535;Yasmin Silva Rocha;2.54
7442;Luiza Souza Correia;4.35
10991;Tomás Castro Santos;9.99
3456;Rebeca Rocha Cardoso;8.49
21171;Evelyn Correia Rocha;0.68
25815;Luís Ferreira Costa;0.13
11109;Martim Alves Almeida;2.69
23018;Diogo Martins Pereira;3.16
21063;Luan Cavalcanti Pereira;3.68
22024;Vitória Correia Cavalcanti;4.06
17257;Bruna Barbosa Goncalves;2.42
13064;Eduardo Barbosa Souza;2.70
23490;Emily Rocha Azevedo;8.75
19386;Maria Dias Goncalves;6.90
25761;Lucas Barros Pereira;6.67
21026;Alex Rodrigues Goncalves;4.12
28992;Yasmin Dias Carvalho;7.04
4964;Vitória Gomes Almeida;2.02
13089;Carolina Silva Santos;8.20
20493;Vitór Fernandes Cunha;4.23
15727;Cauã Araujo Rodrigues;8.07
24071;Douglas Alves Cavalcanti;4.85
12863;Amanda Rocha Pereira;2.17
12018;Aline Almeida Rocha;7.90
17214;Thiago Cardoso Rocha;1.39
7096;André Castro Ribeiro;1.62
5852;Carla Ribeiro Carvalho;0.61
15617;Raissa Fernandes Cavalcanti;4.88
17579;Rafael Sousa Melo;1.92
20856;Gabriel Cavalcanti Goncalves;6.99
17422;Gabrielle Araujo Rocha;0.75
12263;Rodrigo Cunha Souza;8.43
768;Luana Santos Cavalcanti;2.30
23960;Marcos Fernandes Fernandes;3.89
1940;Maria Souza Alves;7.11
12067;Matheus Costa Souza;3.61
4218;Marina Pinto Santos;0.66
22789;Isabelle Cavalcanti Cardoso;0.38
12132;Julieta Cardoso Cunha;0.57
2245;Pedro Cardoso Pereira;2.64
13809;Rebeca Cavalcanti Sousa;6.61
27249;Tomás Pereira Santos;4.39
20548;Joao Pinto Santos;0.13
23191;Vitória Araujo Carvalho;5.53
5073;Isabelle Fernandes Pinto;3.15
20514;Matheus Barbosa Silva;2.52
7801;Emilly Cunha Azevedo;4.49
7173;Sophia Barros Fernandes;2.88
11649;Gabriel Dias Dias;3.34
15697;Brenda Oliveira Ribeiro;5.31
26019;Breno Fernandes Correia;4.65
16464;Nicole Barbosa Ribeiro;7.52
22160;Douglas Azevedo Goncalves;4.34
7731;Luiz Barros Alves;8.59
8448;Estevan Cunha Oliveira;4.04
18164;Pedro Alves Dias;3.22
17865;Gustavo Castro Alves;1.37
5253;Vinícius Pereira Fernandes;0.65
23318;Breno Pereira Cunha;4.57
29268;Giovana Costa Carvalho;6.42
17230;Tomás Dias Rodrigues;1.16
8622;Eduardo Martins Cardoso;1.91
2303;Vitór Rodrigues Castro;2.08
8196;Kaua Barbosa Dias;5.27
2961;Vitória Lima Rodrigues;7.12
27710;Tânia Cavalcanti Souza;0.61
12602;Kauã Barbosa Silva;9.00
1770;Bruna Pinto Alves;1.45
4879;Sofia Carvalho Cunha;5.00
17700;Vitor Barros Costa;7.93
5051;Brenda Goncalves Ferreira;5.56
9168;Gustavo Fernandes Fernandes;1.17
11687;Camila Souza Cardoso;2.33
2589;Kauê Fernandes Ferreira;9.09
8918;Emily Cunha Barros;3.05
25902;Isabela Silva Goncalves;4.27
29130;Luís Lima Fernandes;1.95
16319;Vinicius Correia Silva;9.11
28753;Nicolas Cardoso Ferreira;1.61
17385;Livia Goncalves Carvalho;2.04
16720;Julieta Ferreira Gomes;0.93
28573;Samuel Araujo Goncalves;0.90
2011;Joao Ferreira Rocha;0.22
11232;Marina Araujo Rodrigues;4.79
1085;Isabelle Santos Castro;8.41
29334;Kai Silva Ribeiro;3.52
18928;Samuel Cavalcanti Gomes;9.52
6438;Daniel Martins Santos;2.06
19343;Marcos Correia Cavalcanti;5.77
22834;André Oliveira Ferreira;0.72
5142;Diego Almeida Cavalcanti;7.92
254;Nicolas Melo Carvalho;3.17
15417;Isabelle Rodrigues Castro;4.66
2907;José Souza Rocha;4.13
27383;Renan Goncalves Castro;7.70
15836;Marisa Castro Ribeiro;2.86
14511;João Rodrigues Gomes;3.96
21874;Bruno Castro Lima;8.94
16954;Sofia Costa Lima;8.18
5773;Fábio Correia Cardoso;5.33
9216;Tânia Araujo Correia;6.66
24963;Nicole Fernandes Dias;6.43
17237;Yasmin Gomes Fernandes;3.58
25237;Antônio Correia Fernandes;8.03
889;Leila Azevedo Gomes;9.11
14401;Camila Barros Ribeiro;6.48
23578;Júlia Cavalcanti Oliveira;3.09
18838;Larissa Goncalves Rocha;9.91
16478;Arthur Pereira Pereira;7.72
17713;Matilde Lima Castro;1.94
18251;Danilo Cunha Ribeiro;6.63
4850;Lara Castro Melo;8.54
7819;Rebeca Dias Correia;3.47
15566;Kauan Cavalcanti Carvalho;9.47
27645;Clara Correia Gomes;0.09
29364;Kauã Pinto Barbosa;5.55
10091;Rebeca Costa Barbosa;2.60
9198;Bianca Oliveira Barros;3.70
20300;Estevan Oliveira Barros;5.06
17391;Douglas Cavalcanti Araujo;7.12
5417;Diego Azevedo Correia;1.08
6554;Rafaela Alves Silva;2.13
9632;Vinicius Costa Lima;3.24
26687;Lucas Pereira Pinto;6.27
20535;Isabelle Cunha Cavalcanti;7.02
2131;Camila Melo Rocha;9.81
21105;Giovanna Alves Ribeiro;1.76
3390;Leonardo Alves Souza;4.56
26545;Emilly Correia Carvalho;8.30
964;Leonardo Goncalves Souza;9.40
17139;Emilly Pereira Azevedo;8.08
18571;Rafael Almeida Almeida;6.73
4167;Renan Alves Correia;9.39
16590;Guilherme Rocha Ferreira;8.50
20822;Isabela Araujo Lima;4.27
10228;Júlia Carvalho Barbosa;2.29
10601;Murilo Cavalcanti Gomes;3.72
12046;Murilo Cunha Santos;9.87
16409;André Castro Almeida;8.03
19916;Murilo Santos Cunha;0.83
22528;Rebeca Almeida Rodrigues;5.48
19392;Fernanda Ribeiro Azevedo;5.88
4130;Gustavo Cavalcanti Correia;2.38
27063;Matheus Silva Lima;1.26
2922;Emilly Cardoso Goncalves;9.59
26429;Martim Rocha Melo;9.60
13213;Julia Lima Almeida;3.76
27627;Rebeca Alves Goncalves;5.91
23321;Sarah Correia Martins;3.64
27864;Estevan Pinto Pereira;1.26
7104;Emily Costa Lima;9.05
20278;Tânia Carvalho Ribeiro;8.17
10987;Kaua Goncalves Barros;8.66
2483;Bianca Alves Correia;6.87
640;Joao Pereira Rocha;5.06
375;Alice Dias Cardoso;4.01
8187;Eduarda Gomes Goncalves;5.72
25153;Eduardo Silva Alves;3.66
28065;Júlio Pereira Oliveira;7.44
10075;Kauan Ribeiro Almeida;7.71
14309;Melissa Almeida Barros;6.47
5599;João Alves Rocha;4.38
14617;Estevan Souza Almeida;4.69
29151;Vitória Martins Martins;0.80
16692;Joao Pereira Ribeiro;8.28
24621;Bianca Castro Lima;5.57
12842;Ryan Melo Melo;4.63
2981;Vitória Oliveira Ribeiro;6.24
13879;Eduarda Martins Cavalcanti;7.45
26551;Lavinia Barbosa Araujo;9.28
17374;Bianca Correia Cavalcanti;8.61
18294;Bruna Martins Souza;9.98
14897;Gabrielle Souza Cavalcanti;4.50
6512;Gabrielle Rodrigues Correia;3.77
24135;Leila Correia Goncalves;7.26
21420;Martim Rocha Cardoso;3.70
15051;Gabriel Oliveira Santos;0.65
23353;Mariana Souza Santos;9.91
3718;Tiago Pereira Souza;4.90
2297;José Correia Araujo;0.53
6698;Kauã Almeida Fernandes;8.60
3090;Felipe Carvalho Fernandes;4.39
1881;Ana Correia Carvalho;2.57
12252;Davi Costa Dias;2.45
19883;Victor Gomes Pereira;1.30
14186;Eduarda Almeida Cunha;0.67
13662;Antônio Azevedo Costa;6.31
10278;Matilde Fernandes Azevedo;1.98
16867;Bruno Araujo Carvalho;5.70
23131;Diogo Oliveira Correia;6.59
23124;Emilly Santos Rocha;1.72
8374;Luan Pereira Carvalho;8.42
15746;Rebeca Dias Cavalcanti;3.58
13921;Bruna Gomes Rocha;3.06
17356;Lavinia Lima Fernandes;4.66
25506;Julieta Ferreira Ribeiro;3.98
21192;Luiz Barbosa Pinto;6.84
17805;Leonardo Carvalho Alves;1.40
4096;Sophia Pinto Santos;9.72
13206;Luan Correia Goncalves;5.11
23075;Ana Azevedo Barbosa;5.44
17671;Marina Santos Martins;9.00
14852;Sarah Martins Lima;9.81
17348;Camila Rocha Carvalho;6.45
7320;Igor Lima Dias;7.93
24005;Daniel Oliveira Fernandes;2.69
25284;Rebeca Lima Gomes;6.37
14811;Arthur Fernandes Cardoso;7.51
5728;Joao Cunha Goncalves;3.57
14501;Kauan Santos Azevedo;6.38
18290;Gabriela Almeida Goncalves;5.95
4565;Beatrice Ferreira Cardoso;2.58
9499;Anna Costa Melo;2.04
8366;Bruno Ribeiro Costa;3.50
26132;Julieta Araujo Souza;0.75
15651;Samuel Azevedo Azevedo;2.44
29271;Miguel Barbosa Alves;0.70
4736;Daniel Gomes Martins;1.31
4030;Clara Correia Costa;6.46
16033;Vinícius Cavalcanti Lima;3.48
9985;Letícia Pereira Barbosa;8.56
14249;Sarah Cardoso Araujo;1.90
12230;Diego Barbosa Fernandes;4.59
11282;Carolina Ferreira Alves;2.25
14700;Carlos Pinto Gomes;2.18
14890;Danilo Azevedo Goncalves;6.88
27909;Sofia Rodrigues Pereira;5.05
20982;Leila Sousa Santos;0.10
7330;Kai Castro Barbosa;9.87
20430;Matilde Silva Fernandes;4.82
8518;Otávio Almeida Barros;1.79
14453;Carla Dias Araujo;7.82
11970;Julieta Santos Gomes;9.35
624;Samuel Martins Fernandes;2.51
8018;Rebeca Melo Santos;0.19
19507;Marina Costa Cardoso;9.82
6620;José Sousa Cunha;8.97
324;Vinícius Alves Goncalves;9.79
15466;Rebeca Santos Correia;6.41
5792;Guilherme Melo Ribeiro;8.13
5208;Emilly Rocha Ferreira;6.45
22332;Felipe Araujo Rodrigues;1.93
29044;Enzo Carvalho Ferreira;5.67
17115;Igor Carvalho Ribeiro;8.33
14231;Julia Rocha Melo;4.05
18851;Victor Carvalho Goncalves;0.23
11401;Thaís Araujo Goncalves;4.46
27970;Bruna Ribeiro Costa;5.69
29500;Melissa Melo Rodrigues;3.87
1702;Douglas Melo Santos;1.59
10460;Gabrielly Rocha Lima;5.73
25689;Letícia Souza Barbosa;9.95
10748;Igor Cardoso Pereira;2.01
10457;Nicolas Sousa Ferreira;1.90
11978;Júlia Rocha Barbosa;2.12
24334;Julia Lima Sousa;4.71
25912;Emily Almeida Gomes;3.94
6824;Kauê Martins Souza;0.76
23426;Kai Souza Pereira;3.59
29454;Isabella Cavalcanti Ferreira;8.68
23243;Kauan Ferreira Rodrigues;2.86
27417;Luiza Barros Alves;0.90
18691;Nicole Castro Cunha;5.23
15249;Carlos Cavalcanti Rodrigues;4.30
12993;Julian Alves Azevedo;2.41
1255;Luiz Lima Dias;6.12
15518;Erick Melo Ribeiro;5.48
19814;Gabriel Lima Dias;7.55
19311;Ryan Castro Ribeiro;6.82
21209;Luis Souza Almeida;3.16
2431;Igor Rodrigues Azevedo;3.71
4959;Eduarda Melo Sousa;7.34
3133;Enzo Barbosa Costa;6.78
3410;Thiago Ferreira Melo;9.40
24514;Alice Silva Fernandes;4.31
14216;Thiago Oliveira Cunha;7.79
21075;Larissa Santos Rodrigues;0.16
305;Otávio Almeida Cardoso;0.43
1441;Luiz Rocha Azevedo;2.62
1073;Giovana Pereira Ribeiro;0.94
11868;Bruna Silva Martins;5.14
29194;Nicole Sousa Dias;3.73
1060;Eduarda Ribeiro Carvalho;7.84
26575;Júlia Castro Melo;9.53
23222;Aline Silva Cunha;9.62
2415;Nicole Martins Azevedo;2.26
26931;Arthur Souza Barbosa;1.23
1958;Letícia Cunha Barros;9.37
8328;Sophia Ribeiro Melo;0.56
26212;Livia Lima Santos;7.79
14949;Júlia Pinto Fernandes;9.79
17888;Bruna Pereira Lima;9.67
28510;Larissa Cunha Fernandes;3.38
22191;Kaua Alves Fernandes;9.02
11480;Kai Azevedo Lima;7.25
7082;Paulo Araujo Rodrigues;0.52
3103;Igor Melo Correia;0.71
22136;Eduarda Barros Cavalcanti;2.47
27347;Carla Lima Barbosa;4.50
29678;Larissa Cunha Barbosa;4.21
28699;Ana Rocha Silva;6.48
29797;João Fernandes Gomes;2.93
17528;Gabriel Dias Castro;4.25
1992;Beatriz Ferreira Araujo;1.03
10933;Victor Ferreira Silva;1.84
19170;Rafaela Azevedo Araujo;3.00
18535;Guilherme Costa Alves;1.48
3034;Alex Alves Fernandes;7.62
6988;Arthur Costa Cunha;0.49
15276;Diogo Castro Souza;0.62
3071;Pedro Santos Oliveira;7.38
1070;Estevan Cardoso Cunha;1.02
7520;Emilly Pereira Rodrigues;0.44
3273;Antônio Pereira Ribeiro;7.31
15266;Maria Ribeiro Carvalho;4.17
9735;Vitoria Castro Correia;3.97
21652;Antônio Souza Dias;9.45
9881;Gustavo Rocha Alves;7.22
16521;Luan Costa Lima;2.97
7535;Vitor Rodrigues Cavalcanti;3.45
1835;Felipe Dias Rodrigues;7.93
18159;Arthur Carvalho Rocha;4.24
21200;Paulo Cavalcanti Castro;5.48
4195;Julieta Cavalcanti Rodrigues;8.57
24948;Letícia Almeida Azevedo;3.40
2152;Emily Correia Azevedo;5.92
15572;Sarah Goncalves Oliveira;1.95
4609;Manuela Santos Lima;0.71
23973;Ryan Barbosa Pereira;7.31
25573;Laura Rocha Rodrigues;3.08
4988;João Castro Carvalho;7.55
25299;Paulo Costa Martins;5.16
27691;Giovanna Rocha Martins;5.97
16972;Ryan Silva Oliveira;5.30
23148;Ágatha Martins Carvalho;4.16
16583;Erick Gomes Barros;3.30
14624;Douglas Melo Carvalho;7.69
1292;Bruno Barbosa Dias;9.81
1311;Marina Araujo Cavalcanti;9.82
20633;Evelyn Lima Melo;7.33
20573;Laura Barros Fernandes;2.81
23979;Marisa Santos Pereira;0.26
16944;Gabriela Oliveira Pinto;0.68
29995;Maria Barros Lima;6.87
1132;Lucas Almeida Dias;0.17
25442;Bianca Lima Carvalho;1.88
7986;Clara Araujo Gomes;1.52
2755;Estevan Azevedo Silva;0.49
631;Caio Barbosa Araujo;0.16
22968;Vitor Ribeiro Ferreira;3.15
3820;Luis Fernandes Santos;5.46
7690;Marina Alves Barros;6.90
17079;Rafael Alves Dias;6.82
8001;Kauê Cavalcanti Cavalcanti;6.57
18594;Lucas Goncalves Goncalves;2.35
7059;Matilde Araujo Fernandes;8.34
24697;Leonor Dias Azevedo;2.72
23640;Marisa Santos Goncalves;4.80
20247;Rodrigo Correia Melo;7.98
19033;Yasmin Ribeiro Lima;6.61
1208;Murilo Goncalves Araujo;6.51
21494;Fábio Lima Cunha;9.40
10774;Ágatha Carvalho Gomes;2.45
6368;Cauã Sousa Carvalho;5.41
27550;Julia Ribeiro Cardoso;3.72
23932;Thaís Fernandes Sousa;0.58
16061;Júlia Rodrigues Cardoso;3.47
26413;Gabriel Correia Silva;3.92
27791;Beatrice Araujo Rodrigues;3.58
24737;Douglas Pereira Correia;5.37
11388;Manuela Correia Souza;2.02
13650;Isabela Castro Costa;3.12
12133;Anna Lima Araujo;2.79
4297;Marisa Costa Ribeiro;6.45
23903;Kai Alves Silva;9.43
12076;Julian Silva Araujo;3.61
24479;Beatrice Santos Carvalho;6.79
19954;Luiz Rocha Oliveira;3.73
15022;Leila Oliveira Pinto;5.37
13163;Júlio Cunha Dias;6.62
24835;Julia Almeida Dias;2.22
24322;Mariana Correia Santos;2.24
22852;Emilly Castro Sousa;0.27
115;Vitor Correia Martins;0.79
16386;Livia Alves Alves;0.55
11555;Leonardo Castro Gomes;2.49
13186;Nicole Barros Araujo;6.98
24760;Breno Araujo Silva;5.95
2735;Nicolash Azevedo Araujo;7.87
29157;Raissa Gomes Gomes;6.78
933;Júlia Oliveira Gomes;3.00
29801;Antônio Oliveira Azevedo;6.92
6761;Gabriela Oliveira Pinto;3.51
5113;Vinícius Azevedo Barbosa;2.54
26732;Davi Silva Araujo;0.26
29079;Bruno Rodrigues Cardoso;1.26
21351;Felipe Carvalho Lima;3.46
20005;Douglas Gomes Carvalho;5.77
6543;Daniel Costa Correia;4.25
27325;Davi Carvalho Oliveira;0.95
23446;Lucas Sousa Goncalves;7.66
21288;Beatrice Azevedo Cardoso;4.62
1480;Renan Costa Ferreira;0.77
27880;Matilde Cardoso Santos;1.23
18153;Eduarda Ferreira Araujo;6.54
27190;Gabrielly Gomes Correia;6.70
26107;Rebeca Almeida Rodrigues;2.29
10897;Vitoria Martins Almeida;1.58
11758;Diogo Barbosa Sousa;8.74
17639;Kai Pereira Goncalves;3.09
17542;Emily Barbosa Rocha;2.18
20521;Melissa Cavalcanti Azevedo;5.30
21907;Júlia Martins Cavalcanti;4.81
27828;Júlia Ferreira Ribeiro;4.55
26561;Carolina Silva Rocha;3.35
23121;Isabelle Goncalves Martins;8.89
18298;Carolina Goncalves Costa;3.77
19168;Eduarda Gomes Castro;0.10
15008;Gabrielly Pereira Barros;1.51
592;Melissa Martins Goncalves;0.36
18136;Bianca Araujo Rocha;5.10
7469;Isabella Cavalcanti Ferreira;9.96
15828;Eduarda Gomes Goncalves;5.30
745;Matilde Barros Carvalho;1.12
25737;Luiz Rodrigues Correia;6.74
12920;Bruna Barros Fernandes;2.04
11209;Thaís Santos Cavalcanti;3.30
26441;Marisa Alves Santos;6.83
5330;Beatrice Dias Gomes;6.79
14870;Rafael Correia Souza;7.45
6192;Sophia Fernandes Fernandes;5.96
17261;Livia Pinto Almeida;0.84
1626;Tiago Ribeiro Barros;3.58
19593;Thaís Azevedo Cavalcanti;8.01
3266;Gabrielly Pinto Goncalves;8.42
10815;Tomás Santos Fernandes;2.85
11412;Tomás Sousa Santos;4.54
11887;Felipe Santos Azevedo;3.37
25910;Renan Fernandes Pereira;0.94
10343;Davi Fernandes Ferreira;5.41
5359;Leonardo Araujo Cardoso;4.16
3673;Renan Cardoso Santos;5.32
12210;Alex Azevedo Costa;4.10
22497;Alex Alves Martins;4.89
22135;Alice Correia Ferreira;7.61
27492;Kaua Cunha Alves;0.56
2362;Estevan Almeida Cunha;6.74
1144;Caio Silva Ferreira;6.27
5166;Luan Araujo Araujo;2.10
23105;Sophia Rocha Rocha;1.09
20606;Nicolas Almeida Araujo;5.08
22721;Felipe Almeida Melo;9.45
28412;Miguel Sousa Barros;3.31
27418;Carlos Carvalho Carvalho;1.08
2473;Pedro Gomes Oliveira;8.18
16346;Rafaela Castro Correia;0.77
8213;Miguel Cardoso Pinto;2.31
9520;Evelyn Santos Lima;9.81
4072;Nicolas Correia Castro;4.49
20131;Júlia Santos Cardoso;4.92
11390;Rafaela Pinto Melo;7.03
29498;Clara Cavalcanti Correia;8.78
16010;Samuel Santos Rocha;6.25
5159;Lavinia Melo Cavalcanti;9.55
10365;Miguel Cavalcanti Rodrigues;8.39
6655;Fábio Oliveira Martins;6.62
16232;Marisa Ribeiro Carvalho;9.34
7263;Luís Sousa Pereira;5.43
23522;Murilo Azevedo Melo;3.70
4622;Bruna Gomes Pereira;6.46
26656;Eduarda Carvalho Fernandes;8.70
23560;Laura Dias Almeida;0.89
16787;Gabriel Correia Castro;2.21
18030;Bruna Pinto Gomes;5.44
6272;Júlio Alves Silva;3.71
18014;Isabelle Sousa Martins;1.86
8462;Emilly Rocha Cavalcanti;2.93
29256;Pedro Souza Fernandes;8.80
26949;Beatriz Cunha Fernandes;0.02
2614;Leonor Sousa Rocha;7.38
18724;Alex Santos Carvalho;1.36
28377;Cauã Silva Souza;3.50
3867;Pedro Rocha Carvalho;0.33
7468;Camila Souza Alves;8.35
13828;Raissa Alves Azevedo;4.56
6383;Douglas Fernandes Fernandes;8.46
20845;Rafael Santos Ferreira;1.45
21517;Luana Silva Martins;0.64
21812;Beatrice Cavalcanti Azevedo;4.07
17829;Felipe Cardoso Alves;9.73
28878;Brenda Barbosa Goncalves;0.25
20155;Isabelle Goncalves Gomes;9.81
13696;Laura Goncalves Ferreira;8.51
12087;Victor Barros Melo;4.78
20884;Estevan Castro Martins;9.95
21561;Otávio Souza Rodrigues;1.69
15028;Nicolas Costa Souza;4.18
8482;Thiago Pereira Carvalho;2.63
23501;Thiago Melo Lima;6.88
1657;Douglas Fernandes Carvalho;2.73
10950;Kauê Goncalves Carvalho;6.04
10995;Leonor Pinto Correia;7.24
4712;Lucas Cavalcanti Fernandes;7.95
7022;Alice Oliveira Silva;6.33
24330;Clara Dias Rocha;0.17
11780;Nicole Carvalho Cardoso;5.54
4241;Gabriela Melo Oliveira;2.67
13394;Thaís Pinto Alves;0.81
15965;Eduardo Sousa Martins;9.29
14402;Paulo Castro Lima;5.97
17622;Rodrigo Araujo Oliveira;5.57
20504;Vinicius Souza Ribeiro;6.02
24533;Samuel Azevedo Costa;8.39
24482;Ryan Barbosa Rodrigues;2.61
27425;Marina Oliveira Castro;5.71
17117;Letícia Silva Rodrigues;3.55
2504;André Araujo Castro;0.90
25338;Tânia Castro Alves;9.01
209;Murilo Barbosa Cavalcanti;5.98
27080;João Araujo Carvalho;3.90
26722;Vitór Ferreira Ferreira;4.72
29798;Cauã Costa Oliveira;5.86
27302;Isabelle Carvalho Barros;9.14
6193;Luan Carvalho Cunha;3.05
3696;Vitoria Pinto Araujo;8.55
12438;João Pinto Barbosa;5.01
19054;Rodrigo Goncalves Carvalho;4.24
28587;Otávio Ferreira Cardoso;5.83
6009;Lara Correia Goncalves;7.82
2435;Ágatha Costa Lima;4.11
21025;Kaua Oliveira Almeida;3.32
16265;Lara Cunha Martins;9.43
1193;André Correia Alves;8.77
8913;Isabela Alves Goncalves;3.20
29897;Emily Costa Ribeiro;6.15
7340;Clara Oliveira Azevedo;8.06
28762;Isabela Pereira Souza;9.93
27323;Luiz Almeida Cavalcanti;8.84
13668;Mateus Barros Oliveira;9.19
5161;Giovanna Fernandes Cavalcanti;2.19
6236;Thiago Goncalves Cardoso;6.05
1136;Vitor Gomes Lima;5.30
10175;Ana Oliveira Fernandes;4.82
28034;Marisa Barros Rocha;1.23
15401;André Correia Pinto;9.35
4422;Kauê Silva Carvalho;8.18
23367;Carla Sousa Cavalcanti;1.18
20352;Murilo Cavalcanti Almeida;4.82
23007;Matilde Dias Costa;7.30
23554;Gabrielly Fernandes Dias;2.29
24152;Lavinia Melo Azevedo;2.72
14286;Ana Cardoso Rocha;9.29
16320;Rebeca Alves Fernandes;4.88
17912;Marisa Barros Souza;5.22
23716;Murilo Silva Castro;0.66
3317;Bianca Sousa Fernandes;7.06
4905;Tânia Barbosa Cardoso;1.13
27344;Julia Cavalcanti Araujo;0.78
20342;Estevan Oliveira Carvalho;0.02
29391;Antônio Barros Araujo;1.61
3772;Vinicius Ferreira Fernandes;3.27
19222;Emilly Castro Castro;8.27
25050;Brenda Carvalho Gomes;9.16
17332;Isabela Sousa Pereira;4.85
9969;Victor Gomes Melo;0.45
24579;Tânia Correia Costa;5.61
28563;Cauã Cavalcanti Pereira;7.38
1131;Carlos Ferreira Fernandes;9.96
25831;Luiz Fernandes Ferreira;9.72
17697;Julieta Cavalcanti Oliveira;6.74
2875;Emilly Martins Almeida;7.23
16776;Emily Lima Almeida;0.71
15841;Thiago Ferreira Correia;0.95
24233;Lucas Alves Ferreira;9.30
17715;Vitoria Dias Souza;6.36
9559;Kauan Souza Sousa;7.02
4932;Beatriz Souza Pinto;0.83
16141;Bianca Martins Ribeiro;1.89
2378;Brenda Martins Cunha;8.83
4308;Rebeca Ribeiro Souza;1.23
1023;Lucas Melo Goncalves;8.06
1128;Julian Castro Melo;8.38
27535;Luan Lima Silva;6.89
25500;Alex Fernandes Santos;5.80
21059;Matheus Castro Oliveira;7.59
17077;Nicolas Alves Castro;5.43
17286;Luan Ribeiro Correia;9.79
7294;Eduarda Araujo Rodrigues;5.67
20614;Beatriz Fernandes Oliveira;3.19
3698;Luan Sousa Souza;4.83
1103;Luís Ribeiro Ferreira;4.75
4417;Bianca Gomes Goncalves;5.99
11041;Samuel Castro Castro;8.06
25254;Beatrice Sousa Martins;1.14
1783;Julia Correia Melo;1.20
18641;Luis Cardoso Gomes;4.51
23347;Murilo Costa Goncalves;9.51
609;Breno Correia Pereira;0.99
13896;Sarah Carvalho Gomes;0.39
24970;Luís Cardoso Gomes;7.11
28577;Alex Alves Oliveira;8.91
2165;Gabrielly Araujo Almeida;5.41
9806;Vitór Dias Pinto;7.42
24662;Martim Cavalcanti Araujo;6.60
3886;Vitória Cunha Cunha;5.89
17006;Douglas Silva Silva;0.11
4217;Vitória Silva Cardoso;5.05
22979;Caio Almeida Costa;7.70
19865;Júlio Barros Ribeiro;8.25
22131;Kaua Ferreira Ferreira;5.08
9923;Mariana Santos Santos;5.15
21366;Mateus Araujo Souza;7.57
5076;Carlos Ferreira Dias;8.91
4351;Tânia Cardoso Oliveira;2.90
26616;Murilo Ferreira Cavalcanti;1.52
25769;Enzo Cunha Barros;3.85
17823;Marcos Melo Melo;5.53
21207;Nicole Oliveira Cardoso;4.68
20869;Vitoria Castro Cardoso;3.15
7463;Maria Santos Almeida;6.52
29747;Beatriz Silva Silva;4.12
20983;Beatrice Almeida Carvalho;3.29
7626;Nicole Dias Barbosa;9.37
5623;Sofia Santos Costa;8.33
23509;Kai Pinto Azevedo;3.82
8007;Luiza Correia Santos;7.81
29764;Isabelle Barbosa Souza;2.59
22420;Julian Ferreira Costa;2.31
16042;Ryan Pinto Lima;9.48
16617;Vinicius Santos Sousa;1.18
29137;Anna Barros Ribeiro;6.54
12794;Melissa Goncalves Rodrigues;6.98
22597;Julia Azevedo Castro;4.55
7359;Aline Lima Barros;4.48
23298;Luiz Barbosa Melo;3.55
12362;José Pinto Pereira;0.60
20010;Nicolas Cardoso Souza;6.66
9816;Tomás Rocha Ribeiro;7.29
6679;Sophia Pinto Almeida;6.70
27874;Yasmin Martins Dias;2.58
13924;Renan Silva Lima;8.40
13964;Julian Rodrigues Azevedo;9.94
5920;Kauê Silva Cardoso;9.60
23730;Anna Carvalho Pereira;6.03
9566;Otávio Santos Alves;2.08
10846;Sarah Sousa Cardoso;2.79
28008;Camila Cavalcanti Cunha;6.22
11162;Erick Almeida Souza;2.80
8812;Breno Rodrigues Silva;9.47
13843;Gabrielle Ribeiro Rocha;0.03
12391;Laura Martins Correia;0.31
19178;Carlos Alves Ferreira;7.65
19268;Kauã Dias Almeida;7.85
27283;Diego Goncalves Cardoso;7.31
20033;José Alves Cavalcanti;3.45
9022;Maria Cunha Oliveira;2.90
2861;Rebeca Rodrigues Correia;4.45
5492;Murilo Dias Rodrigues;3.07
17301;Douglas Carvalho Cardoso;2.96
28483;Vitória Gomes Ferreira;3.55
22741;Nicolas Araujo Carvalho;5.15
28999;Isabela Azevedo Cavalcanti;6.55
15216;Anna Rocha Rodrigues;0.46
164;Lavinia Lima Alves;1.14
24591;Rebeca Ferreira Almeida;6.98
5559;Camila Gomes Lima;1.82
14799;Leonor Silva Barros;4.92
16817;Davi Sousa Silva;2.34
13080;José Lima Ferreira;6.64
24252;Caio Carvalho Gomes;4.46
23475;Julia Pinto Ribeiro;7.40
28807;Joao Melo Gomes;2.35
2804;Ágatha Silva Barros;0.58
25382;João Souza Costa;9.19
9424;Samuel Sousa Santos;2.76
20160;Victor Cavalcanti Silva;4.45
2468;Melissa Silva Azevedo;8.65
24954;Bianca Martins Ferreira;8.40
18891;Letícia Carvalho Dias;6.62
6313;Larissa Alves Rodrigues;1.81
18072;Sarah Melo Goncalves;8.22
2669;Luiza Castro Alves;6.52
11799;Gustavo Cavalcanti Sousa;4.61
27453;Miguel Rocha Sousa;2.29
8583;Danilo Correia Martins;9.12
19216;Cauã Castro Santos;4.90
7107;Luiz Correia Souza;3.46
22246;Carla Melo Silva;6.18
26289;Laura Barbosa Sousa;7.91
23138;Leonardo Carvalho Lima;3.23
28383;Júlia Azevedo Santos;2.82
2930;Clara Cunha Souza;1.76
25525;Sofia Santos Lima;7.59
13508;Nicolash Santos Castro;4.65
21635;Marisa Castro Araujo;7.61
7699;Marina Araujo Alves;1.20
14928;Marina Almeida Melo;9.02
20971;Luis Lima Dias;9.11
13092;Marisa Cavalcanti Pereira;9.29
21096;Gabriel Castro Cunha;6.89
25747;Beatriz Fernandes Castro;5.38
16264;Gustavo Barbosa Ribeiro;3.52
10344;Kai Rodrigues Rodrigues;7.03
13917;Melissa Castro Dias;5.31
17619;Luana Sousa Dias;3.82
6318;Thiago Cardoso Melo;3.00
10937;Letícia Pinto Fernandes;3.89
11352;Caio Martins Silva;0.99
10192;Eduardo Dias Goncalves;0.18
24894;Luís Rodrigues Alves;3.40
3280;Kauan Almeida Cavalcanti;6.75
8424;Victor Oliveira Carvalho;7.98
9727;Leila Souza Alves;0.71
10368;Kai Gomes Azevedo;2.73
10952;Enzo Pinto Correia;4.51
19131;Fábio Oliveira Barros;1.83
14114;Evelyn Pinto Costa;5.59
17573;Thiago Azevedo Azevedo;4.68
11095;Renan Gomes Barros;1.95
11964;Gabrielle Correia Martins;4.48
16421;Alex Dias Costa;1.57
19499;Marisa Barbosa Dias;7.89
18398;Sarah Castro Lima;0.87
16800;Felipe Melo Correia;1.91
8577;Tomás Pereira Cavalcanti;2.69
13334;Isabela Souza Lima;4.22
10153;Isabelle Lima Barbosa;4.80
28139;Mariana Cardoso Almeida;7.85
2830;Tânia Alves Ribeiro;8.89
1757;Eduarda Barbosa Melo;5.23
16055;Paulo Goncalves Oliveira;0.60
27998;Erick Rodrigues Souza;7.69
19462;Fernanda Oliveira Almeida;0.90
20885;Rafael Cunha Costa;3.89
9376;Gabrielle Pinto Sousa;3.01
8045;Vitoria Melo Souza;2.91
19585;Larissa Barbosa Pereira;0.37
24107;Marina Pinto Goncalves;0.21
23916;Carolina Dias Ribeiro;6.56
29886;Carolina Martins Ferreira;7.52
14564;Giovana Almeida Cardoso;8.79
28602;Júlio Souza Santos;8.31
23118;Gabrielly Cardoso Melo;1.39
5425;Carolina Gomes Castro;2.48
25904;Carolina Dias Cunha;1.68
28226;Rodrigo Lima Gomes;4.84
10511;Gabriel Alves Carvalho;7.66
15761;Kauan Melo Correia;9.56
20990;André Sousa Pereira;2.07
28972;Lucas Pinto Barbosa;3.25
7568;Gabrielle Gomes Melo;3.42
15919;Yasmin Castro Correia;3.50
20596;Isabella Dias Correia;2.29
14651;Giovana Cavalcanti Souza;3.58
17432;Ryan Cavalcanti Ribeiro;7.10
18420;Eduardo Oliveira Cunha;0.24
13623;Kaua Ferreira Costa;5.58
25600;Eduarda Souza Carvalho;4.22
27444;Matheus Gomes Correia;2.46
4000;Paulo Goncalves Fernandes;3.50
26201;Mariana Ribeiro Fernandes;8.84
6568;Lucas Cavalcanti Almeida;6.74
27974;Kauan Gomes Santos;5.69
24415;Thiago Oliveira Ferreira;3.63
2121;Julia Araujo Dias;0.96
8214;Kai Costa Sousa;8.88
27242;Enzo Alves Araujo;8.68
7222;Guilherme Carvalho Cavalcanti;3.83
29835;Rodrigo Rodrigues Azevedo;8.75
9366;Ryan Rodrigues Cardoso;8.89
23563;Bianca Carvalho Silva;0.74
23672;Fábio Costa Ribeiro;0.68
22809;Diogo Rodrigues Sousa;7.17
21898;Alex Gomes Melo;3.88
10161;Lucas Pinto Silva;8.68
8433;Ana Fernandes Melo;6.04
24103;Otávio Goncalves Almeida;0.51
9339;Brenda Rocha Gomes;6.97
1408;Diogo Santos Castro;0.60
28110;Diogo Melo Rocha;9.33
1364;Mateus Castro Barbosa;0.21
5200;Rebeca Rocha Correia;5.35
21165;Aline Martins Castro;4.90
23239;Carlos Ribeiro Almeida;0.08
9853;Douglas Martins Gomes;8.77
17497;Rebeca Lima Alves;2.74
12687;Otávio Rodrigues Lima;5.09
22632;Tiago Souza Cunha;0.59
18807;Laura Costa Pereira;4.19
5347;Emily Barros Fernandes;5.72
14930;Antônio Carvalho Pereira;9.13
473;Arthur Dias Barros;7.99
21717;Rafaela Goncalves Almeida;4.57
83;Kai Souza Ribeiro;5.93
1135;Luiz Fernandes Araujo;2.67
17189;José Rodrigues Fernandes;1.95
18033;Vinicius Santos Azevedo;1.42
17227;Larissa Pereira Pinto;2.19
10446;Letícia Cavalcanti Souza;9.99
21291;Raissa Barbosa Lima;1.99
20244;Letícia Rodrigues Almeida;8.36
926;Emilly Cavalcanti Goncalves;2.21
8341;Paulo Cavalcanti Azevedo;9.71
18847;Pedro Ferreira Correia;1.32
23846;Tomás Gomes Rocha;5.69
6102;Kauan Melo Fernandes;2.15
25754;Thaís Sousa Sousa;2.45
4384;Nicolas Costa Cunha;2.47
17541;Kaua Carvalho Cardoso;2.18
11427;Gabrielly Rodrigues Correia;7.10
19670;Gustavo Correia Pinto;3.24
27261;Carolina Carvalho Dias;3.00
17840;Tânia Ribeiro Silva;0.36
22602;Carla Almeida Sousa;2.81
27072;Luan Gomes Cardoso;7.32
24355;Arthur Fernandes Oliveira;6.78
27815;Tiago Goncalves Gomes;1.33
14999;Arthur Castro Dias;7.19
23169;Carolina Cardoso Lima;4.89
25616;Leila Araujo Barbosa;0.60
27773;Livia Gomes Silva;9.08
8539;Nicolas Costa Cardoso;2.26
14552;Nicolash Martins Pereira;1.17
11528;Eduardo Silva Pereira;0.81
1115;Thiago Ribeiro Souza;5.04
16706;Fábio Almeida Martins;7.58
27468;Lucas Gomes Oliveira;9.53
13897;Pedro Barbosa Santos;8.87
7561;Bruno Barros Cardoso;3.87
3609;Matheus Araujo Ribeiro;8.62
1433;Pedro Araujo Lima;10.00
25695;Gabrielly Almeida Pinto;2.79
16485;Arthur Barbosa Silva;2.82
21391;Danilo Martins Araujo;5.87
7306;Luiza Correia Cavalcanti;8.66
25053;Evelyn Araujo Sousa;1.31
5987;Julian Cavalcanti Martins;8.02
27638;Joao Sousa Ferreira;4.15
22961;Vinicius Santos Lima;1.77
18270;Gabriela Pinto Barbosa;9.25
6180;Kauê Cunha Almeida;8.92
18511;Julieta Cunha Cardoso;2.17
21840;Isabelle Azevedo Goncalves;3.82
6425;Rafael Cavalcanti Barros;7.81
15018;Antônio Melo Costa;0.81
18230;Matilde Sousa Castro;7.05
29558;Alex Pereira Barbosa;6.73
7790;Paulo Rodrigues Azevedo;3.63
13954;Diego Oliveira Pinto;3.38
9102;Rodrigo Rocha Costa;6.96
234;Gabrielle Castro Santos;1.17
12951;Beatrice Santos Santos;7.71
7927;Isabela Ferreira Rocha;4.50
22615;Bruno Castro Cunha;2.60
21485;Matilde Almeida Rocha;9.69
9991;Caio Ribeiro Cunha;3.73
27456;Matilde Ferreira Goncalves;5.12
16369;Yasmin Araujo Ribeiro;8.60
25103;Isabella Carvalho Pinto;0.71
7567;Nicolas Cavalcanti Souza;4.62
3482;Luís Lima Costa;3.21
4981;Letícia Goncalves Melo;9.60
25275;Melissa Rocha Barros;3.91
18909;Rafaela Sousa Almeida;9.34
22457;Marisa Barros Pinto;9.28
5666;Evelyn Melo Barbosa;2.22
9116;Breno Castro Pinto;4.23
8654;Yasmin Pinto Almeida;7.60
27973;Igor Martins Carvalho;7.00
8000;Carla Martins Santos;9.44
10806;Livia Araujo Dias;6.95
9166;Marcos Rocha Souza;1.13
8407;Carla Fernandes Lima;1.11
23677;Lavinia Rocha Castro;1.48
18403;Lara Cavalcanti Alves;1.67
696;Luan Goncalves Barros;5.99
9794;Beatrice Correia Sousa;0.52
5426;Marina Pinto Martins;0.57
26921;Paulo Araujo Melo;1.98
7015;Cauã Correia Alves;9.11
21010;Breno Dias Rodrigues;4.20
26358;Miguel Sousa Ribeiro;7.55
19781;Danilo Santos Rocha;6.47
25557;Lavinia Melo Fernandes;5.31
22959;Paulo Santos Alves;4.30
18065;Beatriz Barros Ribeiro;5.08
12462;Pedro Ferreira Lima;8.47
23156;Julieta Cunha Castro;2.92
24278;Diogo Melo Fernandes;4.69
19984;Fernanda Melo Dias;3.95
12828;Ana Oliveira Pinto;7.81
10847;Leila Castro Martins;7.49
13046;Erick Alves Goncalves;4.89
24224;Daniel Pereira Dias;4.70
5803;Paulo Melo Silva;0.89
2341;Beatriz Dias Azevedo;3.39
6164;Luis Souza Oliveira;0.79
3446;Amanda Barbosa Carvalho;8.37
23017;Vitor Barros Goncalves;5.30
24025;Camila Correia Fernandes;6.13
694;Amanda Carvalho Cavalcanti;5.85
5779;Larissa Dias Lima;3.37
955;Kai Souza Fernandes;8.39
23505;Clara Cardoso Lima;0.22
23902;Lavinia Carvalho Azevedo;2.92
23402;Cauã Azevedo Castro;5.54
15776;Júlio Alves Sousa;5.30
8808;Ana Sousa Sousa;1.90
19415;Tiago Araujo Cunha;5.27
18741;Felipe Gomes Alves;5.69
2307;Livia Pereira Cardoso;5.73
1061;Giovana Silva Cardoso;9.30
8558;Victor Castro Lima;4.17
11400;Aline Sousa Santos;7.66
27281;Victor Castro Santos;0.46
13526;Martim Costa Souza;3.09
7660;Beatriz Azevedo Fernandes;0.65
15190;Letícia Carvalho Barbosa;2.09
28198;Lucas Gomes Oliveira;6.29
1571;Camila Silva Melo;0.98
21960;Marisa Silva Ribeiro;6.19
5849;Kaua Sousa Carvalho;9.06
16578;Vitor Pereira Azevedo;2.96
25270;Renan Alves Barbosa;7.57
6415;Marisa Azevedo Souza;3.65
13179;Thiago Castro Santos;7.15
29952;Nicolas Araujo Pereira;9.20
19420;Bruno Barros Melo;4.33
18500;Lavinia Alves Rocha;3.98
21929;Marina Barbosa Pinto;8.56
10652;Sarah Fernandes Barros;9.14
2453;Emilly Pinto Cavalcanti;8.57
20801;Sarah Cunha Correia;5.26
29788;Evelyn Goncalves Araujo;6.84
25272;Bruna Gomes Pinto;0.19
9432;Samuel Melo Costa;3.19
20408;Breno Cavalcanti Correia;3.27
5038;Laura Oliveira Dias;2.48
6697;Murilo Oliveira Correia;2.74
24852;Vitória Cavalcanti Gomes;1.48
19974;Isabella Carvalho Ribeiro;4.37
24093;Brenda Azevedo Goncalves;7.22
16176;Rafael Pinto Barros;9.58
29448;Ana Alves Cavalcanti;2.73
24793;Júlio Barros Gomes;9.52
25606;Leonor Araujo Rodrigues;9.74
10755;José Melo Melo;6.61
17027;Antônio Almeida Castro;9.97
25032;Rafaela Silva Fernandes;2.99
3888;Maria Barbosa Almeida;3.71
17602;Carla Ferreira Pinto;7.05
24486;Julian Rodrigues Lima;7.43
6388;Nicolas Martins Souza;3.83
17966;Carolina Ferreira Pinto;9.97
14826;Kaua Ferreira Sousa;3.14
9209;Pedro Cavalcanti Cunha;7.77
19369;Giovanna Cunha Silva;7.37
20659;Pedro Almeida Dias;4.72
4265;Júlia Goncalves Rocha;5.07
11216;Nicole Barros Correia;4.51
15124;Letícia Rodrigues Almeida;1.88
21301;Kauã Alves Goncalves;7.47
5774;Matilde Alves Silva;9.08
8130;Vitor Souza Santos;6.26
6247;Carlos Costa Oliveira;9.88
20619;Carlos Cunha Almeida;1.83
12119;Kauan Cunha Melo;7.56
28397;Carolina Ribeiro Almeida;5.81
14292;Clara Costa Ferreira;0.18
1429;Vitór Dias Gomes;1.92
18247;Alice Ferreira Castro;4.44
26751;Nicole Souza Gomes;5.15
16505;Martim Ribeiro Correia;9.32
14135;Rafael Cunha Pinto;6.02
18762;Luan Sousa Pereira;9.99
26195;Carolina Barros Alves;8.80
5220;Evelyn Correia Melo;7.24
13766;Luiza Rodrigues Barbosa;2.42
2371;Otávio Castro Ferreira;9.42
15849;Carla Ribeiro Costa;2.75
11350;Paulo Pinto Melo;3.02
3827;Luan Oliveira Dias;8.90
15104;Otávio Souza Rodrigues;1.68
12511;Evelyn Lima Cavalcanti;7.52
18812;Murilo Pereira Ribeiro;5.37
18613;Laura Cardoso Barbosa;8.36
27372;Igor Goncalves Azevedo;2.11
4091;Vinicius Martins Rodrigues;4.10
13603;Thaís Barros Goncalves;7.78
8897;Luana Rodrigues Pereira;7.47
26648;Larissa Almeida Costa;0.71
13286;João Barros Souza;7.07
15464;Amanda Ribeiro Almeida;2.63
23752;Tiago Goncalves Castro;6.76
5440;Tânia Pinto Barros;8.37
26369;Samuel Azevedo Almeida;8.57
7500;Amanda Barros Lima;2.77
24622;Pedro Rodrigues Barbosa;2.98
20713;Ágatha Ferreira Rocha;1.39
5751;Larissa Gomes Carvalho;1.61
12261;Giovanna Pinto Ribeiro;5.87
692;Julian Gomes Dias;8.79
14831;Enzo Almeida Rocha;8.04
24504;Fernanda Rocha Martins;6.30
24645;Isabelle Gomes Silva;0.03
9927;Tiago Pereira Ferreira;6.76
18973;Letícia Ferreira Carvalho;5.68
27993;Victor Pinto Santos;0.83
9637;Sofia Lima Barbosa;2.66
23737;Eduarda Goncalves Silva;1.85
6224;Luan Pereira Melo;3.07
9132;Larissa Carvalho Castro;7.57
3947;Lucas Dias Barros;4.82
17355;Rebeca Dias Barbosa;4.15
9673;Breno Almeida Silva;8.88
22713;Tiago Sousa Pinto;5.60
28967;Alex Goncalves Cavalcanti;3.70
4575;André Goncalves Rodrigues;6.86
18227;Mariana Costa Rodrigues;0.69
19467;Fernanda Cunha Sousa;5.19
2626;Guilherme Dias Azevedo;2.09
3836;Júlio Araujo Correia;2.62
12848;Raissa Araujo Gomes;1.58
25483;Miguel Dias Castro;2.09
2476;Pedro Correia Oliveira;4.79
19351;José Costa Silva;6.61
17981;Emily Carvalho Gomes;2.15
317;Luana Cavalcanti Cunha;6.47
14032;Raissa Pinto Cardoso;3.56
11529;Marcos Fernandes Lima;5.06
4116;Ágatha Rocha Pereira;8.77
16629;Nicole Santos Rocha;1.75
21582;Nicole Rocha Oliveira;0.98
11255;Ágatha Rocha Rodrigues;5.94
12619;Livia Cunha Souza;3.68
10669;Paulo Barbosa Correia;5.27
27433;Gabriela Carvalho Silva;4.93
8586;Luiza Rocha Santos;2.37
9502;Evelyn Correia Correia;9.99
4038;Giovana Cavalcanti Santos;4.31
20137;Alice Alves Martins;9.15
13095;Manuela Almeida Melo;0.50
26791;Julian Dias Castro;6.92
26145;Gabrielle Santos Alves;2.66
11753;Kauã Almeida Pinto;1.68
9551;Maria Alves Cavalcanti;4.50
12541;Lucas Rocha Rocha;7.20
10206;Eduarda Oliveira Almeida;1.41
4367;Renan Rocha Dias;8.17
20914;Kauê Cardoso Souza;9.98
2338;Letícia Castro Correia;1.89
26670;Felipe Silva Santos;9.78
21694;Sophia Correia Alves;8.51
22668;Kai Lima Goncalves;2.44
15798;Carla Azevedo Alves;6.44
14509;Luana Costa Fernandes;7.75
17373;Leonardo Lima Santos;2.91
10486;Luana Melo Cavalcanti;6.69
29062;Luiza Gomes Costa;2.58
6418;Kauê Goncalves Melo;8.68
7352;Rafael Rocha Cunha;3.66
29439;Ana Santos Melo;3.07
6661;Matilde Cunha Cavalcanti;9.14
10176;Kauan Dias Rodrigues;5.76
20866;Enzo Cavalcanti Almeida;0.46
15503;Nicolash Gomes Pinto;4.74
8391;Thiago Lima Cavalcanti;4.26
16643;Sarah Cunha Correia;3.42
9324;Tiago Alves Santos;7.63
28348;Marisa Dias Santos;1.95
27866;José Alves Cunha;4.37
2477;Enzo Rodrigues Dias;9.96
25014;Ryan Goncalves Gomes;2.21
2931;Bruno Cavalcanti Ferreira;8.90
17712;Ryan Barbosa Barbosa;5.13
35;Fernanda Castro Carvalho;5.15
4258;Danilo Santos Oliveira;2.25
2531;Cauã Oliveira Correia;5.29
8075;Vitória Rocha Araujo;2.13
2968;Rebeca Martins Rodrigues;3.03
8157;Vinícius Costa Lima;5.48
8425;Diogo Araujo Pinto;2.42
23097;Lucas Goncalves Sousa;4.19
29340;Maria Souza Ferreira;2.44
16556;Luana Rodrigues Melo;3.12
18853;Douglas Goncalves Melo;2.79
20630;Felipe Alves Alves;3.28
25224;Rafaela Barros Pinto;6.27
235;Leila Barbosa Ferreira;6.32
29311;Igor Pereira Ferreira;5.19
24063;Anna Correia Rocha;2.58
13243;Vitoria Ribeiro Pinto;0.86
12622;Gabriela Gomes Alves;0.22
6650;Gabrielly Goncalves Barros;2.70
9919;Júlio Silva Lima;9.12
24189;Isabela Lima Carvalho;0.83
21264;Emilly Goncalves Cavalcanti;3.88
25348;Felipe Barros Alves;3.56
25713;Cauã Ribeiro Ribeiro;8.31
28568;Kai Lima Azevedo;5.02
17530;Julian Barbosa Pinto;0.50
22354;Clara Barbosa Silva;8.56
6265;Davi Rodrigues Souza;9.02
28721;Bruno Almeida Barros;6.32
13595;Clara Pereira Oliveira;3.43
14557;Leonor Cavalcanti Rocha;9.15
321;Amanda Azevedo Carvalho;8.65
10550;Evelyn Almeida Ribeiro;1.04
27902;Amanda Correia Pereira;7.47
15161;Diogo Goncalves Alves;1.53
9772;Vitória Goncalves Lima;9.04
14365;Leonor Cardoso Barros;7.23
11958;Vitor Alves Pereira;5.62
15199;José Cunha Melo;5.26
4455;Samuel Alves Cardoso;6.30
14620;Evelyn Correia Ferreira;9.61
10726;Gustavo Gomes Correia;4.03
11773;Gabrielle Pinto Cavalcanti;5.00
762;Gabrielly Dias Correia;7.64
5856;Maria Sousa Sousa;2.46
29288;Marisa Castro Lima;0.65
25893;André Azevedo Rodrigues;3.70
9645;Vitór Castro Cavalcanti;3.41
6854;Kauan Ribeiro Ferreira;3.47
24098;Leila Dias Gomes;9.21
22444;Bruno Sousa Rodrigues;1.67
9179;Ágatha Martins Carvalho;0.07
19793;Nicolash Castro Goncalves;2.27
27980;Aline Pereira Dias;2.30
10918;Daniel Souza Martins;2.77
2874;Guilherme Oliveira Barros;8.00
28674;Isabella Souza Pinto;5.76
10888;Evelyn Alves Santos;4.31
4778;Mariana Souza Gomes;8.82
5635;Kai Silva Cavalcanti;3.30
25990;Thaís Ferreira Carvalho;5.05
13169;Lavinia Almeida Sousa;4.06
13653;André Santos Rocha;6.19
6980;Matheus Barbosa Ferreira;2.03
20813;Júlia Melo Cardoso;3.09
15375;Isabella Carvalho Barros;1.11
14489;Renan Pereira Cavalcanti;2.63
8;Gabrielly Goncalves Azevedo;6.13
9429;Leila Souza Barbosa;1.78
9409;Rodrigo Melo Cunha;0.29
14673;Pedro Ribeiro Rocha;9.30
7145;Julieta Azevedo Fernandes;9.14
23257;Otávio Ribeiro Rodrigues;7.55
16568;Anna Melo Castro;3.25
25105;Livia Silva Ferreira;9.72
6871;Giovana Costa Carvalho;0.64
17835;Fábio Santos Ribeiro;5.43
27327;Pedro Castro Ferreira;2.77
1203;Brenda Oliveira Santos;8.94
8262;Brenda Cavalcanti Castro;3.90
5853;Sarah Cardoso Goncalves;6.25
10690;Ágatha Gomes Cunha;4.58
25505;Tomás Ferreira Araujo;1.10
1625;Gabriela Carvalho Souza;9.00
3690;Arthur Oliveira Castro;6.32
27615;Luan Azevedo Gomes;6.69
19101;Vitor Goncalves Lima;4.27
3958;Alice Martins Ferreira;2.74
3642;Isabelle Alves Correia;8.97
6577;Clara Rodrigues Sousa;7.36
23311;Daniel Pinto Correia;9.41
8594;Carlos Gomes Santos;0.42
4080;Martim Rodrigues Alves;7.77
27422;Igor Rocha Ferreira;2.24
29540;Rafael Rodrigues Ribeiro;1.82
24513;Vitor Cunha Souza;1.90
5039;Renan Sousa Rocha;2.08
5944;Leila Pereira Fernandes;7.53
11286;Renan Silva Dias;1.93
21270;Paulo Pereira Barros;0.60
2226;Igor Gomes Barbosa;7.40
15992;Mateus Melo Silva;7.86
14189;Vitór Gomes Barros;4.28
21571;Luís Ferreira Oliveira;2.61
4911;Thiago Fernandes Rodrigues;1.65
18358;Eduarda Goncalves Costa;8.10
28934;Camila Melo Castro;4.37
17017;Leonardo Rodrigues Rocha;4.90
5859;Guilherme Cardoso Oliveira;5.36
9389;Vitória Lima Cavalcanti;5.75
17363;Fábio Azevedo Dias;2.58
14462;Vitór Silva Dias;2.03
26806;Kauã Sousa Sousa;7.95
23091;Vinicius Sousa Cavalcanti;7.61
29774;Tânia Martins Santos;2.92
23001;Estevan Rodrigues Azevedo;5.69
22299;Mariana Costa Melo;1.83
25878;Vinícius Ribeiro Araujo;1.70
8488;Isabelle Pinto Pinto;4.70
1029;Luan Ribeiro Barbosa;0.20
28837;Marisa Araujo Cavalcanti;8.67
29221;Luana Lima Gomes;8.53
8439;Carolina Gomes Dias;0.18
6852;Ana Souza Castro;8.95
16728;Beatriz Carvalho Fernandes;2.02
3854;Guilherme Carvalho Cardoso;6.75
1921;Vitor Pinto Carvalho;5.60
9356;Tânia Pinto Pinto;4.60
10069;Brenda Goncalves Gomes;3.73
4105;Daniel Melo Correia;5.11
7383;Leonardo Santos Barros;8.10
11157;Nicolas Sousa Castro;9.13
8744;Thiago Correia Souza;7.95
10120;Aline Ribeiro Correia;5.23
7604;Manuela Dias Gomes;1.10
18495;Kai Cavalcanti Rocha;2.16
6815;Brenda Almeida Araujo;5.21
25335;Gabriela Barbosa Pereira;2.74
20995;Julieta Carvalho Rodrigues;7.28
6644;Rodrigo Barros Silva;9.22
16112;Anna Lima Gomes;4.36
9754;Pedro Pereira Cardoso;4.18
25469;Lara Araujo Santos;5.00
24126;Renan Martins Pinto;5.83
24105;Matilde Cardoso Castro;7.73
5202;André Lima Cavalcanti;8.47
29488;Clara Barbosa Martins;2.40
10799;Camila Castro Alves;0.14
6740;Amanda Carvalho Cardoso;0.43
13362;Rebeca Correia Almeida;4.12
8053;Vitoria Ferreira Santos;6.17
20020;Giovanna Pinto Barros;3.58
24806;Douglas Fernandes Fernandes;5.86
27189;Kauê Alves Silva;2.09
27848;Luana Cunha Gomes;5.98
5485;Danilo Barbosa Araujo;1.29
27387;Vitoria Souza Goncalves;3.47
21454;Bruno Rodrigues Souza;1.28
20214;Vinícius Souza Cavalcanti;2.07
18820;Thaís Cunha Barbosa;5.57
561;Eduarda Santos Barbosa;1.49
8707;Thiago Sousa Alves;6.82
9717;Thiago Castro Rocha;6.91
10142;Vinicius Fernandes Cardoso;5.18
24428;Ágatha Melo Sousa;4.74
13965;Vitor Castro Gomes;3.76
3966;Joao Carvalho Barbosa;7.31
17293;Bianca Barbosa Barros;7.18
22413;Felipe Ferreira Goncalves;4.63
29226;Anna Araujo Santos;4.09
315;Luana Araujo Gomes;8.31
28447;Carlos Ribeiro Almeida;1.56
18958;Alice Barbosa Goncalves;9.58
12646;Ágatha Carvalho Silva;6.60
15950;Rodrigo Oliveira Sousa;9.66
26360;Marina Barbosa Azevedo;4.31
25503;Evelyn Gomes Rodrigues;6.31
3007;Rafael Correia Goncalves;3.85
15804;Nicolas Goncalves Santos;2.34
1530;Gabriel Alves Sousa;9.79
25682;Diego Sousa Araujo;0.94
6016;Letícia Barros Barros;2.99
20330;Anna Souza Cavalcanti;9.30
9884;Kauan Silva Cunha;2.78
26559;Julian Ferreira Pereira;3.78
12036;Vinícius Barbosa Lima;7.92
22344;Isabela Cardoso Souza;8.07
28547;Evelyn Castro Oliveira;6.34
1937;Nicolas Cardoso Almeida;5.54
21287;Júlia Almeida Alves;5.62
14012;Evelyn Barros Pinto;2.90
22992;José Alves Ferreira;3.19
6218;Lucas Almeida Goncalves;1.28
23197;Livia Souza Correia;4.62
27623;Vitór Pinto Fernandes;8.37
28327;Enzo Araujo Pereira;1.17
15330;Mariana Lima Cardoso;6.93
12507;Bruna Barros Fernandes;6.07
10157;Nicolash Ribeiro Ferreira;4.81
16793;Bruna Correia Goncalves;7.60
24341;João Cunha Silva;8.89
16942;Caio Cunha Silva;9.28
27536;Luan Lima Barros;7.96
29243;Vinicius Oliveira Fernandes;0.96
19038;Isabela Pinto Goncalves;3.89
25772;Clara Carvalho Cunha;2.47
627;Tomás Sousa Lima;7.46
12617;Vitor Souza Goncalves;7.24
7509;Vinícius Barros Dias;8.96
7474;Ágatha Costa Ferreira;7.78
14361;Raissa Barbosa Araujo;8.46
22181;João Araujo Cardoso;7.07
27573;Julia Ferreira Rocha;0.37
20103;Luiz Oliveira Fernandes;3.37
15985;Lara Melo Rodrigues;1.33
9123;Bruno Castro Fernandes;2.45
25844;Felipe Melo Goncalves;6.08
25346;Leila Cunha Lima;9.32
25067;Emily Melo Martins;7.86
8631;Victor Cardoso Barros;9.38
281;Ágatha Oliveira Costa;1.60
593;Vitor Alves Almeida;7.69
6956;Ryan Costa Rocha;9.28
18087;Rafaela Lima Castro;0.50
26820;Camila Costa Melo;0.02
16322;Eduardo Costa Ribeiro;8.30
17998;Kauã Martins Barros;0.59
9351;Giovanna Araujo Martins;2.78
9486;Eduarda Goncalves Ferreira;1.82
28503;Isabela Correia Fernandes;2.91
9488;Thiago Castro Lima;7.82
7239;Raissa Rodrigues Araujo;6.74
13100;Kaua Silva Silva;7.72
5850;Amanda Araujo Fernandes;6.77
24502;Igor Almeida Castro;8.04
20304;Julia Pereira Cardoso;3.80
8550;Julia Gomes Cardoso;4.82
27240;Bianca Pinto Souza;9.82
7110;Anna Gomes Pereira;1.08
13104;Emilly Fernandes Azevedo;5.20
9736;Kai Costa Oliveira;0.86
23741;Leonor Azevedo Rodrigues;1.03
28335;Julian Goncalves Silva;8.17
26884;Brenda Pinto Sousa;6.81
10319;Thaís Santos Dias;1.27
23653;Gabrielle Dias Fernandes;1.07
22079;Vitoria Lima Sousa;1.95
17440;Alice Pereira Barros;9.81
6382;Joao Barros Rodrigues;1.05
6209;Rafael Alves Araujo;5.99
11777;Matilde Silva Alves;6.19
3439;Danilo Oliveira Araujo;2.13
2822;Murilo Pereira Rocha;7.34
3038;Marisa Cardoso Barros;2.78
8980;Igor Pereira Barbosa;9.71
25250;Carlos Martins Fernandes;4.80
28798;Júlia Correia Costa;9.22
16476;Sarah Castro Lima;2.53
24389;Thiago Cavalcanti Rodrigues;9.36
13655;Manuela Santos Ribeiro;9.20
13327;Luiza Rocha Dias;7.38
28613;Estevan Cavalcanti Gomes;3.51
23787;Maria Oliveira Costa;3.32
20731;Emily Dias Santos;5.04
26860;Júlia Barros Costa;6.21
11258;Vinicius Pereira Barros;3.93
3059;Luís Silva Goncalves;0.12
20611;Leonardo Castro Martins;5.24
17914;Ana Costa Cavalcanti;2.56
10882;Kauã Almeida Alves;5.29
14221;Júlia Cavalcanti Correia;0.85
26314;Aline Santos Sousa;2.81
19689;Eduarda Correia Correia;2.81
20114;Kauan Cunha Gomes;8.97
21626;Gabrielly Carvalho Sousa;6.03
3558;Gabrielle Dias Dias;6.87
11280;Júlio Correia Gomes;4.05
15689;Gabrielle Gomes Oliveira;2.82
21024;Felipe Araujo Castro;1.83
14496;Ryan Ferreira Dias;9.95
3596;Marisa Pereira Cunha;9.89
22274;Julieta Pinto Azevedo;5.28
17121;Camila Rocha Martins;8.74
5451;Fábio Araujo Santos;4.25
23600;Fábio Azevedo Gomes;8.51
8008;Diego Azevedo Silva;1.38
11639;Evelyn Pinto Fernandes;8.23
6298;Laura Barbosa Rodrigues;2.97
20027;João Alves Almeida;1.27
4441;Rafael Rocha Carvalho;0.28
22377;Davi Pinto Oliveira;7.14
26498;Isabelle Rocha Dias;0.23
8894;Júlia Melo Pereira;0.08
7235;Tomás Silva Silva;2.40
19811;Leonor Correia Costa;6.17
6848;Murilo Correia Barbosa;4.53
10177;Enzo Fernandes Rodrigues;7.59
25268;Isabelle Souza Martins;9.91
10686;Igor Silva Dias;4.70
1559;Nicole Azevedo Rodrigues;5.92
13081;Breno Pereira Almeida;8.11
3406;Matheus Melo Cunha;8.30
17023;José Pinto Oliveira;0.76
25486;Luan Pinto Azevedo;0.39
6213;Brenda Barros Pinto;5.43
3176;Isabela Alves Silva;5.20
22475;Beatrice Souza Barbosa;5.79
11445;Vitór Sousa Santos;3.24
11223;Bianca Fernandes Lima;9.99
10684;Camila Silva Pinto;2.37
9777;Douglas Gomes Oliveira;8.89
28695;Luana Gomes Pereira;6.64
27890;Lucas Costa Souza;4.34
19021;Júlia Lima Ferreira;7.10
19022;Giovana Carvalho Cardoso;9.94
17873;Melissa Carvalho Pereira;8.11
6264;Cauã Araujo Castro;4.16
16300;Leonardo Alves Melo;9.11
22718;Erick Azevedo Ferreira;2.54
2866;Marisa Barbosa Azevedo;4.47
14356;Marisa Costa Carvalho;2.74
26151;Luiza Araujo Alves;6.99
1723;Camila Ferreira Fernandes;7.53
5376;Victor Sousa Cardoso;8.60
16052;Camila Pereira Gomes;4.83
29066;Tiago Azevedo Araujo;7.04
4593;Livia Castro Almeida;0.75
19721;Danilo Carvalho Almeida;9.10
14622;Clara Correia Souza;9.49
15975;Kauã Fernandes Rocha;1.71
1377;Carlos Castro Santos;8.09
24549;Giovana Rodrigues Souza;3.49
25412;Anna Azevedo Cunha;1.98
18788;Kaua Pinto Pinto;6.14
5086;Mateus Barbosa Cavalcanti;0.19
12155;Daniel Souza Cavalcanti;8.01
14634;Victor Fernandes Carvalho;1.23
27321;Renan Silva Alves;5.42
19296;Julia Santos Lima;1.42
22675;Kaua Pinto Dias;6.47
19833;Enzo Silva Almeida;7.18
5565;Davi Santos Cardoso;5.97
6260;Diogo Alves Alves;1.49
28336;Yasmin Pereira Dias;2.33
19815;Nicole Ribeiro Fernandes;2.47
294;Emily Cunha Dias;8.79
5601;Clara Ferreira Cunha;4.52
9616;Sarah Rocha Azevedo;9.66
21839;Felipe Pinto Santos;2.25
9280;Amanda Oliveira Barbosa;1.92
11704;Eduardo Alves Goncalves;7.68
7490;Matilde Araujo Souza;8.40
14670;Ágatha Ferreira Pinto;4.35
7128;Emily Martins Cavalcanti;2.51
23193;Tânia Correia Ferreira;7.09
465;Kai Martins Castro;1.21
27412;Kauê Barbosa Ribeiro;5.90
2126;Eduardo Costa Cavalcanti;2.85
14177;Luis Pinto Rodrigues;6.21
8064;Marisa Rodrigues Sousa;3.31
13468;Antônio Oliveira Barbosa;5.54
20751;Samuel Castro Martins;2.63
2458;Amanda Goncalves Lima;3.42
2576;Manuela Oliveira Martins;0.93
28513;Vitór Cavalcanti Cunha;8.00
11922;André Carvalho Pinto;6.45
17553;Marina Gomes Barros;0.84
6634;Luis Pinto Pinto;2.79
17182;Camila Melo Almeida;9.10
18047;Cauã Martins Lima;9.93
11558;Gabriel Melo Melo;8.96
3404;Nicolas Rocha Ribeiro;2.69
7336;Laura Gomes Sousa;4.58
1382;Diego Almeida Rodrigues;9.21
2135;Ana Pinto Barros;4.07
16147;Julian Ribeiro Barbosa;7.92
22119;Mateus Silva Alves;4.35
20251;Mateus Barros Ferreira;6.73
5331;Matilde Gomes Ribeiro;1.43
16789;Luana Costa Ribeiro;8.07
15416;Emily Ribeiro Azevedo;1.30
24756;Emilly Correia Costa;9.24
18372;Victor Barbosa Almeida;3.60
27766;Letícia Azevedo Cavalcanti;0.70
14542;Anna Rocha Ferreira;4.75
23357;Vitória Goncalves Costa;0.51
4029;Sofia Ribeiro Sousa;7.52
20180;Estevan Azevedo Pereira;7.44
5798;Thaís Ribeiro Dias;1.20
12312;Raissa Goncalves Pinto;8.56
17571;Vitória Alves Barbosa;6.08
1301;Miguel Ribeiro Castro;6.72
3265;Ana Rocha Melo;4.67
23880;Pedro Sousa Cunha;2.00
26690;Vitória Dias Oliveira;5.69
8352;Isabella Barbosa Ribeiro;0.86
26462;Marisa Almeida Pinto;7.40
4288;Caio Alves Cunha;9.84
26742;Estevan Oliveira Martins;6.56
18132;Arthur Rodrigues Ribeiro;4.55
12466;Samuel Alves Correia;3.01
26634;Giovana Castro Lima;9.47
5447;Vitor Silva Cavalcanti;5.21
8597;André Lima Cardoso;2.03
22362;Júlio Oliveira Silva;6.74
11729;Luiza Araujo Carvalho;3.65
3443;Antônio Cardoso Azevedo;0.73
3619;Gabrielle Pinto Costa;3.89
8332;Brenda Ferreira Melo;2.62
21776;Beatriz Silva Carvalho;6.77
15869;Leonor Barbosa Oliveira;2.78
1532;Vitória Pinto Rodrigues;6.44
18122;Brenda Silva Correia;1.93
536;Mateus Cunha Lima;4.11
25962;Isabelle Silva Sousa;2.40
3560;Nicole Azevedo Oliveira;5.81
23914;Letícia Sousa Alves;1.64
4757;Raissa Fernandes Barros;1.26
9573;Laura Silva Silva;2.04
28691;Vitor Alves Araujo;5.61
5232;Vitor Fernandes Cunha;4.71
26529;Julieta Fernandes Barbosa;9.74
28068;Letícia Rodrigues Cunha;6.15
936;Ágatha Melo Fernandes;3.62
24791;Camila Melo Martins;6.76
7921;Renan Lima Oliveira;5.04
2268;Vinícius Melo Melo;9.15
21924;Beatrice Lima Correia;7.33
27592;Eduardo Cunha Ferreira;6.59
28019;Lara Rodrigues Cunha;4.04
178;Ágatha Almeida Rodrigues;0.83
23228;Clara Santos Santos;8.80
24425;Guilherme Ferreira Pereira;3.26
540;Gabriela Silva Pinto;2.04
26246;Erick Barbosa Martins;2.79
12325;Luiz Ferreira Lima;5.88
5212;Alice Cunha Pereira;8.15
7380;Pedro Azevedo Dias;3.67
12249;Bianca Cunha Rocha;9.76
28324;Vinicius Fernandes Melo;9.27
8603;Marisa Cunha Alves;5.13
8761;Alice Silva Barbosa;2.93
29102;Julieta Fernandes Almeida;5.45
8986;Vitória Barbosa Sousa;5.79
10967;Luana Goncalves Castro;6.84
14236;Sophia Oliveira Alves;9.36
3629;Gabrielle Ribeiro Ribeiro;0.23
11613;Igor Gomes Oliveira;9.50
4594;Felipe Cunha Cavalcanti;9.59
22320;Breno Cardoso Melo;0.78
29355;Diego Fernandes Lima;9.70
3457;Gabriel Ribeiro Alves;5.50
2446;Camila Alves Pinto;4.10
2707;Gabrielle Dias Santos;0.18
3751;Lucas Alves Gomes;4.77
6809;Pedro Correia Ferreira;3.23
17116;Giovanna Dias Santos;6.23
23986;Gabriel Carvalho Pereira;3.71
25660;Sophia Ribeiro Cardoso;2.22
5089;Alice Sousa Costa;2.65
5479;Tânia Costa Almeida;0.72
17807;Giovana Ferreira Ribeiro;8.29
8636;Gabrielly Castro Alves;1.75
16838;Kauan Cardoso Souza;4.55
28300;Luiza Cunha Alves;9.88
6817;Luiza Pinto Rocha;3.38
13501;Arthur Ribeiro Barros;0.50
14874;Kauã Barbosa Ferreira;8.06
15956;Bruno Pereira Sousa;1.94
29466;Vitor Barbosa Dias;9.78
2535;José Oliveira Gomes;0.04
24837;Luiz Rodrigues Carvalho;9.22
23103;Nicolas Pinto Sousa;9.37
12869;Bruno Oliveira Oliveira;6.78
12925;Kauê Fernandes Costa;1.45
22227;Julieta Castro Azevedo;4.64
19182;Bruno Azevedo Correia;1.19
13237;Fábio Cunha Barbosa;4.09
23908;Isabelle Silva Gomes;8.81
20643;Lavinia Silva Correia;2.84
28677;Isabella Pinto Barros;9.41
23976;Lara Dias Araujo;1.22
16378;Laura Azevedo Cunha;0.75
13715;Livia Sousa Ribeiro;4.14
12704;Manuela Sousa Cardoso;7.80
25796;Marisa Azevedo Cunha;4.42
21137;Lucas Costa Silva;9.90
2012;Luan Sousa Barros;2.14
9518;Caio Fernandes Correia;5.11
3647;Gabrielly Lima Carvalho;0.58
17910;Kauan Costa Souza;8.97
16784;Vitór Santos Lima;9.03
16547;Livia Castro Cavalcanti;4.39
8615;Brenda Cardoso Barros;1.35
17714;Bianca Martins Pereira;9.93
25432;Carla Souza Silva;4.73
5807;Cauã Melo Almeida;6.28
19690;Mariana Santos Pereira;3.40
19278;Emilly Martins Pinto;8.55
23896;Ryan Silva Martins;2.83
26984;Bruno Araujo Goncalves;5.75
17435;Bianca Alves Castro;0.35
21238;Raissa Cavalcanti Ribeiro;3.98
18337;Julian Goncalves Pereira;0.60
4513;Kauan Dias Ferreira;4.29
2043;Letícia Ferreira Gomes;1.99
19452;Arthur Cardoso Santos;8.89
15075;Victor Pereira Barros;1.87
18390;Lara Cavalcanti Cunha;6.48
17532;Julian Sousa Cunha;0.42
27944;Eduardo Souza Gomes;8.38
249;Enzo Alves Oliveira;2.09
23918;Clara Sousa Melo;7.23
17371;Leonardo Alves Pereira;5.27
24320;Vinícius Dias Barros;5.26
17649;Luana Silva Melo;8.02
26433;Igor Santos Pinto;5.20
2182;Gabriel Lima Castro;6.54
12919;Vitor Rocha Cavalcanti;4.94
9274;Bianca Costa Alves;2.54
5701;Vinicius Ferreira Barbosa;9.59
5634;Fernanda Alves Pinto;6.17
24280;Murilo Melo Gomes;3.09
28848;Enzo Goncalves Ferreira;5.12
329;Nicole Ferreira Castro;1.17
17108;Vitória Araujo Cardoso;4.94
24139;Isabelle Pinto Fernandes;5.90
4756;Giovanna Oliveira Cunha;3.44
1410;Luan Alves Cunha;9.58
17408;Diogo Fernandes Melo;5.30
22486;Estevan Martins Cunha;2.55
21545;Beatrice Almeida Melo;4.89
28669;Manuela Carvalho Alves;1.93
28346;Breno Santos Dias;7.68
8099;Gabriel Costa Cardoso;5.77
9654;Gabrielly Cardoso Costa;7.15
17345;Gabrielle Ferreira Ribeiro;3.84
9045;Leila Rocha Castro;5.81
26273;Larissa Cardoso Dias;7.56
4518;Tomás Oliveira Souza;4.97
1141;Guilherme Santos Silva;0.32
21566;Vitoria Santos Araujo;8.87
1952;Lavinia Pereira Dias;9.95
1749;Larissa Dias Costa;9.44
4081;Diogo Oliveira Cardoso;2.65
9332;Kauan Araujo Cavalcanti;8.61
9657;Murilo Lima Silva;2.65
12876;Arthur Dias Silva;5.90
15429;Julieta Gomes Cavalcanti;9.23
28214;Luana Ribeiro Martins;9.13
2918;Luana Santos Silva;0.78
6241;Luiza Fernandes Silva;6.96
19138;Bruno Ferreira Araujo;1.67
4380;Davi Ribeiro Melo;4.11
25862;Gabriel Silva Goncalves;7.16
5533;Vinicius Sousa Sousa;9.28
24055;Aline Rocha Barros;4.25
17924;Davi Pereira Costa;1.03
27602;Melissa Souza Araujo;3.34
6153;Beatrice Cunha Cardoso;4.69
1339;Mariana Pereira Fernandes;4.51
7936;Vitória Martins Oliveira;3.44
5999;Giovanna Pinto Pereira;6.39
306;Daniel Cunha Alves;4.13
28369;Sophia Azevedo Castro;1.65
1123;Tânia Cunha Sousa;9.01
7946;Leila Pinto Azevedo;7.25
6898;Nicole Pinto Silva;7.46
19156;Carlos Pinto Gomes;9.67
23770;Bruno Cunha Martins;5.71
1839;Felipe Costa Ribeiro;8.28
3937;Marisa Santos Cunha;4.44
11716;Gabrielly Barros Gomes;2.24
24374;Leonardo Rocha Ribeiro;6.47
23627;Isabella Carvalho Azevedo;2.39
8726;Matheus Ferreira Fernandes;0.41
29654;Anna Pinto Cavalcanti;8.55
26489;Murilo Lima Ribeiro;8.63
2934;Livia Alves Almeida;2.99
8300;Yasmin Barros Sousa;0.73
29463;Carolina Castro Carvalho;7.68
8528;Arthur Castro Barros;9.04
6267;Tiago Barbosa Alves;2.58
11988;Vinicius Azevedo Azevedo;9.57
29305;Fernanda Cavalcanti Carvalho;7.94
11169;Nicolas Almeida Lima;9.94
18997;Nicolash Fernandes Alves;3.41
11473;Daniel Alves Rodrigues;0.31
1064;Murilo Alves Alves;8.14
27809;Vinícius Santos Ribeiro;5.51
19314;Igor Martins Alves;0.09
14235;Tiago Santos Martins;3.68
8679;Luana Pereira Cunha;7.07
6474;Bruna Cardoso Rodrigues;2.08
8621;Matheus Dias Cunha;9.33
26535;Carolina Cardoso Alves;1.89
7939;Vinicius Castro Barbosa;0.47
22765;Tânia Pereira Sousa;1.04
8843;Breno Goncalves Cavalcanti;5.74
9428;Ana Cunha Costa;2.86
4137;Vitor Cardoso Carvalho;8.36
10339;Paulo Castro Martins;1.99
2693;Julia Melo Rocha;5.08
3926;Vitor Sousa Azevedo;4.12
28989;Diogo Araujo Oliveira;9.50
7516;Victor Silva Carvalho;0.88
15561;Rodrigo Cunha Gomes;2.08
9114;Beatriz Carvalho Rocha;7.02
10620;Rafael Costa Gomes;2.74
6077;Giovana Alves Pinto;9.82
2124;Lavinia Azevedo Araujo;4.82
16919;Luan Souza Cunha;8.30
4045;Sophia Rocha Azevedo;9.09
13108;Kaua Alves Correia;6.94
7767;Larissa Carvalho Azevedo;3.64
6938;Beatriz Castro Azevedo;1.51
7942;Júlia Rodrigues Ribeiro;1.42
24481;Daniel Barros Carvalho;7.98
17326;Ágatha Correia Azevedo;6.52
14211;Giovanna Sousa Santos;2.21
17938;Luiza Pinto Pinto;1.72
1613;Nicole Pereira Cunha;4.32
26062;Júlio Pinto Almeida;6.98
12256;Murilo Pereira Cavalcanti;6.07
18141;Ryan Rodrigues Sousa;3.76
23607;Estevan Carvalho Ribeiro;6.40
18176;Tomás Lima Martins;1.81
7900;Marcos Ferreira Goncalves;9.34
10597;Luiza Ferreira Silva;8.77
6061;Beatrice Dias Oliveira;7.23
29117;Ágatha Correia Costa;5.57
11022;Vitória Dias Ferreira;3.46
16084;Renan Rocha Barbosa;6.67
15520;Kai Araujo Dias;1.14
16324;Giovana Cavalcanti Alves;7.30
26155;Sarah Barros Ferreira;3.11
15822;Brenda Dias Melo;2.43
4214;Enzo Goncalves Ferreira;6.83
22895;Carla Sousa Martins;8.13
14859;Tiago Souza Santos;4.83
28425;Julieta Barbosa Sousa;5.05
16456;Sofia Melo Santos;5.52
7643;Danilo Barbosa Almeida;3.39
12860;Bruno Dias Castro;7.64
4671;Lucas Almeida Sousa;2.43
8917;Vitór Carvalho Rocha;2.96
22529;Ágatha Oliveira Castro;8.40
17462;Luan Gomes Alves;9.50
4860;Matheus Pinto Alves;2.22
21817;Luís Carvalho Almeida;0.52
25604;Beatrice Sousa Castro;9.58
28574;Lara Sousa Cavalcanti;0.33
14097;Vinicius Almeida Santos;9.57
8191;Larissa Santos Lima;5.61
26733;Isabelle Oliveira Cavalcanti;1.83
26957;Beatriz Souza Alves;1.75
23004;Martim Lima Gomes;9.39
8409;Gabriela Costa Fernandes;5.80
18939;Mariana Melo Lima;9.61
22325;Aline Souza Ferreira;6.89
1756;Aline Barbosa Santos;4.49
26661;Igor Castro Goncalves;8.16
10200;Marina Castro Rodrigues;5.47
20734;Amanda Goncalves Sousa;2.69
19208;Livia Martins Melo;8.49
12203;Diogo Sousa Araujo;8.18
13905;Ágatha Rodrigues Pinto;4.76
18879;Melissa Fernandes Araujo;0.23
23021;Ana Cardoso Melo;5.86
628;Danilo Ribeiro Oliveira;4.73
27667;Livia Alves Martins;1.57
27967;Diogo Oliveira Barbosa;8.22
10361;Letícia Souza Cavalcanti;0.88
28409;Antônio Pereira Cavalcanti;2.95
16875;Mateus Silva Azevedo;6.95
16747;Kauê Cardoso Costa;5.16
18717;Murilo Oliveira Lima;5.58
5445;Lara Silva Sousa;7.60
21268;Yasmin Pereira Gomes;4.99
14962;Marina Azevedo Cunha;9.11
27643;Carolina Pinto Araujo;2.27
28640;Bruno Dias Gomes;9.87
7609;Kauã Gomes Santos;1.88
6916;Victor Almeida Carvalho;9.39
12493;Emilly Souza Lima;6.20
19694;Carolina Gomes Correia;3.08
24613;Gabriela Melo Almeida;5.09
4933;Isabelle Araujo Melo;0.28
2660;Lara Correia Rodrigues;2.83
7408;Mariana Castro Costa;2.04
20397;Felipe Oliveira Cavalcanti;0.47
14398;Eduardo Cardoso Sousa;9.25
13988;Breno Ferreira Silva;2.34
15693;Luiza Lima Correia;7.89
2545;Danilo Martins Costa;4.75
23499;Nicolas Araujo Ribeiro;7.99
21003;Ágatha Alves Ribeiro;2.40
15026;Alice Ribeiro Rocha;8.50
24137;Carla Santos Gomes;1.46
21181;Sophia Correia Costa;1.91
13465;Martim Dias Dias;6.00
6732;Nicolas Alves Ribeiro;8.81
2278;Julieta Cavalcanti Ribeiro;2.68
16610;Estevan Araujo Rocha;6.86
17315;Sofia Goncalves Barbosa;3.32
4468;Julieta Gomes Castro;9.75
6206;Tânia Oliveira Costa;2.68
17168;Carlos Silva Santos;8.79
11503;Luís Pinto Araujo;2.18
483;Gabrielly Fernandes Melo;6.28
5281;Thiago Martins Melo;8.05
11665;Sarah Fernandes Goncalves;8.85
15915;Luana Gomes Sousa;9.13
1897;Emily Santos Martins;7.15
23113;Lara Cavalcanti Lima;6.18
24763;Antônio Pinto Santos;5.41
13294;Martim Araujo Correia;1.08
19034;Tiago Pinto Melo;3.63
14630;Lavinia Santos Rocha;1.98
15034;Vitória Araujo Castro;5.49
24991;Erick Cavalcanti Costa;8.78
16403;Carlos Cunha Oliveira;7.42
6537;Arthur Castro Cavalcanti;2.41
26560;Júlia Costa Castro;5.03
3823;Caio Pereira Barbosa;8.65
6820;Kauan Correia Souza;6.33
22474;Anna Fernandes Martins;3.51
6931;Ágatha Ferreira Gomes;6.55
9257;Livia Almeida Martins;5.37
19335;Diogo Almeida Almeida;1.06
6720;Lucas Fernandes Costa;0.77
17051;Lavinia Costa Fernandes;6.68
12590;Sophia Barbosa Goncalves;6.87
27587;Larissa Ribeiro Silva;3.82
7144;Júlia Azevedo Barros;4.23
26712;Giovanna Cunha Carvalho;9.84
28121;Melissa Goncalves Ribeiro;7.72
3635;Sofia Sousa Souza;4.55
29388;Paulo Santos Cunha;4.15
23866;Amanda Dias Lima;3.38
16454;Rebeca Barbosa Goncalves;9.45
5326;Isabela Melo Pereira;6.30
8708;Thaís Castro Silva;9.83
3120;Diego Lima Barbosa;7.20
14121;Luiz Martins Pereira;9.84
18938;Isabelle Almeida Cunha;8.54
9500;Estevan Souza Rocha;8.99
27695;Marina Sousa Azevedo;7.91
10728;Vitória Costa Melo;4.13
8714;Luís Almeida Ferreira;6.90
28088;Diogo Oliveira Azevedo;8.90
26400;Renan Martins Araujo;2.51
4584;Bianca Costa Araujo;7.08
5780;Cauã Melo Barbosa;5.31
1557;Paulo Ribeiro Cavalcanti;4.13
24397;Pedro Fernandes Cardoso;8.09
24564;Melissa Gomes Cavalcanti;8.55
19217;Alex Carvalho Santos;0.45
26250;Anna Barbosa Cunha;0.12
14744;Kauê Goncalves Pereira;6.02
13440;Marina Goncalves Correia;1.31
27670;João Santos Alves;6.86
14533;Letícia Barros Castro;2.82
2842;Carlos Almeida Rocha;9.82
29903;Igor Azevedo Gomes;8.99
12301;Nicolas Cardoso Castro;8.68
16159;Mariana Lima Azevedo;0.72
19152;Bruna Rodrigues Cavalcanti;9.46
14098;Gustavo Dias Ferreira;2.01
27315;Marcos Lima Melo;2.30
28426;Guilherme Dias Almeida;5.84
9004;Estevan Santos Dias;3.36
9353;Victor Sousa Melo;4.19
16964;Antônio Gomes Lima;3.89
20216;Arthur Silva Correia;1.64
13143;Thiago Cardoso Dias;0.66
26891;Ágatha Rocha Santos;2.03
20956;Enzo Castro Pinto;0.69
29470;Victor Rodrigues Santos;8.81
7066;Carlos Pereira Melo;7.33
7030;Carlos Cunha Ferreira;8.88
12778;Paulo Azevedo Almeida;2.70
27029;Eduarda Rocha Sousa;1.01
17460;Letícia Azevedo Pereira;2.39
7136;Sarah Ribeiro Fernandes;2.97
9062;Alice Almeida Barbosa;3.46
1572;Eduarda Ribeiro Dias;7.45
12761;Gabrielle Ferreira Gomes;9.67
22324;Kauã Castro Goncalves;9.58
20445;Marisa Cavalcanti Cunha;2.77
12300;Amanda Almeida Goncalves;3.11
9077;Alex Carvalho Silva;1.34
28362;Vitor Santos Gomes;1.54
28810;Daniel Sousa Santos;0.16
21467;Luiz Sousa Sousa;6.66
11794;Carolina Cavalcanti Ribeiro;8.86
3512;Laura Rodrigues Lima;6.53
1790;Gustavo Gomes Barros;3.37
1986;Diogo Alves Araujo;9.82
4845;Felipe Ferreira Silva;5.01
5598;Igor Cavalcanti Correia;0.21
10158;José Martins Rodrigues;9.91
11115;Maria Ribeiro Carvalho;0.50
1337;Tânia Ferreira Pereira;3.56
3742;Vitoria Martins Ribeiro;0.55
20807;Kauã Azevedo Barbosa;4.70
5194;Vitoria Barros Souza;8.39
1869;Gabrielle Santos Castro;2.32
13666;Joao Alves Ferreira;6.11
5474;Samuel Rocha Rodrigues;8.54
24896;Felipe Ribeiro Dias;1.60
13381;João Oliveira Martins;9.08
17220;Caio Melo Cunha;2.33
29757;Ana Ferreira Santos;9.18
24670;Luis Cunha Santos;4.05
9802;Isabela Goncalves Rocha;9.63
10049;Ágatha Melo Pinto;9.77
15363;Vinicius Ferreira Azevedo;1.51
10857;Luiza Carvalho Azevedo;1.21
25222;Rebeca Ribeiro Goncalves;8.91
21355;Bruno Melo Carvalho;8.54
4893;Sarah Alves Azevedo;2.71
7182;Tomás Alves Araujo;1.37
4153;Samuel Cunha Martins;0.34
11171;Caio Gomes Goncalves;1.20
27314;Guilherme Correia Carvalho;9.13
17451;Cauã Almeida Cardoso;8.17
27330;Igor Melo Costa;1.49
9889;Fernanda Castro Melo;2.56
1677;Rafael Melo Lima;8.38
17047;Breno Santos Melo;8.94
14300;Rafaela Sousa Alves;8.51
8987;Caio Oliveira Araujo;9.89
23697;Felipe Barros Souza;8.09
24933;Davi Almeida Sousa;2.84
26903;Ágatha Melo Rodrigues;8.63
18112;Emilly Castro Pinto;4.12
19379;Livia Fernandes Araujo;3.56
23668;Livia Almeida Alves;7.77
28207;Tomás Fernandes Souza;1.67
8164;Nicole Oliveira Carvalho;3.76
29168;Larissa Cardoso Barbosa;9.23
9622;Isabelle Cavalcanti Alves;2.54
11144;Miguel Barros Rocha;4.85
12233;Gabrielly Alves Silva;0.63
18071;Luis Cavalcanti Cardoso;2.91
21703;Sofia Barbosa Rodrigues;7.01
19339;Leila Cunha Castro;0.85
19601;Emily Rodrigues Fernandes;2.10
2192;Murilo Silva Ferreira;4.91
20854;Emily Souza Barros;8.69
1568;Cauã Oliveira Correia;5.69
7076;Luís Carvalho Rocha;4.35
20419;Júlia Barbosa Castro;8.78
20697;Kauê Silva Alves;4.45
26233;Júlio Goncalves Pereira;4.35
28063;Eduarda Rodrigues Barros;4.12
3515;Mateus Rocha Goncalves;8.47
6494;Carolina Martins Gomes;5.09
1524;Daniel Gomes Oliveira;4.40
15515;Lucas Azevedo Lima;9.99
26136;Gabriela Silva Dias;5.87
18822;Lucas Costa Goncalves;1.42
14123;Antônio Castro Costa;6.65
15627;Davi Rodrigues Silva;9.70
23844;Kauê Castro Cardoso;3.81
23735;Isabelle Ferreira Lima;3.40
2414;Beatriz Rodrigues Cavalcanti;4.75
16608;Victor Cardoso Gomes;4.16
16448;Ana Almeida Ribeiro;3.95
17388;Lavinia Pinto Ribeiro;8.24
8076;Ana Oliveira Almeida;1.00
11269;Leonardo Melo Ferreira;9.41
5822;Vitor Rodrigues Cardoso;9.95
15186;Sophia Castro Sousa;4.71
25428;Kaua Cardoso Sousa;4.64
18253;Ágatha Almeida Rocha;4.43
20919;Bruno Santos Santos;7.27
2010;Bruna Ferreira Costa;6.73
14381;Lavinia Carvalho Fernandes;7.09
6042;Vitór Pinto Barbosa;0.35
10520;Brenda Alves Castro;7.63
25265;Kauã Correia Silva;4.21
18394;Kai Rodrigues Dias;1.12
11595;Igor Pinto Castro;8.19
24205;Murilo Ribeiro Rodrigues;8.98
3052;Erick Carvalho Almeida;3.56
21816;Vitor Castro Pinto;3.00
11487;Rebeca Martins Cavalcanti;3.89
13233;Alice Castro Cardoso;4.77
4073;Erick Araujo Cavalcanti;8.69
27349;Daniel Rodrigues Pinto;3.88
9690;Cauã Silva Cavalcanti;0.29
8574;Maria Dias Dias;7.41
5271;Arthur Gomes Gomes;0.26
4916;Diego Cunha Ribeiro;8.53
1101;Leila Gomes Barros;4.85
23937;Júlia Rodrigues Martins;8.39
22196;Melissa Pinto Ribeiro;6.96
3385;Amanda Santos Azevedo;1.70
8795;Luan Oliveira Cavalcanti;7.69
6216;Mateus Rocha Fernandes;9.67
9951;Carolina Silva Santos;8.81
5516;Brenda Pinto Fernandes;4.88
16400;Giovanna Souza Souza;9.52
21838;Joao Lima Costa;9.05
13372;Ryan Fernandes Gomes;2.86
17490;Diego Ferreira Carvalho;6.98
12811;Kauan Ferreira Azevedo;5.81
2350;Ana Barros Fernandes;4.09
9926;Nicolas Costa Cavalcanti;9.50
3440;Rafael Alves Araujo;0.34
25031;Vitor Cunha Santos;4.32
14848;Brenda Correia Dias;2.84
27142;Pedro Melo Rodrigues;1.07
22792;João Melo Barros;7.09
25025;Isabela Correia Martins;2.05
27784;Tânia Lima Azevedo;9.07
6090;Luan Rocha Castro;2.49
14895;Raissa Dias Oliveira;3.33
976;Kaua Cavalcanti Cavalcanti;1.09
18979;Amanda Ferreira Ferreira;4.28
346;Carla Pinto Costa;4.32
3661;Arthur Rodrigues Goncalves;7.30
22128;Breno Sousa Oliveira;5.73
28444;Evelyn Castro Santos;8.42
26532;Kai Cavalcanti Alves;6.34
6476;Leonor Cunha Oliveira;0.29
9932;Renan Cardoso Araujo;0.57
25328;Isabela Costa Gomes;7.81
5621;Igor Azevedo Barros;2.91
9562;Julian Martins Lima;7.78
8322;Vitoria Ferreira Azevedo;7.84
8508;Arthur Rodrigues Pereira;8.53
21636;Clara Lima Martins;0.44
17007;Bruno Sousa Rocha;1.12
29228;Leonor Ferreira Gomes;6.54
27829;Gabriel Rodrigues Goncalves;5.31
1889;Marcos Ferreira Sousa;5.68
575;Marina Barros Cunha;8.30
22759;Murilo Ribeiro Correia;9.86
25637;Antônio Gomes Alves;1.96
27225;Caio Pereira Almeida;5.89
23068;Diogo Costa Martins;3.41
24729;Emilly Melo Melo;4.90
26318;Sophia Cavalcanti Pinto;8.85
10357;Otávio Lima Gomes;1.77
17445;Giovana Cardoso Ribeiro;3.58
2042;Pedro Pinto Castro;8.96
24213;Carlos Castro Araujo;7.68
12476;Leonor Ferreira Dias;2.06
26649;Beatriz Azevedo Correia;9.07
1280;Fernanda Correia Cavalcanti;7.37
20834;Rebeca Lima Silva;8.52
1989;Eduardo Lima Martins;0.38
25591;Kauã Araujo Castro;8.45
29700;Victor Melo Costa;3.38
733;Nicolash Pinto Sousa;1.94
12319;Gabriel Silva Rocha;3.29
24349;Luís Pereira Araujo;4.94
11985;Ryan Ferreira Oliveira;10.00
17410;Mariana Silva Melo;3.59
25800;Vinícius Pereira Castro;6.12
25995;Leila Almeida Lima;1.19
11732;Paulo Sousa Araujo;9.61
1806;Yasmin Cunha Gomes;7.18
14076;Caio Rocha Carvalho;4.93
22006;Tânia Castro Ferreira;9.27
14047;João Goncalves Alves;4.78
6790;Nicole Gomes Oliveira;6.13
26668;Vinicius Goncalves Rodrigues;8.79
23984;Nicole Oliveira Ferreira;8.62
14979;Beatriz Barros Costa;4.41
9160;Eduarda Cavalcanti Oliveira;6.24
16884;Guilherme Gomes Silva;7.69
17538;Diogo Cunha Azevedo;5.46
2207;Rafaela Ferreira Oliveira;2.35
13293;Beatriz Carvalho Sousa;0.87
160;Larissa Alves Souza;0.54
5546;Eduardo Pereira Araujo;8.04
23824;Vinícius Rocha Silva;5.98
19159;Nicolas Rodrigues Cavalcanti;5.62
16560;Livia Correia Fernandes;8.57
3680;Luiz Fernandes Carvalho;1.53
941;Emily Pereira Ferreira;2.07
19600;Felipe Correia Castro;6.14
24483;Matilde Correia Gomes;8.75
5171;Matilde Carvalho Goncalves;0.01
5581;Tânia Alves Rodrigues;5.19
7305;Ryan Barbosa Araujo;8.72
20043;Giovana Almeida Silva;6.52
16221;Marisa Araujo Cunha;5.07
3046;Letícia Fernandes Cavalcanti;5.68
6657;Bruna Rocha Ribeiro;5.85
20465;Murilo Gomes Barbosa;0.71
6708;Luís Pereira Sousa;4.04
9484;Tomás Almeida Ferreira;9.38
28206;Martim Lima Carvalho;9.38
5102;Maria Sousa Cardoso;3.29
11677;Vitor Dias Lima;8.77
16773;Larissa Costa Santos;7.17
18965;Luana Cardoso Alves;3.97
13535;Mateus Barbosa Pinto;1.72
755;Giovanna Melo Goncalves;0.27
14248;Giovanna Sousa Alves;7.83
25414;Gabriela Castro Rocha;5.03
17759;Luiza Araujo Sousa;9.31
20833;Tânia Oliveira Sousa;7.49
24157;Nicolas Alves Almeida;3.96
12444;Thiago Cunha Correia;7.02
20269;Vinicius Barbosa Pinto;8.62
15864;Ryan Fernandes Araujo;9.76
17609;Evelyn Cardoso Carvalho;7.55
5547;Isabela Rodrigues Sousa;0.80
16151;Fábio Azevedo Azevedo;3.14
25572;Julia Cavalcanti Silva;7.44
26530;Yasmin Cardoso Santos;0.78
11107;Lucas Martins Costa;5.47
28850;Livia Fernandes Pereira;4.45
19736;Vitór Rocha Ribeiro;9.35
2105;Sarah Araujo Almeida;4.19
8769;Kauã Melo Martins;1.50
27230;Júlia Cavalcanti Barros;7.62
29216;Matheus Alves Correia;3.01
21666;Kai Castro Cavalcanti;3.04
24767;Alex Lima Rodrigues;2.54
9611;Vitória Gomes Barros;9.06
14257;Igor Cavalcanti Costa;0.18
19909;Matheus Ribeiro Melo;4.98
29069;Julia Lima Pereira;2.34
24472;Emilly Silva Rocha;9.38
7768;Rodrigo Costa Gomes;6.56
4021;Isabelle Alves Barros;9.02
26506;Carolina Costa Melo;1.67
3025;Rafaela Ribeiro Araujo;5.39
17845;Lucas Pereira Barbosa;6.10
7724;Arthur Barros Ferreira;9.83
8287;Nicolash Fernandes Correia;1.96
14893;Luan Barbosa Fernandes;7.74
9323;Larissa Dias Costa;2.77
13411;Nicole Cardoso Silva;9.98
4259;João Pereira Fernandes;7.68
14111;Matheus Castro Pinto;7.39
17218;Letícia Gomes Fernandes;0.93
13565;Emily Martins Sousa;4.75
11167;Brenda Dias Costa;9.81
18095;Leila Cavalcanti Pinto;0.70
26374;Alex Araujo Martins;2.19
20496;Sarah Martins Carvalho;4.79
13123;Eduarda Pinto Ribeiro;7.21
16343;Bianca Azevedo Silva;1.08
2952;Tiago Cavalcanti Alves;7.96
25686;Tomás Araujo Silva;5.47
14492;Maria Correia Sousa;0.51
11428;Larissa Barros Melo;1.04
26574;Bruna Costa Gomes;6.62
15113;Rafael Ribeiro Gomes;8.48
4553;Alex Cunha Alves;8.37
6278;Enzo Rodrigues Azevedo;8.35
15197;Ágatha Barros Rocha;5.40
22254;Laura Barros Dias;4.98
27284;Gabriel Melo Martins;9.35
7230;Estevan Almeida Barros;5.76
21134;Carla Sousa Gomes;2.98
25318;Diego Cardoso Pinto;0.66
11676;Lavinia Santos Oliveira;0.25
14222;Vitor Melo Martins;3.88
18621;Kai Goncalves Sousa;4.19
5542;Luiz Ribeiro Dias;3.88
9374;Matheus Martins Rocha;8.32
15821;Lara Costa Oliveira;6.20
16224;Tânia Almeida Silva;7.78
28538;Alice Souza Pereira;4.17
16336;Gabrielle Sousa Dias;4.41
4793;Tânia Araujo Azevedo;8.35
7775;Nicole Castro Sousa;2.38
17905;Eduardo Gomes Almeida;4.94
14751;Marina Sousa Santos;2.25
14457;Rodrigo Alves Barbosa;0.83
19470;Kauan Melo Correia;4.44
8204;Julian Barros Barros;2.95
20170;Antônio Rodrigues Barbosa;1.74
3892;Renan Santos Correia;7.28
7157;Alex Cardoso Ribeiro;0.99
5831;Luís Carvalho Melo;6.63
9345;Luiza Azevedo Barros;6.03
9931;Evelyn Cunha Oliveira;1.66
11940;Douglas Silva Melo;3.25
18376;Vitoria Fernandes Goncalves;7.73
8885;Kauan Fernandes Martins;2.66
28005;Beatrice Ferreira Cardoso;4.63
3056;Giovana Costa Santos;8.56
29186;Tomás Pinto Rocha;1.24
11499;Antônio Goncalves Oliveira;8.32
7285;Carlos Souza Ferreira;5.04
3541;João Azevedo Costa;1.31
9936;Arthur Azevedo Carvalho;3.66
12290;Nicolas Dias Alves;3.64
25083;Clara Pinto Barros;1.05
11736;Thaís Barros Castro;3.21
24215;Erick Goncalves Souza;9.84
471;Amanda Azevedo Azevedo;9.81
425;Luis Pereira Melo;4.92
19930;Gustavo Castro Cunha;2.56
16349;Kauê Azevedo Pinto;6.65
25235;Victor Rocha Oliveira;3.63
29442;Mariana Araujo Rodrigues;5.68
1843;Caio Lima Pinto;7.36
24782;Matilde Gomes Lima;4.11
11344;Marisa Sousa Martins;2.19
6799;Enzo Ferreira Rocha;8.41
28720;Evelyn Oliveira Alves;9.19
5721;Alice Castro Castro;2.00
7671;Tiago Barbosa Almeida;3.28
27871;Mariana Dias Pinto;2.83
26471;Vitor Souza Martins;1.43
21421;Bruno Rodrigues Sousa;0.00
28018;Bruno Barbosa Rocha;3.61
10938;Luís Ferreira Barbosa;7.71
10045;Arthur Correia Pereira;4.58
10547;João Araujo Martins;4.25
18801;Julia Silva Dias;0.40
24183;Nicolas Pinto Martins;1.36
26821;Emilly Santos Lima;6.59
19960;Tomás Santos Ferreira;2.74
12730;Leonor Martins Almeida;0.43
28739;Vinícius Martins Barros;7.64
17677;Leonor Gomes Azevedo;2.49
17029;Larissa Rodrigues Costa;6.27
8231;Isabela Fernandes Almeida;1.12
24795;José Araujo Santos;7.00
25556;Bianca Rocha Almeida;8.86
23313;Leonor Dias Silva;1.46
25431;Laura Araujo Gomes;1.01
7979;Vinicius Dias Almeida;7.43
9268;Melissa Castro Cunha;7.54
1711;Arthur Pinto Santos;2.51
5515;Bianca Azevedo Silva;5.70
2522;Leonor Oliveira Rodrigues;4.76
15525;Nicole Gomes Santos;9.31
25945;Martim Almeida Rocha;2.04
16002;Tiago Ferreira Barros;7.94
26725;Luís Sousa Cavalcanti;1.85
8006;Joao Araujo Cunha;4.00
24904;Fábio Cavalcanti Araujo;9.36
9684;Alex Rodrigues Lima;1.31
23189;Carla Fernandes Gomes;7.22
25094;Rodrigo Rodrigues Pereira;0.30
2655;Alex Goncalves Castro;1.78
29279;Leila Barbosa Azevedo;4.65
825;Giovanna Santos Araujo;3.17
24964;Sarah Araujo Fernandes;9.86
11071;Tânia Cardoso Souza;7.53
23841;Luís Souza Barros;4.24
20100;Sophia Sousa Almeida;2.67
13590;Raissa Ribeiro Santos;2.58
8634;Lara Araujo Lima;0.25
2991;Samuel Rodrigues Barros;9.32
10424;Vitór Lima Alves;0.05
2127;Nicolash Rocha Sousa;5.81
2883;Laura Goncalves Barros;7.96
10144;Vinícius Correia Castro;8.21
6743;Murilo Melo Costa;8.81
2249;Matilde Almeida Ribeiro;2.40
29943;Murilo Cunha Castro;7.09
19418;Clara Barbosa Martins;9.59
21612;Raissa Carvalho Ferreira;2.45
22649;Miguel Santos Melo;1.74
12824;Ana Correia Goncalves;6.23
17612;Clara Silva Azevedo;7.13
13165;Gabrielle Rocha Pereira;0.31
16631;Julia Costa Barbosa;4.97
2018;Raissa Dias Fernandes;7.99
7465;Giovana Lima Carvalho;2.24
28576;Luana Ferreira Costa;6.21
21277;Victor Ferreira Pereira;4.43
26836;Brenda Barbosa Carvalho;1.88
6797;Tânia Goncalves Gomes;3.27
17136;Gabrielle Pinto Silva;1.13
6873;Carlos Almeida Araujo;4.35
25263;Vitor Alves Correia;8.03
20426;Isabella Barbosa Dias;1.07
7918;Tiago Cardoso Gomes;4.68
22092;José Rocha Oliveira;2.14
14021;Gabriel Barros Carvalho;5.79
6755;Douglas Correia Costa;0.66
21739;Aline Ferreira Fernandes;6.57
27756;Igor Melo Azevedo;3.20
21095;Julian Almeida Araujo;8.09
21738;Enzo Cunha Pereira;2.48
9010;Diogo Azevedo Sousa;4.10
12093;Tomás Dias Rodrigues;3.17
18602;Fernanda Goncalves Cunha;6.43
14972;Marisa Martins Gomes;8.44
19646;Breno Cunha Rodrigues;5.31
24130;Beatrice Sousa Almeida;3.12
10970;Ágatha Melo Cardoso;3.22
7339;Erick Barbosa Ferreira;7.70
26410;Enzo Alves Costa;4.04
14040;Isabelle Cardoso Santos;6.28
19040;Rebeca Ribeiro Ferreira;2.74
3655;Carla Dias Pinto;8.94
3537;Tiago Barros Rocha;5.99
16639;Isabelle Martins Silva;9.76
21627;Brenda Oliveira Lima;4.84
805;Estevan Rocha Sousa;2.32
29703;Nicolas Souza Almeida;2.25
9496;Alice Almeida Azevedo;0.60
17000;Martim Alves Cardoso;1.32
8252;Ágatha Rodrigues Cavalcanti;8.56
27236;Giovanna Rocha Sousa;2.36
25403;Nicole Barbosa Correia;7.27
14932;Martim Barros Fernandes;7.18
1622;Alice Pereira Barros;8.96
13204;Marina Sousa Barbosa;1.72
23687;Estevan Dias Carvalho;5.60
13540;Vitoria Rodrigues Barros;6.43
17304;Fábio Cardoso Fernandes;1.66
4642;Bianca Souza Oliveira;3.81
21213;Nicole Sousa Santos;1.30
19336;Julian Melo Cunha;5.45
13687;Luiza Almeida Pinto;5.72
6171;Lara Castro Azevedo;6.74
15256;Gabrielle Castro Correia;4.98
13865;Marisa Oliveira Melo;6.35
3498;Paulo Araujo Oliveira;4.80
5414;Júlio Pereira Silva;9.39
22949;Carlos Dias Pereira;7.04
19669;Samuel Carvalho Alves;2.57
17420;Vinícius Almeida Gomes;3.50
5059;Murilo Gomes Souza;6.03
1031;José Rocha Barbosa;7.84
21125;Larissa Goncalves Oliveira;5.81
24020;Fábio Sousa Cardoso;9.11
28223;Arthur Rodrigues Oliveira;7.50
28402;Camila Costa Barros;3.49
16886;Luan Lima Araujo;8.80
918;Ágatha Silva Oliveira;5.52
20609;Luís Almeida Gomes;6.24
29950;Murilo Barbosa Castro;3.84
28164;Eduarda Barbosa Oliveira;4.25
28436;Gustavo Castro Melo;3.98
16668;Guilherme Pereira Rocha;8.27
12228;Luiza Goncalves Ribeiro;6.88
15605;Marina Cunha Barros;2.27
7843;Ryan Oliveira Barros;9.89
3561;Camila Barros Cardoso;9.20
19250;Arthur Costa Araujo;9.43
2687;José Sousa Rocha;2.10
6675;Mariana Araujo Oliveira;2.67
11815;Ryan Barbosa Azevedo;8.05
20353;Luis Carvalho Cunha;8.80
1671;Isabella Ribeiro Silva;8.65
27900;Eduardo Souza Alves;7.35
1226;Guilherme Ribeiro Barros;4.81
5543;Sofia Alves Rocha;1.74
23929;Evelyn Gomes Martins;5.76
26979;Leila Melo Melo;4.53
24057;Júlio Alves Barros;5.80
12425;Isabella Cunha Costa;9.73
4390;Carolina Goncalves Melo;3.44
522;Leila Alves Lima;3.80
13171;Kauan Carvalho Pereira;5.32
2578;Ana Ferreira Castro;9.75
27840;Isabella Cavalcanti Barros;9.00
3517;Pedro Cavalcanti Barros;5.03
13983;Vinicius Rocha Fernandes;0.76
14016;Camila Costa Castro;6.37
23098;Isabelle Melo Ribeiro;6.59
22369;Eduarda Souza Goncalves;4.30
2762;Gabrielly Cardoso Barbosa;7.49
12400;Manuela Barbosa Barros;1.08
26119;Ágatha Araujo Gomes;3.43
16719;André Barbosa Cavalcanti;8.31
11786;Sophia Costa Lima;0.90
23679;Luiz Souza Barbosa;2.70
11556;Kai Goncalves Costa;2.73
15669;Isabela Pereira Barbosa;5.97
2988;Carla Araujo Ribeiro;5.24
16471;Sophia Santos Goncalves;0.38
5815;Letícia Pinto Sousa;8.60
13971;Livia Melo Silva;2.82
19436;Antônio Lima Martins;3.80
16240;Renan Rodrigues Barros;7.24
3587;Caio Lima Cardoso;3.69
10203;Brenda Castro Melo;8.71
3666;Julia Alves Dias;8.14
29610;Marcos Ferreira Barbosa;4.82
20165;José Fernandes Lima;2.25
24024;Gabrielle Azevedo Rocha;9.12
2400;Evelyn Ferreira Rodrigues;2.93
17929;Vitoria Gomes Barbosa;5.35
21403;Carlos Pereira Azevedo;6.36
11426;Beatriz Melo Cavalcanti;8.22
16877;Giovanna Rocha Martins;8.48
24574;Isabelle Souza Melo;8.95
15685;Victor Sousa Fernandes;2.19
17647;Júlia Dias Silva;0.83
26571;Nicolas Goncalves Azevedo;1.58
28;Emily Oliveira Cavalcanti;9.98
12650;Vitória Souza Pinto;2.56
18215;Rafaela Dias Goncalves;8.20
13417;Samuel Gomes Cunha;9.51
4670;Leonor Rocha Gomes;0.19
9933;Tomás Pereira Barbosa;8.38
12172;Rafael Correia Carvalho;3.68
25976;Julia Ribeiro Araujo;7.10
26915;Alex Santos Carvalho;4.76
22080;Bianca Cunha Fernandes;7.08
8590;Leila Lima Cardoso;7.25
3817;Thaís Rocha Lima;3.26
18962;Tânia Rocha Pereira;1.14
15367;Rebeca Goncalves Pereira;7.27
10585;Carolina Cardoso Sousa;1.55
13654;Nicolas Souza Silva;5.07
22399;Fábio Barbosa Costa;8.23
24638;Erick Carvalho Pinto;2.42
15490;Anna Oliveira Santos;3.19
974;Guilherme Azevedo Rodrigues;0.87
22467;Samuel Cavalcanti Pinto;9.07
29870;Ryan Correia Pereira;2.61
16638;Tânia Santos Cavalcanti;4.18
23312;Miguel Almeida Souza;1.05
2495;Estevan Cardoso Souza;6.86
417;Sophia Goncalves Pinto;2.41
14732;Eduarda Alves Alves;4.67
29735;Joao Lima Cavalcanti;6.46
20123;Gabriel Carvalho Alves;2.43
1797;Beatrice Azevedo Cunha;1.97
4373;Rodrigo Ribeiro Barros;4.76
1564;Raissa Almeida Barros;3.38
6518;Luana Azevedo Melo;2.02
28519;Carla Lima Rocha;9.18
5365;Rebeca Oliveira Goncalves;0.53
28210;Maria Barbosa Correia;8.42
14532;Erick Barros Rodrigues;8.50
10413;Luan Barbosa Azevedo;1.85
14210;Luiz Costa Barbosa;3.90
14348;Rafaela Oliveira Barbosa;5.29
23988;Victor Sousa Azevedo;9.13
3405;Leonor Alves Azevedo;7.91
11902;Fábio Pereira Ferreira;6.72
6467;Rodrigo Castro Ribeiro;8.07
5269;Bianca Ribeiro Carvalho;6.50
23071;Antônio Azevedo Santos;9.25
21074;Leonardo Melo Goncalves;8.14
8575;Murilo Rocha Barros;6.70
16035;Vitor Lima Gomes;5.05
5560;Vitória Cavalcanti Correia;4.62
20378;Júlia Ribeiro Cardoso;1.14
14770;Caio Pereira Cardoso;1.80
12158;Estevan Melo Ferreira;2.91
13479;Matheus Cunha Oliveira;0.91
24581;Ágatha Barbosa Gomes;5.32
26268;Vitoria Rodrigues Santos;4.93
6007;Renan Alves Rodrigues;3.81
16099;Camila Ribeiro Rodrigues;8.33
26614;Kauê Castro Araujo;7.60
15214;Emily Gomes Ribeiro;3.52
10277;Antônio Santos Alves;7.60
26772;Isabella Fernandes Cardoso;8.57
6377;Ágatha Melo Pinto;0.97
12756;Luana Martins Pereira;0.61
21452;Giovanna Fernandes Melo;2.35
4620;Maria Ferreira Fernandes;2.64
22553;Mariana Dias Barbosa;0.17
913;Leonor Costa Rodrigues;0.50
25180;Joao Carvalho Costa;8.84
391;Fábio Souza Carvalho;3.80
11472;Eduardo Melo Souza;7.18
15855;Joao Cunha Cunha;4.33
3978;Luiz Santos Barros;7.85
21837;Diogo Costa Dias;0.14
19109;Júlio Oliveira Santos;5.89
66;Lavinia Oliveira Dias;0.08
23137;Davi Gomes Sousa;8.04
18406;Matilde Silva Cunha;6.91
8831;Bruna Barros Pereira;8.28
21882;Mateus Martins Rocha;6.03
2714;Leila Costa Rodrigues;7.24
13513;Manuela Ribeiro Dias;0.25
23974;Martim Cavalcanti Silva;1.94
7965;Igor Azevedo Castro;6.72
19750;Luiz Martins Cardoso;2.81
48;Leonor Cavalcanti Carvalho;5.09
22272;Erick Silva Pinto;5.44
6165;Bianca Gomes Pinto;7.67
11435;Estevan Carvalho Lima;7.58
11888;Bruna Rocha Santos;4.54
11052;Emilly Alves Santos;0.35
18507;Murilo Costa Azevedo;8.69
17709;Raissa Fernandes Barros;5.05
28522;Danilo Sousa Silva;6.29
16392;Carlos Melo Correia;7.27
1210;Julieta Correia Rocha;3.43
29680;Ágatha Goncalves Rocha;8.20
19955;Emily Correia Oliveira;5.95
15283;Emily Ferreira Souza;7.77
13630;Gabriel Oliveira Gomes;5.81
6228;Marina Barbosa Melo;2.41
15719;Tomás Costa Oliveira;9.76
25903;Yasmin Lima Cunha;4.55
23535;Tiago Azevedo Carvalho;1.09
17170;Giovanna Costa Barbosa;6.33
29124;Julian Correia Carvalho;5.07
3604;Gabrielle Melo Barbosa;9.10
671;Cauã Fernandes Fernandes;4.24
26282;Clara Castro Sousa;4.76
9848;Mariana Barros Costa;8.61
5454;João Almeida Rocha;4.52
24222;Paulo Sousa Oliveira;7.00
10930;Giovanna Castro Castro;4.13
39;Vitor Barbosa Ribeiro;2.34
26476;Carolina Castro Oliveira;8.86
6831;Kaua Martins Carvalho;6.55
1805;Julieta Goncalves Castro;6.63
25951;Mateus Melo Fernandes;2.63
8115;Sophia Azevedo Gomes;7.90
12451;Vitoria Pinto Azevedo;5.62
5973;Sarah Correia Dias;7.27
19359;Livia Cunha Correia;5.08
26351;Paulo Goncalves Souza;6.76
27076;Ryan Pereira Oliveira;0.73
23994;Gustavo Melo Cardoso;4.68
3757;Emily Gomes Azevedo;2.85
27087;Caio Sousa Fernandes;2.51
12628;Miguel Cunha Pinto;8.02
14980;Matilde Correia Carvalho;5.11
18925;Daniel Carvalho Ferreira;6.44
20154;Estevan Costa Almeida;5.58
3940;Bruna Lima Rocha;7.29
9870;Marcos Santos Araujo;3.91
28224;Luiza Cunha Martins;1.22
17050;Yasmin Castro Costa;8.10
2187;Tânia Oliveira Melo;2.06
17617;Luana Ferreira Sousa;5.64
23242;Alice Martins Cardoso;9.49
29825;Nicolas Gomes Sousa;4.86
28015;Thiago Dias Costa;6.09
14879;Mariana Santos Azevedo;3.01
13622;Isabela Oliveira Azevedo;0.21
21865;Ágatha Gomes Cardoso;4.45
20091;Felipe Rocha Alves;8.84
5720;Diego Cardoso Barros;2.43
18922;Luiz Azevedo Gomes;0.47
14559;Tomás Carvalho Sousa;7.31
19116;Bruno Almeida Martins;4.13
3899;Cauã Almeida Carvalho;3.48
11295;Anna Pinto Lima;8.39
19623;Danilo Gomes Ribeiro;8.49
6520;Martim Pinto Gomes;0.75
24768;Fernanda Araujo Pereira;5.41
25579;Sophia Pereira Martins;7.87
4627;Leila Ferreira Goncalves;8.64
21878;Luis Martins Souza;0.34
940;Vinicius Cunha Rodrigues;4.99
17068;Giovana Pereira Melo;3.40
19653;Larissa Almeida Rocha;4.76
17297;Livia Barbosa Souza;1.45
11361;André Sousa Ribeiro;6.97
19084;Bianca Rocha Fernandes;9.51
1764;André Ferreira Pinto;6.69
22501;Sophia Alves Pereira;0.48
19428;Leila Rocha Barbosa;2.67
23717;Leonor Cunha Carvalho;0.55
12215;Gabrielly Costa Ferreira;4.48
21402;Breno Sousa Azevedo;0.15
5570;Igor Rodrigues Almeida;1.61
17270;Beatrice Fernandes Ferreira;3.63
23375;Tânia Pinto Silva;6.11
6301;João Martins Correia;9.38
23084;Fábio Fernandes Pinto;6.47
17003;Antônio Fernandes Fernandes;4.50
5078;Igor Martins Gomes;9.81
29437;Camila Costa Rocha;6.48
22696;Sarah Melo Ferreira;0.24
498;Carolina Costa Cavalcanti;6.41
21592;Gabriela Melo Cardoso;3.06
1607;Marcos Castro Almeida;0.46
23288;João Fernandes Gomes;5.91
6468;Livia Cavalcanti Goncalves;9.56
26882;Matilde Souza Azevedo;3.18
3777;Murilo Cavalcanti Fernandes;0.44
28527;Raissa Dias Castro;1.72
19348;Felipe Araujo Carvalho;3.16
20429;Danilo Carvalho Barros;0.87
20079;Carlos Silva Goncalves;8.45
10216;Lavinia Araujo Fernandes;3.48
5566;Thaís Ribeiro Sousa;3.04
11039;Beatrice Ribeiro Sousa;3.66
9550;Leonor Melo Barros;8.91
15820;Larissa Correia Silva;3.73
840;Nicolash Castro Lima;5.20
18333;Evelyn Souza Goncalves;5.30
10224;Matheus Silva Lima;3.47
29357;Ana Ferreira Carvalho;7.57
27513;Alex Castro Martins;2.38
18503;Vitoria Araujo Rodrigues;8.77
4127;Kaua Rodrigues Correia;8.16
29679;Sofia Souza Oliveira;7.20
24326;Clara Melo Santos;2.31
11276;Isabella Pereira Ferreira;7.97
20841;Joao Souza Alves;9.30
23414;Mateus Costa Cavalcanti;0.37
28491;Luis Ferreira Correia;3.55
25298;João Ribeiro Costa;8.68
2776;Anna Almeida Ribeiro;0.97
2054;Ryan Gomes Pinto;0.27
22693;José Goncalves Costa;5.89
19376;Tânia Araujo Rocha;9.85
4309;Raissa Lima Santos;8.54
13740;Luan Alves Barros;7.93
17456;Leila Cunha Cunha;0.26
11339;Letícia Alves Gomes;4.04
17188;Giovanna Carvalho Barros;9.85
28145;Tiago Dias Fernandes;5.93
29015;Bruna Ribeiro Fernandes;0.98
9217;Marcos Araujo Rodrigues;4.19
4931;Paulo Correia Costa;4.49
21412;Sarah Azevedo Lima;8.65
25145;Julia Almeida Alves;9.15
11123;Yasmin Cavalcanti Rodrigues;2.37
23591;Otávio Sousa Melo;6.62
3868;Tomás Correia Lima;0.80
21414;Rafael Pinto Rocha;0.38
29402;José Carvalho Souza;1.29
562;Alex Ferreira Gomes;9.59
22404;Vitoria Almeida Oliveira;4.08
15911;Larissa Santos Araujo;5.87
27676;Tiago Cunha Gomes;8.20
24590;Rebeca Castro Barbosa;7.54
25391;Estevan Barros Ribeiro;7.57
6269;Erick Correia Lima;2.24
25818;Lavinia Cardoso Barbosa;9.30
2937;Carla Cardoso Araujo;6.99
15082;Breno Costa Azevedo;6.43
1291;Eduarda Goncalves Pinto;5.64
5939;Matheus Lima Lima;0.87
28012;Kai Barbosa Castro;0.16
12302;Manuela Rocha Cardoso;0.02
7397;Tiago Almeida Costa;7.38
26590;Emilly Azevedo Carvalho;8.79
19441;Giovana Araujo Rodrigues;1.30
20936;Laura Pereira Barbosa;9.48
7610;Vitor Dias Pinto;6.80
18434;Diogo Dias Oliveira;0.42
10735;Eduardo Silva Santos;8.22
10896;Ágatha Almeida Rodrigues;0.01
1125;Livia Azevedo Ribeiro;4.95
3993;Martim Goncalves Castro;5.97
771;Melissa Almeida Costa;1.21
3845;Sophia Costa Ferreira;0.53
2405;Vitória Souza Ribeiro;8.54
27992;Victor Fernandes Dias;1.18
10471;Júlia Azevedo Santos;6.14
12069;Luiz Oliveira Castro;0.51
13919;Mateus Rodrigues Silva;9.84
11584;Fernanda Goncalves Gomes;7.46
5268;Alice Silva Silva;8.09
25144;Samuel Souza Castro;1.12
27472;Daniel Costa Martins;4.94
5733;Igor Melo Araujo;10.00
29163;Pedro Ribeiro Sousa;3.96
9897;Manuela Silva Carvalho;1.64
12705;Bruno Oliveira Pinto;0.76
26548;Rafael Lima Fernandes;4.04
2094;Giovana Costa Melo;4.03
4459;Kai Fernandes Barros;3.40
28315;Renan Araujo Lima;2.10
28956;Melissa Cardoso Gomes;0.26
42;Fernanda Araujo Lima;3.90
3368;Matheus Cardoso Rocha;2.52
19701;Nicole Barbosa Goncalves;0.23
13245;Bruna Azevedo Carvalho;4.40
22683;Eduardo Cavalcanti Souza;0.31
24939;Gabriel Pinto Gomes;4.63
14519;Antônio Costa Barros;5.93
11518;Kauan Correia Rocha;7.76
17731;Nicolas Santos Fernandes;2.50
12243;Bruno Cavalcanti Correia;1.33
7842;Tânia Fernandes Lima;7.84
859;Kaua Lima Alves;7.14
13525;Luana Pinto Cardoso;8.55
9447;Arthur Almeida Carvalho;5.72
25267;Emilly Cavalcanti Rocha;4.02
21124;Beatriz Cardoso Pinto;4.53
187;Luan Rocha Fernandes;6.37
18440;Martim Costa Costa;6.78
18992;Ana Santos Cardoso;4.40
3986;Danilo Santos Ferreira;3.62
15848;Pedro Souza Souza;8.22
25007;Laura Castro Rodrigues;5.88
28344;Carolina Lima Costa;2.87
4251;Luana Carvalho Cardoso;4.69
21097;Thiago Sousa Dias;4.29
24634;Kauê Azevedo Sousa;2.82
7108;João Sousa Santos;4.15
17849;Erick Cardoso Cardoso;1.50
23480;Luís Martins Santos;6.21
102;Davi Pereira Cardoso;2.09
18739;Rebeca Costa Souza;3.77
14742;João Castro Gomes;8.90
1913;Bruno Cavalcanti Ribeiro;6.14
5727;Luiza Correia Pinto;2.60
24283;Matilde Costa Azevedo;1.01
4819;Eduarda Martins Cunha;7.58
15524;Matilde Ferreira Correia;6.80
3799;Caio Ribeiro Costa;6.90
6870;Fábio Pinto Costa;1.43
3956;Anna Pereira Rodrigues;7.25
12826;Evelyn Sousa Martins;1.34
15247;Davi Carvalho Castro;6.08
6450;Luana Pinto Gomes;5.78
12280;Aline Barros Santos;3.62
252;Douglas Souza Fernandes;2.33
27288;Tomás Lima Gomes;5.48
2558;Victor Castro Cavalcanti;5.99
28507;Fernanda Barros Barros;2.98
26889;Vinícius Barros Almeida;9.15
8009;Luís Pinto Fernandes;6.60
21501;Marisa Almeida Dias;7.43
14014;Eduarda Rodrigues Melo;9.03
10452;Mateus Ribeiro Souza;2.95
16920;Marcos Azevedo Correia;9.98
28316;Guilherme Oliveira Rocha;8.25
22249;Felipe Carvalho Rocha;2.91
28108;Nicolas Azevedo Araujo;0.20
26397;Bruna Alves Fernandes;1.82
5844;Estevan Fernandes Martins;6.08
23659;Ana Martins Cavalcanti;6.36
29802;Douglas Barros Ferreira;3.54
2587;Otávio Goncalves Gomes;8.79
27760;Tânia Castro Castro;0.34
4682;Nicole Pinto Fernandes;2.57
2914;Lucas Dias Cavalcanti;8.45
6915;Mariana Almeida Cunha;9.38
15834;André Carvalho Ferreira;0.25
14936;Miguel Castro Lima;5.06
24176;Diego Cavalcanti Ferreira;8.20
12795;Erick Oliveira Martins;5.51
5123;Anna Castro Silva;2.69
12414;Camila Pereira Pinto;7.65
26148;Fernanda Melo Cunha;5.24
10341;Diego Souza Castro;8.11
3418;Bruna Sousa Ribeiro;8.90
3124;Cauã Dias Cavalcanti;5.52
19619;Murilo Castro Silva;1.65
18459;Marina Melo Castro;0.22
21863;Kauê Silva Carvalho;3.54
7904;Sarah Castro Barros;8.91
6497;Cauã Lima Souza;5.42
27271;Aline Melo Pinto;1.13
5214;Luis Souza Carvalho;8.43
9741;Miguel Almeida Cavalcanti;9.67
16344;Emily Fernandes Santos;8.54
28345;Ana Fernandes Correia;7.35
12399;Enzo Souza Melo;9.31
8560;Brenda Fernandes Santos;4.37
10604;Luan Dias Almeida;9.05
7418;Fábio Dias Rocha;8.22
2475;Vitoria Rodrigues Sousa;5.89
26033;Eduardo Pinto Rocha;7.53
15838;Sarah Ferreira Barros;9.24
24421;Gabriela Goncalves Gomes;0.70
12772;Fernanda Pereira Souza;0.74
24097;Emilly Rocha Azevedo;5.67
6603;Giovana Oliveira Ribeiro;3.80
18054;Anna Goncalves Melo;0.22
7259;Matilde Costa Fernandes;3.98
18715;Vitór Melo Silva;4.33
3521;Sofia Correia Cunha;2.92
24883;Otávio Souza Lima;6.24
23316;Gabriel Silva Pereira;3.64
18378;Tânia Melo Martins;3.97
1093;Fábio Fernandes Gomes;5.49
27584;Carla Azevedo Correia;4.72
22870;Raissa Goncalves Gomes;1.64
10439;Emily Cardoso Carvalho;8.48
23856;Julia Alves Dias;2.24
26092;Ana Costa Silva;8.31
3711;Bianca Barros Azevedo;6.20
21588;Davi Castro Rocha;0.29
14618;Emilly Gomes Barros;2.81
8600;Julieta Fernandes Barros;5.08
14491;Miguel Barros Dias;5.17
1621;Bruna Melo Azevedo;6.51
29023;Bruna Cavalcanti Martins;7.33
14403;Fernanda Gomes Dias;8.71
11899;Davi Alves Azevedo;3.90
6992;Renan Ferreira Lima;5.48
15908;Brenda Dias Costa;4.44
12829;Vitor Ribeiro Oliveira;2.77
19727;Rafael Silva Cunha;5.06
10019;Bruna Costa Cunha;6.63
2240;Gabriel Cavalcanti Dias;9.86
12745;Pedro Sousa Azevedo;6.80
12143;Manuela Araujo Rocha;4.74
4949;Antônio Barbosa Gomes;8.37
7151;Luiza Silva Gomes;7.54
7935;Daniel Souza Santos;4.26
3192;Melissa Araujo Sousa;7.87
11252;Douglas Fernandes Santos;3.09
26693;Pedro Cavalcanti Castro;2.22
2986;Kauê Dias Araujo;0.19
23761;Enzo Pereira Oliveira;4.03
3168;Leonardo Castro Azevedo;1.94
12685;Nicolas Azevedo Barros;5.01
524;Antônio Pinto Almeida;1.75
15046;Breno Silva Goncalves;3.55
1040;Victor Rodrigues Cavalcanti;3.43
27103;José Alves Souza;3.41
2787;Marcos Ribeiro Dias;6.62
7721;Victor Silva Araujo;8.51
5094;Rafaela Melo Castro;5.67
12409;Lara Cunha Barros;2.93
26685;Nicole Lima Castro;3.63
21940;Rafaela Carvalho Pereira;5.56
22408;Marcos Fernandes Gomes;3.82
20950;Anna Sousa Ribeiro;1.16
147;Emilly Martins Fernandes;8.05
1047;Vitor Azevedo Ribeiro;5.52
22755;Marcos Goncalves Gomes;2.66
3566;João Cunha Ferreira;7.34
19027;Luís Castro Ferreira;3.44
5993;Victor Fernandes Rocha;6.61
1798;Rebeca Melo Carvalho;3.42
24841;Cauã Ferreira Cavalcanti;3.06
6140;Carolina Alves Pinto;7.15
29098;Isabela Gomes Ribeiro;8.51
9788;Sarah Lima Melo;9.70
2636;Mariana Sousa Oliveira;2.73
27865;Vinicius Ferreira Goncalves;2.84
5864;Renan Martins Correia;0.08
16455;Ryan Dias Ribeiro;7.81
2647;Laura Pinto Martins;5.17
13412;Davi Araujo Silva;3.26
3207;Ryan Souza Alves;0.36
12885;Aline Santos Azevedo;3.76
11891;Fábio Ferreira Ribeiro;1.86
14218;Emilly Cunha Carvalho;1.02
16543;Nicolash Gomes Oliveira;0.77
14772;Gabriela Silva Cunha;6.67
15362;Vitór Martins Carvalho;5.78
17597;Cauã Souza Melo;4.42
24761;Livia Almeida Carvalho;2.14
26499;Larissa Ribeiro Araujo;4.53
9295;Evelyn Fernandes Azevedo;8.18
5121;Giovana Souza Alves;4.91
9394;Antônio Gomes Almeida;0.52
10421;Júlia Santos Cunha;2.53
22129;José Castro Almeida;0.22
23261;Kai Ribeiro Dias;6.33
1847;Marcos Santos Correia;8.43
28667;João Martins Pinto;1.60
3594;Lucas Ferreira Fernandes;3.26
26951;Carolina Azevedo Goncalves;5.15
4182;Sophia Araujo Pinto;7.76
3715;Gustavo Almeida Ribeiro;0.06
18307;Sarah Pereira Santos;8.55
12943;Sophia Cunha Barbosa;8.98
8494;Rafaela Dias Castro;4.26
2149;Beatrice Dias Cardoso;4.33
2546;Beatrice Rocha Souza;5.56
23849;Renan Sousa Sousa;0.61
3599;Ágatha Gomes Fernandes;5.34
18361;Laura Carvalho Rodrigues;7.57
20542;Igor Alves Almeida;6.23
18582;Otávio Ribeiro Lima;8.75
24401;Beatrice Martins Correia;1.00
13330;Isabela Cavalcanti Silva;0.37
25316;Manuela Cavalcanti Barros;7.89
15500;Pedro Costa Carvalho;1.97
7146;Sofia Carvalho Almeida;6.71
17821;Ágatha Oliveira Cavalcanti;7.62
11389;Brenda Ribeiro Lima;4.30
6455;Vitór Azevedo Cunha;0.84
19519;Beatriz Martins Pinto;4.17
12408;Danilo Oliveira Rodrigues;5.41
22687;Sophia Sousa Castro;7.52
11068;Gustavo Azevedo Melo;9.09
9996;Thaís Rocha Rocha;7.42
28966;Paulo Pereira Pereira;8.63
14217;Igor Barros Pinto;3.56
18189;Estevan Barbosa Cavalcanti;6.10
29933;Laura Martins Oliveira;9.49
24073;Breno Pereira Castro;6.85
982;Gabriel Cavalcanti Araujo;3.52
23463;Yasmin Sousa Cardoso;0.69
19146;João Cunha Melo;2.20
7006;Nicolash Lima Alves;9.90
12303;Aline Cavalcanti Azevedo;0.41
2953;Ryan Rocha Azevedo;7.53
20144;André Cavalcanti Almeida;1.40
4783;Isabela Costa Pinto;0.21
15296;Carla Barros Pereira;1.46
12423;Alex Cavalcanti Barbosa;5.47
6356;Evelyn Goncalves Rodrigues;0.34
11476;Fernanda Gomes Martins;5.66
6324;Gabriela Goncalves Castro;4.00
28042;Julian Costa Dias;7.90
19045;Kauan Goncalves Silva;8.92
26797;Thaís Alves Dias;9.84
13925;Nicole Santos Fernandes;1.76
5247;Fernanda Cavalcanti Goncalves;3.92
15383;Marisa Silva Cavalcanti;2.49
28544;Nicole Fernandes Dias;3.97
6248;Guilherme Azevedo Pereira;0.36
6305;Aline Souza Pinto;5.31
14212;Aline Lima Barros;3.18
4418;Gabriela Fernandes Cavalcanti;3.86
3918;Melissa Oliveira Silva;4.16
7451;Breno Souza Souza;5.64
27458;Eduardo Castro Barros;3.23
27380;Gabrielle Lima Santos;6.98
1676;Camila Dias Costa;0.98
18858;Vitória Souza Santos;6.23
21579;Alex Fernandes Goncalves;4.41
21790;Brenda Souza Martins;0.99
26752;Ágatha Carvalho Rocha;3.86
6035;Larissa Rocha Costa;5.32
12401;Luiza Santos Souza;5.59
20346;Julia Sousa Carvalho;4.07
28763;Caio Alves Ferreira;7.58
22330;Danilo Gomes Oliveira;0.29
10624;Thaís Costa Almeida;1.52
1371;Nicole Souza Martins;8.89
19732;Diogo Goncalves Fernandes;5.35
14688;Leila Souza Barbosa;6.38
2434;Breno Cavalcanti Souza;9.85
26104;Gabrielle Sousa Alves;9.02
8356;Tânia Sousa Silva;4.32
10560;Bruna Alves Silva;7.96
18104;Kauan Gomes Melo;8.72
3738;Isabella Sousa Barbosa;1.73
2073;Rodrigo Ribeiro Ribeiro;7.98
3175;Laura Barros Cavalcanti;5.05
18682;Gabrielly Castro Cardoso;9.08
13986;Murilo Melo Azevedo;1.94
15250;Brenda Castro Almeida;6.76
10436;Miguel Rocha Barbosa;4.50
17699;Isabella Pinto Dias;5.59
13335;Arthur Correia Fernandes;8.47
27933;Bianca Cavalcanti Melo;3.50
14042;Júlio Alves Pinto;5.64
14494;Arthur Azevedo Melo;1.45
19316;Otávio Carvalho Castro;1.57
27896;Eduarda Almeida Almeida;2.77
3300;Fernanda Alves Ferreira;0.02
16879;Samuel Fernandes Pereira;4.02
15397;Raissa Santos Cunha;4.25
29266;Julia Cardoso Alves;0.27
13038;Eduarda Melo Martins;6.20
25982;Felipe Cavalcanti Santos;3.84
25784;Beatrice Barbosa Silva;7.09
16745;Sophia Cavalcanti Goncalves;5.57
19008;Thaís Barros Correia;0.43
11507;Nicolash Pinto Cavalcanti;5.34
29129;Tânia Araujo Costa;1.00
28779;Luan Castro Goncalves;1.69
945;Vinícius Correia Souza;2.35
19214;Gustavo Barros Lima;1.30
14549;André Pinto Goncalves;1.49
4969;Luana Cunha Melo;5.36
28437;Ágatha Silva Costa;4.11
1096;Bruno Goncalves Oliveira;4.51
3524;Giovana Carvalho Alves;9.98
12090;André Correia Silva;3.51
19804;João Costa Pereira;0.49
29600;Lucas Melo Dias;5.50
14956;Lara Costa Alves;1.61
29696;Marcos Lima Correia;6.36
8261;Danilo Lima Araujo;6.61
18305;Sofia Alves Araujo;4.99
19062;Lavinia Lima Pinto;7.45
24206;Evelyn Pereira Rodrigues;5.14
10572;Guilherme Castro Barbosa;1.81
24557;Davi Ferreira Gomes;6.09
2179;Kaua Carvalho Souza;4.80
21167;Gabriel Ribeiro Castro;5.82
6978;Fernanda Rocha Goncalves;3.97
8648;Camila Fernandes Souza;7.75
17931;Brenda Gomes Silva;1.48
5746;Rodrigo Alves Santos;8.82
9029;Tiago Correia Gomes;8.65
5465;Ágatha Correia Gomes;0.38
16546;Beatriz Fernandes Costa;6.63
4295;Kauê Goncalves Goncalves;9.86
24750;Pedro Ferreira Alves;7.65
23112;Evelyn Goncalves Silva;2.62
29996;Marcos Barros Ferreira;6.99
4544;Ryan Barros Barbosa;8.99
19424;Alice Ferreira Melo;7.15
4732;Martim Barros Souza;5.96
25304;Luis Souza Melo;5.88
14894;Camila Barros Azevedo;9.62
17570;Eduarda Almeida Rodrigues;6.74
25435;Ana Lima Carvalho;6.12
744;Júlio Correia Rodrigues;3.08
10483;Livia Fernandes Azevedo;4.81
1511;Lavinia Lima Costa;6.09
22058;Julieta Ferreira Castro;5.96
27910;Júlio Correia Melo;9.96
12804;Fábio Almeida Alves;2.22
16775;Diego Martins Santos;2.39
2970;Tomás Lima Silva;3.85
12136;Larissa Lima Oliveira;1.65
23907;Larissa Pinto Rocha;7.19
11448;Douglas Correia Barros;4.84
12665;João Sousa Costa;2.85
7270;Luiza Souza Lima;9.32
12035;Larissa Cavalcanti Ribeiro;5.34
278;Gabrielle Castro Rodrigues;8.65
17361;Thiago Cardoso Azevedo;9.09
27428;João Azevedo Castro;1.49
26805;Isabella Souza Rocha;7.50
13963;Beatriz Rocha Costa;0.39
19594;Gabriela Martins Carvalho;8.47
4155;Otávio Sousa Souza;8.08
5932;Thaís Cunha Barros;6.21
10530;Bruna Oliveira Cavalcanti;7.99
19542;Bruno Lima Fernandes;8.96
13391;Thiago Araujo Pinto;4.75
4729;Kauan Pereira Carvalho;8.83
28670;Julian Silva Cardoso;4.43
24361;Carla Cunha Castro;6.57
10544;Eduarda Alves Fernandes;5.22
29822;Luana Cardoso Alves;1.55
3100;Eduarda Azevedo Santos;1.37
581;Lara Martins Souza;0.28
16405;Kauã Lima Castro;9.98
11552;Diogo Carvalho Cardoso;9.91
26890;Sofia Melo Melo;6.67
7043;Isabella Cavalcanti Araujo;8.25
26141;Luís Silva Goncalves;7.34
18681;Ryan Almeida Pinto;5.02
25952;Fábio Costa Fernandes;6.00
18150;Pedro Cavalcanti Pereira;9.44
4329;Melissa Lima Martins;9.13
29134;Clara Barbosa Azevedo;3.57
20092;Joao Oliveira Cardoso;3.50
14636;Antônio Silva Rodrigues;4.70
28361;Leila Barbosa Souza;1.67
26954;Arthur Azevedo Carvalho;7.67
21831;Giovana Sousa Barros;1.52
15129;Alex Araujo Lima;0.83
4508;Thiago Santos Carvalho;3.98
26617;Julieta Sousa Melo;5.42
2212;Eduardo Oliveira Sousa;3.12
8395;Eduarda Lima Barbosa;1.26
2196;Leila Fernandes Lima;4.30
10322;Kaua Sousa Correia;2.65
2204;Luis Rocha Costa;9.17
9797;Rafael Almeida Gomes;6.17
14044;Isabela Oliveira Pereira;0.05
9971;Eduarda Goncalves Santos;1.47
21236;Otávio Sousa Costa;8.14
1218;Vitór Cunha Melo;6.80
6190;Paulo Correia Pereira;7.55
4896;Thiago Araujo Azevedo;1.20
6735;Arthur Cunha Rodrigues;0.25
14347;Carla Ferreira Ferreira;2.52
23089;Maria Barbosa Oliveira;2.34
8460;Vinicius Martins Gomes;1.37
11001;Giovana Rocha Souza;3.69
5168;Luis Oliveira Sousa;4.42
2561;Matilde Alves Carvalho;7.31
28109;Gabriel Castro Lima;3.79
11403;Kai Dias Alves;8.01
17668;Luana Souza Dias;1.60
16006;Pedro Oliveira Araujo;9.67
12692;Daniel Sousa Barbosa;9.56
9561;Beatrice Cardoso Araujo;1.82
17614;Vitor Barbosa Pereira;4.24
7770;Kauan Carvalho Dias;3.26
25135;Caio Carvalho Costa;8.47
4490;Kauã Melo Fernandes;2.97
26825;Sofia Cavalcanti Melo;3.19
7058;Otávio Carvalho Gomes;9.07
16157;Lara Castro Martins;5.53
10653;Pedro Rocha Ferreira;0.19
6025;Lucas Castro Pinto;5.85
8495;Tânia Azevedo Gomes;4.27
10268;Giovanna Lima Carvalho;3.36
18662;Marina Cardoso Barros;7.87
14093;Giovana Pinto Santos;3.24
20557;Antônio Souza Dias;7.76
23147;Sarah Santos Almeida;7.77
23283;Cauã Almeida Cavalcanti;9.32
9565;Nicolas Ferreira Cunha;8.85
3606;Kauã Carvalho Ferreira;4.02
14760;Sofia Pinto Cardoso;2.52
4716;Cauã Fernandes Gomes;1.75
21934;Tomás Barbosa Barbosa;8.11
27551;André Costa Fernandes;8.23
5195;Igor Pereira Araujo;5.34
13581;Fábio Lima Barbosa;0.39
21795;Manuela Santos Correia;5.14
29516;Victor Santos Almeida;8.35
16406;Isabelle Carvalho Correia;1.28
2515;Lavinia Rodrigues Costa;2.13
1879;Arthur Cardoso Melo;7.22
5750;Bianca Cunha Melo;0.91
19522;Nicolas Cavalcanti Cunha;0.41
13547;Danilo Silva Costa;8.07
27849;Yasmin Rocha Almeida;2.37
8845;Leonor Alves Goncalves;7.92
19613;Victor Rodrigues Costa;4.51
24722;Eduardo Gomes Ferreira;4.42
11241;Beatriz Sousa Gomes;2.86
26457;Diego Pinto Sousa;8.13
21663;Douglas Cavalcanti Cunha;5.44
27770;Giovana Ribeiro Santos;5.75
3232;Gabrielle Pinto Rodrigues;6.62
19951;Mateus Sousa Cardoso;9.62
26995;Luiza Souza Carvalho;6.65
573;Maria Cunha Araujo;0.26
6947;Marcos Souza Melo;6.94
29688;Aline Azevedo Barbosa;7.95
1970;Luis Melo Santos;8.04
27003;Fernanda Araujo Silva;7.45
29160;Guilherme Ferreira Alves;1.67
21952;Matheus Ferreira Barros;4.06
21149;Matilde Pinto Barbosa;9.75
14142;Evelyn Barbosa Melo;1.19
8478;Brenda Costa Lima;6.71
9835;Melissa Cunha Pinto;1.78
17720;Joao Correia Gomes;5.77
6753;Camila Pinto Goncalves;4.57
20167;Kaua Oliveira Rocha;3.60
23435;Martim Alves Oliveira;9.61
9396;Letícia Rodrigues Fernandes;8.55
8336;Isabela Araujo Fernandes;0.41
17560;Sofia Souza Barbosa;4.63
19260;Julia Azevedo Azevedo;1.96
1384;Victor Goncalves Oliveira;1.61
17915;Beatrice Dias Martins;4.50
20317;Felipe Costa Costa;8.18
13551;Antônio Rocha Rodrigues;5.97
23164;Antônio Silva Almeida;7.33
25953;André Melo Silva;6.96
5345;Camila Barbosa Azevedo;9.82
22463;Evelyn Melo Lima;1.94
25662;Tomás Dias Silva;2.93
10642;Vinicius Pereira Almeida;3.39
4064;Diogo Sousa Araujo;8.04
26623;Vinícius Cardoso Rodrigues;9.67
13509;Tomás Gomes Dias;4.24
17836;Lara Rodrigues Azevedo;0.01
3054;Leonor Pereira Sousa;1.57
1870;Melissa Araujo Araujo;4.76
15392;Pedro Pereira Dias;0.79
16524;Fábio Castro Lima;0.26
22782;Júlia Cavalcanti Correia;7.88
12907;Thaís Alves Martins;0.21
13246;Giovanna Cardoso Alves;3.33
26096;Laura Silva Rocha;6.60
19321;Giovana Melo Cavalcanti;7.05
29602;Joao Barbosa Oliveira;6.36
6394;Julieta Barbosa Barbosa;3.03
3257;João Oliveira Correia;7.31
13904;Kauan Gomes Martins;6.15
21245;Bianca Lima Souza;3.21
14350;Leila Araujo Rodrigues;4.24
12426;Julian Cardoso Oliveira;4.23
16862;Laura Sousa Costa;5.79
26087;Danilo Oliveira Martins;0.45
528;Maria Sousa Costa;0.41
19705;Enzo Alves Dias;0.45
3874;Sarah Lima Sousa;9.55
11752;Davi Cardoso Pereira;6.28
8839;Evelyn Castro Cavalcanti;3.89
19709;Martim Araujo Barros;1.94
24821;Kai Cunha Alves;4.66
16173;Kai Rocha Cunha;7.65
19183;Diego Lima Oliveira;4.46
11827;Enzo Almeida Cardoso;1.17
23416;Luís Dias Castro;9.84
27976;Bruno Costa Correia;1.05
8022;Larissa Santos Melo;5.37
10059;Guilherme Almeida Barbosa;1.14
21750;Rodrigo Azevedo Cavalcanti;6.78
6221;Bianca Cardoso Dias;1.35
22551;Nicolash Alves Barbosa;7.52
15511;Fernanda Barros Goncalves;7.65
16270;Rodrigo Goncalves Santos;4.26
7216;Carlos Pereira Rodrigues;8.90
17982;Giovana Silva Dias;8.44
5854;Vitór Barros Rodrigues;5.63
14923;Anna Sousa Araujo;4.35
6749;Ágatha Goncalves Cavalcanti;1.36
29392;Fábio Cardoso Martins;0.08
5681;Fernanda Melo Costa;8.20
29820;Carolina Souza Fernandes;0.98
1586;Luana Araujo Barbosa;2.01
13786;Emily Lima Rocha;2.33
8028;Luiza Martins Santos;4.82
25204;Martim Silva Castro;1.79
24410;Amanda Lima Azevedo;8.68
10900;André Cardoso Correia;7.04
14333;Manuela Barbosa Rocha;7.65
535;Matilde Rocha Rocha;3.38
17271;Luis Santos Melo;2.58
4360;Antônio Rocha Azevedo;4.75
15286;Vitoria Barros Souza;5.12
2583;Kai Souza Cardoso;5.55
2994;Caio Goncalves Alves;4.12
21340;Arthur Sousa Azevedo;5.54
2339;Isabelle Rodrigues Sousa;1.27
3146;Luís Souza Rocha;4.93
17229;Lucas Lima Sousa;7.08
21175;Bruna Cunha Carvalho;5.17
18319;Victor Souza Castro;3.92
5289;Otávio Costa Cavalcanti;4.25
29709;Fernanda Correia Almeida;5.32
8289;Anna Ribeiro Souza;7.23
19635;Bruna Rodrigues Silva;6.87
6844;Renan Oliveira Ribeiro;7.63
24865;Manuela Almeida Azevedo;0.30
28099;Beatriz Rocha Lima;9.41
26898;Miguel Ferreira Dias;0.29
4187;Gabrielle Ferreira Araujo;0.06
26546;Nicole Martins Alves;2.25
21548;Marina Cardoso Lima;2.59
28066;Lucas Rocha Lima;1.23
2910;Enzo Castro Gomes;5.04
11892;Bianca Araujo Dias;6.95
3233;Rafael Almeida Pereira;6.66
17948;Luana Oliveira Ferreira;0.59
17030;Eduarda Castro Costa;4.06
4992;Estevan Ribeiro Cardoso;3.76
8699;Arthur Castro Dias;4.34
23057;Danilo Ribeiro Barros;5.80
28500;Rodrigo Martins Almeida;2.37
6646;Murilo Costa Martins;8.65
20639;Erick Souza Oliveira;4.25
12298;Luis Rodrigues Goncalves;9.00
22176;Maria Fernandes Correia;4.95
24711;Tânia Ribeiro Silva;6.55
2090;Miguel Oliveira Silva;6.93
36;Evelyn Rocha Gomes;1.66
21747;Clara Gomes Fernandes;3.18
23648;José Araujo Fernandes;2.90
26926;Lara Oliveira Martins;7.22
15632;Livia Barbosa Carvalho;6.08
20181;Otávio Fernandes Melo;7.52
15479;Sophia Correia Souza;1.77
8863;Larissa Azevedo Goncalves;0.87
2983;Yasmin Fernandes Lima;2.31
4602;Martim Almeida Fernandes;9.63
16810;Vinicius Cardoso Oliveira;5.03
3687;Thiago Barros Barros;1.50
27197;Manuela Barros Costa;5.02
25520;Cauã Santos Carvalho;8.21
22861;Kai Araujo Ribeiro;3.83
20904;Lucas Dias Dias;5.35
8480;Gabrielle Alves Santos;4.48
1082;Arthur Pereira Azevedo;6.14
26128;Igor Pereira Costa;2.04
28463;Vitoria Pereira Silva;6.41
27371;Luiz Almeida Goncalves;9.22
22143;Eduarda Alves Fernandes;4.35
28338;Alice Rocha Pereira;7.81
9590;Gabriela Rodrigues Santos;4.88
21296;Daniel Carvalho Goncalves;9.58
4710;Mateus Dias Sousa;7.69
12588;Mariana Rodrigues Melo;1.67
7099;Tânia Cunha Carvalho;6.34
17749;Gabriela Fernandes Silva;9.63
18241;Eduardo Lima Fernandes;3.84
16426;Marcos Azevedo Gomes;1.05
16134;Isabelle Goncalves Rocha;0.00
7975;Felipe Dias Cavalcanti;9.53
13656;Alex Araujo Sousa;4.97
25324;Miguel Costa Carvalho;4.48
7167;Kai Cavalcanti Gomes;1.47
29485;Luan Cunha Carvalho;9.19
10687;Nicole Melo Barbosa;2.46
23201;Lara Lima Costa;7.41
14436;Rafaela Silva Rocha;7.79
12264;Martim Santos Sousa;9.36
9297;Nicole Cunha Sousa;3.77
1985;Douglas Cavalcanti Fernandes;6.27
20446;Kauã Rocha Melo;5.78
24911;Tomás Goncalves Souza;9.56
28819;Ágatha Cardoso Araujo;5.42
16548;Beatriz Alves Silva;1.41
15987;Rafaela Correia Azevedo;2.02
25668;Matilde Cavalcanti Rocha;2.79
9873;Larissa Costa Lima;6.67
20464;Evelyn Almeida Araujo;3.75
7138;Vitor Melo Dias;7.18
15449;Vinícius Azevedo Correia;8.37
1838;Enzo Cardoso Silva;5.85
4275;Giovana Pereira Ferreira;5.81
7620;Sofia Cunha Carvalho;4.79
9677;Ana Fernandes Silva;0.55
16362;Julian Melo Ribeiro;9.30
12746;Bruno Ribeiro Lima;7.04
17978;Leila Cavalcanti Castro;4.83
22163;Emily Barros Lima;2.18
26626;Amanda Pereira Cavalcanti;1.02
3117;Eduardo Lima Martins;8.53
1005;Eduardo Costa Fernandes;2.16
1868;Vinicius Ribeiro Souza;1.04
19461;Murilo Silva Azevedo;9.54
12900;Marcos Silva Pinto;7.90
26743;Murilo Dias Pereira;0.90
18225;Julia Araujo Martins;1.84
19959;Bruno Rodrigues Melo;9.66
16899;Igor Silva Goncalves;6.33
26582;Ryan Correia Almeida;5.74
19559;Paulo Barros Ferreira;9.09
4469;Tânia Goncalves Correia;4.65
9935;Samuel Pinto Lima;3.71
12533;Miguel Araujo Lima;7.18
13274;Gabriela Melo Costa;3.61
15232;Julian Santos Barros;9.96
29147;Amanda Ferreira Goncalves;0.87
26435;Rebeca Goncalves Santos;9.59
10625;Amanda Costa Correia;4.86
6911;Alice Souza Cardoso;8.88
19936;Beatriz Cardoso Rocha;7.71
8872;Rafaela Araujo Silva;0.65
19413;Giovanna Dias Santos;2.92
1606;Luiz Sousa Melo;2.60
13893;Mateus Rocha Melo;4.79
4617;Marina Pinto Goncalves;2.98
26569;Mariana Barros Pinto;1.22
10840;Lucas Castro Costa;5.88
5619;Lara Gomes Fernandes;2.51
16686;Julia Cardoso Carvalho;0.28
13197;Lucas Souza Castro;8.29
2742;Nicole Fernandes Dias;1.03
7903;José Barbosa Cardoso;7.91
10026;Mariana Goncalves Melo;6.30
21432;Gabrielle Souza Barros;2.47
20012;Luan Souza Melo;6.91
21754;Sofia Almeida Rocha;0.35
25650;Aline Pereira Pinto;9.83
19213;Livia Fernandes Azevedo;7.32
10010;Lara Melo Pereira;7.65
1497;Gustavo Rodrigues Alves;7.17
21669;Mariana Sousa Silva;2.06
29665;Ryan Azevedo Melo;4.25
27876;Luiza Melo Cardoso;4.25
2582;Vitoria Barros Sousa;6.88
724;Larissa Dias Sousa;7.30
17820;Cauã Fernandes Carvalho;7.94
10574;Felipe Castro Azevedo;9.82
10782;Leonor Carvalho Correia;6.43
27877;Yasmin Goncalves Costa;5.34
18516;Danilo Santos Castro;2.01
15313;Otávio Ribeiro Araujo;3.04
678;Sarah Fernandes Goncalves;7.64
9440;Kauê Silva Barbosa;2.54
3145;Caio Lima Melo;3.16
15267;Gabriela Barros Dias;3.29
12830;Beatrice Fernandes Barros;9.14
25134;Alice Gomes Almeida;1.74
29280;Ryan Santos Araujo;0.12
14900;Sophia Melo Cunha;5.50
4963;Estevan Barbosa Carvalho;2.86
26716;Lucas Fernandes Ferreira;0.46
3132;Isabella Melo Souza;4.13
18079;Kai Martins Cardoso;6.15
27559;Thiago Fernandes Correia;8.31
21352;Paulo Lima Costa;2.58
16256;Martim Ribeiro Silva;3.36
4221;Mateus Martins Carvalho;8.98
1698;Ryan Ribeiro Alves;8.07
18082;Kai Costa Oliveira;8.19
28395;Julia Alves Azevedo;8.16
8771;Emily Carvalho Carvalho;8.65
9803;Marisa Barros Rodrigues;6.91
12563;Matheus Silva Araujo;1.20
24593;Lara Ferreira Cardoso;0.09
1056;Matilde Lima Ferreira;3.33
22684;Luis Melo Sousa;3.23
8152;Enzo Pereira Azevedo;3.51
27646;Miguel Oliveira Carvalho;3.69
282;Alice Castro Silva;9.49
19026;Livia Souza Costa;9.18
11363;Matheus Souza Santos;4.81
13996;Rebeca Azevedo Barbosa;9.06
12506;Gabrielle Lima Rocha;9.80
81;Bianca Rodrigues Carvalho;7.66
4794;Ana Gomes Souza;1.20
13199;Enzo Rocha Rodrigues;0.31
17810;Daniel Gomes Pereira;5.99
16831;Samuel Dias Cardoso;1.48
21140;Isabela Azevedo Pinto;8.27
2737;Samuel Goncalves Pinto;4.54
27991;Antônio Barros Costa;6.15
23516;Luana Correia Dias;8.96
17138;Marina Carvalho Barros;8.12
9203;João Ribeiro Cardoso;9.12
10100;Daniel Oliveira Gomes;4.33
3419;Davi Cavalcanti Barros;4.99
6849;Júlia Barbosa Almeida;7.21
20735;Alex Rocha Barros;1.71
15455;Tomás Lima Ribeiro;6.02
15418;Diego Barbosa Fernandes;4.64
25029;Douglas Alves Rocha;9.17
22742;Thaís Costa Azevedo;9.20
6576;Kauã Cardoso Melo;2.31
17063;Leonor Fernandes Almeida;9.73
378;Luís Barros Pereira;3.31
5282;Rodrigo Rodrigues Azevedo;7.41
15440;Otávio Costa Barros;4.12
29184;Fernanda Martins Carvalho;8.77
12986;Matilde Rodrigues Cunha;3.96
863;Clara Gomes Araujo;0.65
9939;Matilde Pereira Alves;2.74
5099;Nicolas Pinto Rocha;4.91
24314;Luan Azevedo Pereira;4.74
29784;Mateus Carvalho Pereira;3.30
12213;Otávio Costa Goncalves;3.33
25440;Rafaela Oliveira Martins;9.93
26306;Vinícius Fernandes Almeida;9.33
10042;Gabrielly Fernandes Souza;2.45
24026;Diego Martins Castro;1.14
28776;Aline Barros Barros;0.78
16487;Lucas Silva Santos;9.63
21755;Victor Alves Dias;9.10
18738;Nicolash Dias Costa;5.50
8246;Leonor Martins Barbosa;1.73
10793;Júlia Oliveira Sousa;6.21
4006;Gabrielle Ferreira Almeida;2.31
19840;Kauê Carvalho Silva;8.32
2959;Luis Costa Barbosa;2.86
12871;Daniel Carvalho Souza;0.92
27641;Nicolash Sousa Santos;1.57
13446;Diogo Rodrigues Carvalho;2.34
1733;Rebeca Barbosa Cardoso;1.10
11132;Julia Gomes Pereira;9.38
2757;Carla Castro Souza;0.93
16243;Kaua Oliveira Silva;8.17
13427;Tiago Sousa Goncalves;0.63
20510;Júlio Ribeiro Rodrigues;3.87
22030;Eduarda Alves Santos;4.01
24930;Bruno Cavalcanti Ferreira;4.45
17199;Kauã Lima Barbosa;1.09
19198;Luis Azevedo Ferreira;3.25
8169;Emily Araujo Azevedo;2.34
19430;Renan Carvalho Azevedo;5.02
8930;Guilherme Ribeiro Carvalho;2.32
6660;Bianca Castro Gomes;5.00
13201;Sofia Silva Carvalho;4.69
2325;Lara Cardoso Rodrigues;4.62
7552;Rafael Araujo Alves;9.88
11323;Luana Castro Oliveira;4.39
15931;Luana Pinto Oliveira;6.40
10040;Giovana Cardoso Ribeiro;8.40
17467;Mariana Barros Azevedo;3.77
23783;Letícia Oliveira Pinto;4.66
23198;Lucas Correia Correia;3.73
11632;Vinicius Ferreira Azevedo;9.07
3695;Kauê Melo Rodrigues;1.26
28792;Rafaela Pereira Lima;6.36
93;Marcos Cavalcanti Pinto;6.53
17132;Gustavo Almeida Souza;6.00
20552;Tiago Goncalves Ferreira;4.31
1861;Miguel Fernandes Melo;8.54
14096;Luiz Ferreira Almeida;6.56
4168;Marisa Gomes Fernandes;1.53
17133;Vitor Martins Barbosa;4.38
297;Raissa Almeida Melo;5.09
29105;Luis Araujo Santos;5.23
29164;Tiago Dias Rocha;9.93
25509;Cauã Cunha Souza;1.38
9027;Júlio Melo Sousa;3.88
24203;Murilo Barbosa Cavalcanti;2.99
24477;Giovana Santos Fernandes;0.98
1577;Daniel Oliveira Castro;7.97
19259;Tomás Gomes Pinto;3.49
27608;André Lima Alves;7.40
21904;Diogo Cardoso Almeida;0.70
18786;Mariana Pinto Carvalho;8.76
5184;Kai Castro Rocha;5.61
18991;Thiago Araujo Cardoso;3.01
22970;Julian Santos Sousa;4.17
15743;Tomás Ferreira Barbosa;4.93
19299;Caio Ribeiro Melo;9.15
6311;Luis Souza Correia;0.33
22515;Marisa Castro Barbosa;5.71
16570;Marina Sousa Sousa;7.40
9161;Nicolash Fernandes Souza;1.84
9463;Luiz Costa Ribeiro;0.29
927;Martim Carvalho Castro;5.26
5809;Isabelle Gomes Fernandes;8.60
28443;Lara Carvalho Cardoso;5.44
4143;Eduarda Santos Azevedo;0.03
9732;Gabriel Sousa Dias;7.56
3012;Raissa Lima Rodrigues;1.28
257;Vinícius Cardoso Azevedo;8.03
3409;Larissa Barros Melo;2.98
4900;Laura Pinto Silva;9.93
27175;André Barbosa Lima;5.34
12344;Rebeca Santos Castro;9.13
7476;Thaís Pereira Barbosa;7.50
26641;José Sousa Gomes;2.66
11416;Davi Fernandes Martins;6.87
10505;Pedro Souza Dias;0.56
17519;Sophia Costa Cardoso;2.63
19745;Bruno Sousa Goncalves;2.51
8454;Carla Silva Gomes;5.72
15868;Luiza Almeida Lima;6.53
27270;Carolina Costa Cunha;9.76
29316;Kaua Gomes Martins;1.27
1522;Breno Oliveira Carvalho;0.99
19621;Gabriel Gomes Cardoso;4.79
3435;Fábio Castro Silva;9.90
1168;Victor Souza Oliveira;9.21
23151;Kauê Correia Cavalcanti;0.36
24924;Yasmin Gomes Azevedo;6.08
1752;Alice Cavalcanti Pereira;5.97
17827;Ágatha Sousa Pereira;2.18
11695;Samuel Ferreira Alves;1.06
5952;Kai Cardoso Cavalcanti;1.54
23281;Danilo Azevedo Fernandes;5.34
5338;Eduardo Carvalho Cunha;8.94
16950;Pedro Almeida Carvalho;0.08
25550;Luís Rocha Gomes;6.56
23589;Leonor Castro Cardoso;6.43
6982;Estevan Oliveira Barbosa;4.53
14796;Livia Rocha Martins;5.53
25529;Diogo Goncalves Gomes;0.34
5894;Isabelle Cavalcanti Ferreira;1.21
19970;Miguel Almeida Fernandes;3.33
19636;Clara Costa Oliveira;3.37
14124;Marina Cavalcanti Barbosa;4.97
14185;Nicole Araujo Cunha;6.01
13149;Thaís Correia Azevedo;2.61
29582;Daniel Ribeiro Costa;6.20
9542;Thaís Rocha Araujo;4.27
1771;Emilly Azevedo Costa;8.11
12557;Amanda Araujo Correia;9.13
24537;Matheus Santos Almeida;5.37
22891;Danilo Almeida Dias;3.74
26760;Rebeca Goncalves Azevedo;7.82
19592;Luan Gomes Cardoso;9.47
19875;Diego Oliveira Silva;9.50
25082;Gabriel Sousa Cardoso;0.58
20889;Estevan Azevedo Cunha;0.02
24517;Luiz Sousa Ribeiro;7.67
24268;Nicolas Santos Alves;4.95
9519;Thiago Lima Cavalcanti;1.39
3703;Beatriz Ribeiro Dias;0.60
3228;Pedro Sousa Pinto;7.94
6366;Joao Araujo Lima;0.05
7886;Matheus Lima Fernandes;7.61
13811;Diego Pinto Almeida;8.22
22385;Bruno Goncalves Pinto;6.55
9584;Enzo Almeida Barros;5.39
20597;Ágatha Sousa Carvalho;8.55
12524;Camila Cardoso Ribeiro;9.40
25052;Julian Correia Alves;8.26
5095;Júlio Fernandes Azevedo;6.49
16912;Carlos Santos Cunha;2.05
5802;Rafael Lima Pereira;2.33
8616;Isabella Melo Correia;8.58
5735;Mariana Sousa Silva;5.96
25681;Camila Santos Barbosa;9.43
22361;Clara Costa Araujo;2.91
29910;Raissa Alves Alves;6.53
12072;Eduardo Correia Cunha;4.26
20387;Beatrice Silva Ribeiro;6.07
26442;Ágatha Barbosa Araujo;9.02
13364;Paulo Ribeiro Barros;1.18
17944;Vitór Barros Barbosa;6.02
20880;Caio Cunha Dias;2.39
25514;Marisa Azevedo Fernandes;5.65
557;Matilde Azevedo Sousa;0.43
3246;Vinícius Cavalcanti Cardoso;1.83
23274;Diego Cardoso Barros;3.99
12284;Rodrigo Araujo Barbosa;8.24
6610;Alex Martins Dias;3.00
12856;Lara Cunha Alves;8.26
1580;Isabella Martins Santos;8.89
3614;Ágatha Fernandes Correia;8.23
8825;Enzo Correia Costa;2.70
3580;Otávio Carvalho Lima;1.26
25977;Carla Silva Ferreira;3.53
9201;Joao Souza Carvalho;5.79
28125;Gustavo Castro Silva;8.73
7220;Ana Goncalves Alves;5.92
21385;Felipe Gomes Melo;8.34
14450;Carlos Cardoso Ribeiro;8.06
10235;Cauã Cardoso Costa;1.31
5536;Aline Almeida Alves;2.45
8814;Alex Araujo Castro;9.03
41;Lavinia Gomes Souza;1.35
15666;Julia Barbosa Ribeiro;9.55
29178;Bianca Oliveira Goncalves;5.93
23523;Renan Costa Alves;3.38
25691;Lara Alves Ferreira;3.09
13617;Tânia Dias Araujo;8.47
3294;Carlos Costa Barbosa;9.69
26035;Danilo Cunha Rocha;7.17
9570;Ryan Cavalcanti Silva;0.39
27295;Laura Goncalves Barbosa;8.03
24700;Diogo Ribeiro Castro;1.06
19110;Leonardo Sousa Rodrigues;8.65
2109;Breno Costa Alves;4.82
4967;Gabrielle Barbosa Cardoso;5.63
5783;André Fernandes Barros;2.51
19591;Manuela Lima Ribeiro;6.46
10573;Clara Gomes Cardoso;8.73
10946;Marisa Ferreira Cardoso;4.62
12034;Vinícius Azevedo Cardoso;0.23
9208;Leonardo Sousa Azevedo;0.35
9082;Kauan Melo Carvalho;0.03
24016;Yasmin Goncalves Rocha;4.60
23688;Vitor Lima Cardoso;1.36
7042;Caio Azevedo Castro;2.55
19037;Pedro Lima Goncalves;8.04
12251;Vitór Ribeiro Melo;2.13
29806;Laura Barbosa Castro;2.53
25444;Beatriz Cardoso Souza;5.35
16479;Emilly Barros Almeida;9.07
8156;Erick Rocha Barros;7.22
24518;Alex Cunha Fernandes;0.53
7112;Bianca Silva Lima;5.28
6182;Murilo Barbosa Costa;0.66
14408;Emily Oliveira Costa;3.33
5275;Enzo Martins Cavalcanti;4.53
17193;Vitor Oliveira Ferreira;6.88
1929;Nicole Oliveira Cavalcanti;6.93
1038;Diogo Oliveira Sousa;5.40
19050;Kauã Rodrigues Alves;8.70
3873;Eduardo Alves Barros;6.30
6626;Isabella Goncalves Melo;6.20
11982;Vitor Souza Almeida;2.31
29779;Carlos Cardoso Goncalves;2.73
15756;Diego Carvalho Sousa;8.46
7365;Mateus Costa Martins;4.86
9070;Manuela Cunha Santos;0.07
23939;Nicolas Pinto Alves;7.78
799;Luís Rodrigues Pereira;9.36
29670;Alice Silva Alves;9.10
3946;Sophia Costa Pinto;3.53
6910;Mariana Martins Barros;9.26
19818;Miguel Castro Rocha;0.15
20722;Arthur Pinto Barbosa;6.42
11726;Matheus Fernandes Pereira;8.03
13727;Vitória Martins Araujo;9.21
28842;Sophia Goncalves Gomes;1.87
27306;Amanda Silva Alves;1.04
4381;Pedro Dias Cunha;6.03
998;Nicolash Silva Sousa;4.54
12182;Nicole Pinto Cunha;8.99
16030;Joao Castro Alves;3.73
9408;Bruna Araujo Costa;1.73
18316;Júlia Dias Barbosa;2.20
21041;Gabrielle Castro Souza;8.29
27564;Leonor Melo Dias;7.32
17646;Ryan Dias Cunha;3.02
14052;Thaís Melo Almeida;8.55
11825;João Sousa Pereira;5.31
9762;Igor Carvalho Dias;2.63
14001;Leonardo Cavalcanti Araujo;2.26
25365;Camila Correia Araujo;2.08
6037;Luís Correia Rodrigues;2.80
20459;Thaís Costa Rocha;4.94
6406;Marina Almeida Gomes;6.13
10742;Ryan Carvalho Almeida;8.78
15906;Igor Castro Santos;1.98
17243;Victor Souza Lima;1.03
942;Igor Almeida Melo;3.11
18742;André Azevedo Carvalho;4.25
23633;Martim Dias Carvalho;7.13
28859;Julian Correia Azevedo;6.72
8126;Kauã Barbosa Rodrigues;9.52
21602;Tânia Almeida Silva;7.17
14555;Murilo Melo Barbosa;8.32
2032;Guilherme Ferreira Martins;5.48
1712;Emilly Cardoso Cardoso;3.12
25805;Bruna Barbosa Fernandes;1.37
19725;Davi Ribeiro Souza;1.76
8810;Julia Ribeiro Pinto;2.29
22400;Luiz Castro Cavalcanti;4.39
2423;Diogo Alves Carvalho;2.72
26491;Ana Rodrigues Santos;0.78
19884;Nicole Cavalcanti Lima;3.27
5310;Eduarda Almeida Silva;1.74
19769;Caio Barros Lima;6.07
9944;Lucas Carvalho Dias;6.77
506;Kauã Ferreira Dias;6.04
28535;Clara Cunha Pinto;8.63
1254;Antônio Melo Ribeiro;3.84
15819;André Melo Goncalves;5.01
25459;Ágatha Araujo Goncalves;8.16
23789;Lucas Pereira Cardoso;6.12
25157;Luan Rocha Souza;3.33
22104;Vinicius Cunha Castro;5.79
3833;Diogo Pereira Martins;7.69
29114;Luis Almeida Costa;6.08
1819;Lavinia Sousa Cardoso;9.30
5538;Leila Barbosa Oliveira;3.57
5251;Mariana Ferreira Costa;0.16
17349;Mariana Almeida Lima;1.86
21085;Lucas Dias Lima;6.81
17760;Kai Souza Melo;8.58
26536;Thaís Martins Barros;0.50
28089;Gustavo Carvalho Lima;0.89
12223;Vinícius Correia Ferreira;4.41
4031;Kauã Oliveira Araujo;1.48
26978;Thaís Carvalho Azevedo;6.16
23270;Otávio Cardoso Alves;8.34
22850;Júlio Almeida Alves;0.70
19397;José Ribeiro Fernandes;1.93
6243;Marina Pinto Correia;9.83
11200;Bruna Goncalves Rodrigues;0.42
15808;Nicolash Gomes Santos;4.97
12183;Fernanda Santos Goncalves;0.93
15450;Danilo Pereira Gomes;9.76
10355;Enzo Pereira Lima;1.84
8249;Joao Gomes Alves;4.23
25746;Bruna Cavalcanti Cunha;4.54
2899;Matilde Castro Ferreira;5.39
7605;Ryan Oliveira Fernandes;5.33
5569;Manuela Silva Sousa;7.18
5018;Rebeca Santos Ribeiro;0.49
10353;Daniel Almeida Sousa;8.18
11715;Carolina Dias Martins;8.11
28275;Marcos Azevedo Melo;6.27
18170;Leila Araujo Costa;0.20
5125;Luis Azevedo Melo;4.73
4647;Luis Azevedo Dias;8.84
28302;Júlio Melo Costa;5.05
4635;Vinícius Cavalcanti Sousa;0.48
25122;Douglas Azevedo Araujo;7.28
9928;Luís Lima Fernandes;2.20
24347;Julieta Souza Sousa;7.09
17330;Gabriel Rocha Carvalho;8.08
26080;Nicolas Sousa Fernandes;5.30
17197;Isabela Lima Correia;3.23
9144;Leonor Goncalves Ribeiro;2.59
28803;Ryan Goncalves Sousa;3.70
467;Vinícius Lima Alves;4.36
20470;Douglas Pinto Gomes;1.28
5366;Gabrielly Araujo Cardoso;9.95
12134;Júlia Martins Cavalcanti;1.77
12226;Joao Araujo Sousa;9.09
26948;Eduarda Carvalho Ribeiro;1.78
12670;Martim Ribeiro Cunha;9.69
20282;Brenda Fernandes Castro;5.40
9917;Samuel Pereira Dias;7.32
22548;Larissa Barros Almeida;7.75
95;Carlos Pereira Barbosa;0.25
2145;Rebeca Correia Goncalves;6.88
1315;Guilherme Cunha Barbosa;9.38
5563;Evelyn Cavalcanti Cavalcanti;3.59
14392;Livia Costa Pereira;1.61
6481;Guilherme Almeida Oliveira;8.55
2584;Carlos Araujo Castro;5.40
5747;Amanda Cardoso Dias;9.20
4777;Luís Cardoso Souza;7.40
1262;Sofia Costa Cavalcanti;2.50
7188;Rebeca Rodrigues Azevedo;7.80
14193;Aline Cavalcanti Cunha;7.18
18177;Emily Santos Barros;0.96
10311;Danilo Dias Almeida;0.94
14310;Raissa Azevedo Barros;7.52
26264;Gabrielly Silva Cardoso;9.35
29721;Giovana Barros Araujo;0.83
17858;Evelyn Rocha Martins;6.07
23749;Kauê Martins Lima;7.99
28248;Matheus Cavalcanti Santos;7.44
17118;Erick Carvalho Costa;3.13
24805;Martim Almeida Gomes;1.66
22578;Marina Pereira Correia;5.84
1534;Cauã Ferreira Cunha;4.36
25583;Estevan Silva Alves;2.44
9946;Ágatha Goncalves Rocha;5.02
19995;Erick Melo Pereira;5.93
29970;Julia Ferreira Ribeiro;0.95
2711;Kauan Cardoso Correia;3.43
22224;Gabriel Cavalcanti Goncalves;9.12
9619;Gabriel Ribeiro Fernandes;5.58
19590;Kauê Cavalcanti Alves;8.31
7985;Ágatha Ribeiro Correia;8.07
25217;Enzo Souza Lima;2.18
20024;José Cavalcanti Cavalcanti;6.63
17950;André Ribeiro Lima;4.98
21027;Raissa Cardoso Barros;6.67
28727;João Alves Sousa;4.68
25246;Vitoria Cardoso Rocha;0.07
11038;Leonor Rodrigues Silva;3.53
29195;Beatrice Costa Silva;7.25
6332;Vitór Cunha Sousa;9.23
2356;Yasmin Gomes Costa;3.35
17468;Joao Cunha Azevedo;8.54
19657;Giovana Pereira Barbosa;2.23
8319;Victor Barbosa Araujo;6.78
1108;Rafaela Silva Rocha;5.69
17557;Tomás Dias Melo;1.59
24012;André Rodrigues Rocha;9.70
24506;Renan Santos Rodrigues;1.78
21102;Davi Alves Ferreira;4.00
29224;Paulo Carvalho Rodrigues;2.40
14774;Sofia Fernandes Pinto;9.27
10786;Isabela Cavalcanti Alves;4.02
565;Vitória Martins Costa;2.28
8663;Rebeca Santos Carvalho;0.21
11947;Bruna Rodrigues Gomes;6.19
24926;Diego Goncalves Almeida;1.76
10336;Isabelle Pinto Correia;5.86
5068;Gabriel Cardoso Barros;5.35
7797;Douglas Lima Rodrigues;1.21
7148;Luan Carvalho Sousa;5.61
10874;Camila Santos Pereira;4.41
4227;Vitória Ferreira Goncalves;3.82
5851;Sophia Martins Goncalves;8.08
24770;Clara Oliveira Melo;6.54
4875;Matilde Pinto Cardoso;3.17
20594;Arthur Oliveira Cunha;8.48
12626;Luís Sousa Fernandes;1.13
16783;Melissa Sousa Melo;3.12
29588;Kauê Correia Cardoso;2.46
1078;Alex Rodrigues Pereira;5.12
18429;Isabelle Costa Costa;0.62
10150;Gabrielle Azevedo Fernandes;3.45
9675;Kauan Cunha Rodrigues;4.48
21051;Carlos Barros Santos;0.52
9373;Bruno Costa Costa;1.13
17585;Gabriela Rodrigues Rodrigues;6.58
2497;Luiz Cardoso Costa;7.81
16536;Julian Correia Gomes;0.08
19771;Emilly Ferreira Santos;6.99
24402;Rebeca Gomes Cavalcanti;9.84
25131;Gabriela Martins Barros;2.39
21208;Lucas Alves Silva;0.83
23596;Amanda Azevedo Fernandes;1.44
14176;Bruna Melo Lima;8.68
2101;Isabela Azevedo Goncalves;3.24
25092;Brenda Dias Melo;6.64
1487;Guilherme Alves Almeida;0.79
1641;Ana Cavalcanti Alves;8.76
24779;Julia Souza Ferreira;7.68
22607;Vitoria Cavalcanti Goncalves;9.46
6323;Alice Castro Souza;1.36
12764;Vitória Almeida Almeida;9.70
27943;Daniel Azevedo Dias;0.23
5821;Victor Cavalcanti Carvalho;1.73
3200;Rebeca Castro Barros;8.89
17333;Lavinia Barros Azevedo;1.28
2229;Beatriz Almeida Pereira;1.57
17125;Arthur Pereira Cardoso;8.47
21321;Erick Gomes Cavalcanti;5.35
7776;Vitór Souza Barros;4.92
11287;Miguel Fernandes Pinto;4.42
11671;Gustavo Cardoso Dias;4.15
4675;João Sousa Barbosa;2.07
29451;Amanda Araujo Araujo;6.00
20616;Ágatha Araujo Santos;7.45
12131;Luiz Costa Goncalves;1.69
7296;Alice Castro Cardoso;7.46
9453;André Azevedo Correia;4.88
2785;Julieta Melo Souza;1.80
16740;Giovanna Cavalcanti Azevedo;5.03
14580;Emily Cunha Costa;2.56
721;Paulo Lima Martins;9.84
18678;Marcos Melo Melo;6.88
8803;José Santos Martins;1.63
3782;Julian Silva Araujo;8.45
12359;Ana Goncalves Ribeiro;7.30
19584;Giovanna Fernandes Santos;6.11
21973;Paulo Ferreira Cavalcanti;8.60
1231;Camila Araujo Rocha;8.44
5501;Luis Goncalves Cavalcanti;2.05
2284;Fábio Castro Lima;6.62
25628;Miguel Santos Barbosa;4.99
1707;Kauê Costa Lima;6.25
19097;Fernanda Dias Almeida;8.66
11852;Sarah Gomes Oliveira;3.98
18386;Leonor Almeida Sousa;3.16
22667;Sophia Sousa Almeida;0.21
12387;Martim Melo Gomes;6.70
21805;Carolina Cunha Costa;4.89
6882;Felipe Pereira Ribeiro;7.16
19136;Nicolash Goncalves Santos;1.21
23338;Melissa Rodrigues Santos;0.41
22327;Matilde Martins Pinto;3.13
4377;Julieta Lima Sousa;3.93
4837;Eduarda Almeida Almeida;4.36
21958;Kauê Cavalcanti Correia;9.12
19457;Gabrielly Oliveira Costa;9.19
27869;Paulo Goncalves Pereira;2.33
1265;Beatriz Fernandes Araujo;5.91
6574;Estevan Gomes Barros;6.07
13614;Ágatha Rodrigues Cavalcanti;2.45
9415;Alice Souza Carvalho;5.80
23031;Rodrigo Lima Rocha;5.10
14279;Sophia Cardoso Silva;9.25
18186;Gabriel Azevedo Azevedo;4.19
450;Sophia Oliveira Correia;3.11
24324;Matilde Ribeiro Souza;4.76
24677;André Costa Souza;5.12
9073;Kauan Pinto Azevedo;2.79
21509;Emily Barbosa Pereira;5.09
4465;Sarah Barbosa Barbosa;1.05
16352;Luiza Silva Rodrigues;9.34
2461;Leonor Gomes Goncalves;5.42
4025;Letícia Dias Souza;0.04
20400;Douglas Lima Lima;9.66
18219;Alice Melo Cardoso;8.92
23533;Alex Fernandes Rodrigues;7.27
10878;Arthur Sousa Pereira;5.86
22918;Sofia Azevedo Goncalves;1.49
15077;Miguel Barbosa Costa;2.24
6855;Lara Lima Santos;1.95
18351;Lara Correia Carvalho;3.45
4476;Kaua Correia Castro;9.80
5422;Evelyn Carvalho Carvalho;8.92
3795;Marisa Ribeiro Alves;9.41
15797;Nicolas Costa Barbosa;5.20
8925;Paulo Pereira Oliveira;2.37
79;Murilo Castro Azevedo;4.98
9998;Ryan Sousa Cardoso;3.45
28117;Luis Rodrigues Silva;7.91
10027;Ana Alves Cardoso;5.68
22681;Isabelle Barros Santos;4.80
3503;Alex Carvalho Araujo;4.87
585;Gabrielly Castro Araujo;6.02
22007;Rafael Castro Carvalho;0.45
25837;Gabrielly Santos Silva;5.73
24839;Isabella Oliveira Costa;6.03
24095;Vitor Pereira Pinto;2.06
9731;Bruno Araujo Barros;4.25
29475;Luiza Melo Silva;1.96
26215;Vinicius Araujo Pinto;8.33
11549;Isabela Pereira Cunha;6.18
11301;Livia Azevedo Carvalho;7.28
17018;Lavinia Azevedo Melo;0.24
18096;Kauã Castro Cunha;0.14
4741;Fábio Cardoso Ferreira;3.03
29192;Luana Goncalves Carvalho;6.07
25372;Emilly Correia Rodrigues;7.87
22318;André Carvalho Martins;9.25
1976;José Souza Souza;5.02
10384;Leila Gomes Cavalcanti;9.47
17492;Fernanda Ribeiro Correia;8.64
26338;Murilo Barbosa Carvalho;5.84
28969;Luana Castro Correia;7.72
7906;Rafaela Alves Martins;7.49
25983;Nicole Pereira Barbosa;2.93
5812;Carla Sousa Cunha;9.81
28616;Breno Fernandes Araujo;4.52
182;Otávio Sousa Melo;9.64
10849;Matilde Sousa Goncalves;5.57
16616;Júlio Alves Ferreira;0.86
17685;Vitor Rocha Pinto;2.98
3354;Luan Barbosa Ribeiro;0.11
8731;Amanda Araujo Silva;1.94
24525;Brenda Souza Sousa;8.03
17073;Tomás Azevedo Pinto;2.81
25400;Giovana Gomes Correia;1.98
3861;Nicole Melo Alves;2.64
7319;Luan Barbosa Barbosa;7.42
3326;Tânia Cunha Dias;6.12
9265;Luan Alves Fernandes;0.26
8504;Sophia Cardoso Goncalves;1.93
17706;Bruno Pereira Santos;5.03
29094;Emily Almeida Lima;9.33
26592;Enzo Lima Barbosa;4.17
7189;Renan Costa Correia;9.67
3172;Kaua Costa Pinto;1.78
4526;Kauan Melo Sousa;0.31
8200;Ana Barros Cunha;4.15
7445;Mateus Alves Lima;6.95
16598;Sofia Castro Santos;2.07
10195;Ana Gomes Silva;9.43
2269;Amanda Pereira Oliveira;0.76
18802;Igor Martins Fernandes;9.65
23013;Bianca Cavalcanti Rocha;1.00
22763;Victor Barbosa Rodrigues;3.54
14414;Eduarda Lima Alves;5.60
18647;Samuel Cavalcanti Souza;1.56
19829;Marisa Goncalves Sousa;3.34
19188;Joao Pereira Costa;6.43
6178;Pedro Correia Gomes;5.67
2206;Raissa Araujo Alves;5.16
27149;Kaua Pereira Dias;4.65
21470;Vitor Ferreira Gomes;9.71
10257;Julieta Cardoso Cardoso;8.83
10125;Isabella Lima Pinto;8.14
7036;Beatrice Correia Silva;0.32
24808;Gabriela Rodrigues Barros;4.07
24624;Douglas Cardoso Barros;3.93
9799;Júlio Pinto Silva;4.39
14006;Isabelle Carvalho Cavalcanti;1.35
9129;Tânia Pereira Araujo;5.65
9915;Leila Lima Pereira;4.40
24370;Luiza Costa Melo;2.58
1968;Marina Almeida Azevedo;7.61
1716;Rodrigo Silva Azevedo;0.34
18519;Kaua Cunha Barbosa;3.33
12375;Leonardo Castro Cunha;8.41
15195;Martim Gomes Barbosa;1.30
12840;Eduarda Correia Goncalves;3.38
29198;Gabriel Cavalcanti Oliveira;3.72
11385;Fábio Sousa Goncalves;5.49
12021;Matilde Pinto Pereira;2.34
13110;Júlio Cardoso Alves;5.41
3183;Erick Cavalcanti Almeida;4.63
25866;Marina Lima Cunha;0.08
16146;João Ferreira Azevedo;6.91
24088;Brenda Lima Sousa;8.37
13807;Kauê Cavalcanti Cardoso;4.55
21515;Vitória Lima Ribeiro;8.82
25824;Marina Cardoso Barbosa;5.92
5186;Thaís Santos Santos;3.41
10682;Lara Ribeiro Cunha;1.40
4126;Thiago Melo Rodrigues;4.24
23743;Davi Melo Fernandes;7.32
17255;Bruna Oliveira Almeida;6.96
5584;Gabrielle Cavalcanti Pinto;3.65
22724;Bruno Rocha Correia;3.84
18366;Caio Araujo Alves;6.76
18702;Sophia Ferreira Pereira;5.88
9183;Rebeca Martins Ribeiro;1.74
17591;Felipe Cunha Pereira;7.33
19185;Beatriz Alves Costa;2.54
23045;Mateus Azevedo Goncalves;1.77
1961;Vinicius Goncalves Castro;4.16
19944;Lavinia Martins Gomes;1.06
20683;Cauã Santos Pinto;7.31
6070;Breno Pinto Cunha;2.48
2381;Joao Cardoso Pinto;9.63
12988;Marisa Fernandes Carvalho;5.93
24281;Letícia Ribeiro Oliveira;7.69
6270;Alice Alves Correia;4.43
21370;Diogo Melo Almeida;2.11
1016;Gustavo Rocha Pinto;2.33
14840;Rebeca Carvalho Fernandes;3.90
6789;Letícia Cunha Correia;6.52
11931;Danilo Cunha Ferreira;3.64
13231;Giovanna Lima Silva;9.54
5233;Carolina Oliveira Cavalcanti;9.77
23680;Lara Carvalho Goncalves;5.96
11016;Mariana Lima Araujo;3.85
15394;Amanda Sousa Martins;2.51
22966;Larissa Rodrigues Santos;2.73
8723;Joao Oliveira Ferreira;7.32
25884;Antônio Cavalcanti Rodrigues;0.46
13304;Isabella Carvalho Melo;5.69
8974;Eduarda Alves Goncalves;0.19
21037;Luís Dias Lima;1.77
6504;Vitor Dias Silva;2.20
28276;Rafael Oliveira Azevedo;9.41
29875;Pedro Cavalcanti Cardoso;7.63
27338;Gabriel Correia Ribeiro;4.55
5954;Sofia Martins Pereira;6.80
5433;Kauê Dias Goncalves;2.62
7522;Bruno Gomes Costa;4.04
7874;Giovana Lima Pereira;1.61
13077;Kaua Lima Araujo;6.05
24681;Luana Azevedo Martins;5.23
5313;Rafael Pinto Barbosa;4.31
7957;Matilde Gomes Barbosa;6.47
13382;Isabelle Alves Sousa;1.47
7326;Antônio Melo Cardoso;5.80
15574;André Cunha Pinto;8.10
6689;Alice Sousa Dias;9.35
15346;Martim Santos Cunha;5.33
7514;Maria Carvalho Rocha;2.64
8342;Bianca Santos Santos;6.46
3234;Fábio Cunha Carvalho;8.57
16209;Livia Lima Ferreira;4.35
22657;Estevan Sousa Araujo;3.72
29548;Cauã Rodrigues Cunha;7.44
9879;Luiza Sousa Melo;3.79
20850;Arthur Fernandes Souza;9.86
19203;Ana Castro Pereira;2.78
15431;Felipe Gomes Rodrigues;8.07
6762;Erick Ribeiro Oliveira;1.45
17049;Júlia Cavalcanti Rodrigues;7.04
27569;Eduarda Rodrigues Rodrigues;8.82
11498;Matilde Dias Alves;2.83
22908;André Silva Cavalcanti;0.85
29441;Emilly Oliveira Costa;1.54
4902;Danilo Castro Cunha;2.06
19010;Matilde Correia Ribeiro;0.05
21283;Matilde Goncalves Alves;3.21
27958;Antônio Ribeiro Costa;4.80
963;Otávio Martins Martins;3.03
23691;Eduardo Goncalves Azevedo;9.90
7550;André Gomes Lima;8.80
5234;Fábio Oliveira Barros;5.90
29629;Caio Souza Castro;9.34
21625;Daniel Rodrigues Santos;7.14
11101;Bianca Dias Correia;8.46
12614;Murilo Rodrigues Dias;5.00
26291;Rebeca Carvalho Silva;2.21
6449;Enzo Castro Pereira;1.81
28331;Kauan Pinto Pinto;5.20
6835;Yasmin Pinto Costa;1.30
11512;Alex Rodrigues Costa;6.47
19754;Tiago Castro Melo;3.96
1185;Vitória Silva Rodrigues;2.03
19886;Tomás Oliveira Martins;0.01
1007;Cauã Almeida Costa;8.10
29162;Cauã Carvalho Rodrigues;0.72
23788;Leila Melo Correia;8.37
21080;Julieta Gomes Alves;4.52
3778;Bruna Cunha Goncalves;8.30
27704;Vitór Oliveira Pereira;9.31
1035;Letícia Almeida Correia;2.48
11116;Diogo Souza Gomes;5.95
2506;Isabella Lima Fernandes;7.78
9895;Renan Santos Cunha;2.84
22530;Luana Correia Martins;4.92
15242;Eduardo Ferreira Dias;9.00
22709;Eduardo Cavalcanti Souza;3.48
10695;Evelyn Pinto Silva;9.38
6195;Miguel Dias Silva;8.47
12189;Murilo Castro Pinto;5.25
3469;Vitória Barbosa Araujo;4.10
17841;Clara Sousa Correia;7.55
18818;Ana Ribeiro Souza;0.40
5737;Breno Barros Ferreira;6.03
28386;Ana Pinto Barbosa;8.65
20158;Leonardo Pinto Pinto;9.57
10443;Bianca Almeida Rocha;5.33
25703;Carla Castro Fernandes;9.82
7647;Sarah Cardoso Souza;1.59
19046;Vitór Sousa Gomes;7.53
25829;Sophia Correia Lima;0.99
1728;Júlia Costa Pinto;4.71
29142;Isabelle Azevedo Araujo;7.74
13711;Carlos Gomes Cunha;6.65
29697;Laura Cardoso Barros;2.19
3047;Julian Costa Azevedo;2.80
19042;Arthur Cunha Sousa;6.24
1634;Nicolas Lima Correia;6.18
8746;Antônio Carvalho Pereira;8.49
28111;Vitór Fernandes Santos;7.53
14188;Alice Oliveira Santos;4.17
22178;Giovana Rocha Rodrigues;3.34
13709;Gabrielly Oliveira Fernandes;0.73
24733;Manuela Rodrigues Cardoso;3.02
1326;Danilo Rodrigues Oliveira;6.26
27424;Danilo Cavalcanti Pinto;6.74
14061;Júlio Carvalho Correia;4.42
14035;Luana Fernandes Silva;0.39
424;Letícia Ribeiro Castro;7.96
10536;Douglas Ribeiro Cavalcanti;0.07
2594;Ágatha Martins Rocha;7.33
7883;Alice Cunha Oliveira;2.91
26249;Giovana Correia Ferreira;5.57
1950;Otávio Dias Castro;3.74
2949;Julia Melo Ribeiro;7.48
20401;Kauê Santos Dias;0.70
13430;Ana Barros Araujo;7.23
13943;Maria Barbosa Pereira;2.82
6958;Thiago Souza Cardoso;8.56
15835;Danilo Castro Dias;2.93
7023;Vitor Ribeiro Pinto;5.82
25518;Luana Oliveira Pinto;5.21
17307;Gustavo Correia Barbosa;2.72
23408;Maria Alves Correia;2.85
17926;Davi Almeida Azevedo;5.22
2375;Felipe Oliveira Sousa;5.00
12227;Nicolash Gomes Costa;9.98
17632;Julieta Barros Fernandes;2.18
17280;Guilherme Sousa Martins;0.83
18401;Júlio Goncalves Goncalves;5.71
14245;Fábio Dias Rodrigues;1.31
13939;Vinicius Correia Oliveira;6.27
22121;Gustavo Cavalcanti Araujo;6.94
17506;Ana Fernandes Costa;8.16
6285;Breno Barros Rodrigues;1.08
17551;Kauê Barbosa Ribeiro;6.30
22026;Samuel Araujo Rodrigues;1.68
19291;Kauã Melo Sousa;2.57
7959;Vinícius Goncalves Oliveira;1.16
2306;Daniel Martins Almeida;5.54
9384;Martim Azevedo Cavalcanti;5.88
12103;Luiz Gomes Souza;0.54
26755;José Goncalves Pinto;1.75
2517;Igor Costa Martins;6.87
17775;Beatrice Cardoso Pinto;5.64
16429;Ana Cardoso Gomes;5.83
23372;Thaís Souza Ribeiro;3.18
27432;Matilde Lima Azevedo;8.70
9107;Matilde Souza Araujo;9.30
16019;Murilo Santos Barbosa;6.36
1075;Ryan Costa Santos;6.69
1327;Luan Castro Dias;0.27
2765;Júlio Pereira Alves;2.11
8270;Caio Araujo Carvalho;5.12
1278;Felipe Carvalho Alves;7.28
14437;Diego Araujo Araujo;9.66
9709;Luana Cavalcanti Oliveira;7.96
12969;Leonardo Cavalcanti Dias;1.08
28032;Nicolas Ferreira Rodrigues;9.15
515;Thiago Ribeiro Dias;1.15
10418;Maria Ferreira Oliveira;7.69
29737;José Cavalcanti Sousa;2.73
8254;Júlia Rocha Goncalves;9.43
13760;Lucas Fernandes Melo;4.79
16512;Kauã Goncalves Rodrigues;1.39
12632;Vinícius Castro Oliveira;1.73
25780;Alex Sousa Ferreira;8.73
4375;Júlio Araujo Melo;7.65
26302;Arthur Sousa Sousa;1.18
28421;Sophia Rodrigues Dias;2.14
10641;Danilo Silva Santos;3.42
10532;Vitoria Azevedo Almeida;8.84
2524;Laura Silva Ferreira;7.38
6983;Fernanda Fernandes Sousa;8.81
22429;Kauan Rodrigues Ribeiro;1.96
23380;Emilly Santos Rodrigues;6.06
8946;Anna Gomes Pinto;5.36
3585;Laura Costa Costa;5.89
8005;Leila Rodrigues Goncalves;0.35
14991;Aline Correia Correia;4.22
23739;Samuel Pereira Oliveira;1.03
15960;Fábio Cardoso Cunha;0.73
25466;Anna Goncalves Araujo;8.60
18523;Thiago Sousa Azevedo;1.46
16385;Clara Correia Barros;9.53
24125;Evelyn Melo Pereira;8.84
29976;Felipe Barbosa Cardoso;7.77
29387;Júlio Cavalcanti Costa;3.39
4601;Luana Souza Cavalcanti;0.67
24131;Isabella Carvalho Martins;8.81
16970;Enzo Cardoso Rocha;6.26
23766;Nicolas Castro Martins;7.72
10289;Antônio Silva Ferreira;0.44
24096;Lara Barbosa Santos;5.17
25724;Fábio Melo Fernandes;0.24
9047;Isabelle Cardoso Silva;6.33
16381;Sofia Costa Goncalves;2.24
4410;Miguel Dias Cavalcanti;4.70
14927;Kauã Alves Pereira;9.80
5246;Gustavo Sousa Costa;7.29
1583;Fábio Goncalves Lima;7.18
9128;Luiz Goncalves Lima;4.62
11570;Brenda Souza Rocha;8.58
6330;Yasmin Souza Carvalho;1.84
6929;Ágatha Oliveira Ribeiro;2.07
6150;Larissa Santos Melo;3.48
16851;Brenda Carvalho Lima;7.13
14672;Alice Melo Cavalcanti;1.93
27108;Anna Goncalves Almeida;0.19
14070;Leonardo Cunha Alves;2.51
23329;Douglas Carvalho Barros;0.05
9688;Davi Alves Lima;6.52
18623;Bruna Lima Azevedo;2.08
13534;Luiza Pereira Barros;5.39
2346;Gabriela Correia Sousa;3.68
20142;Gabriela Cavalcanti Pereira;0.32
5450;Kauã Almeida Martins;0.03
13815;Gabriel Castro Correia;6.11
23931;Fernanda Barros Melo;4.12
5373;Ana Silva Ferreira;7.87
28734;Fábio Oliveira Lima;8.79
17415;José Correia Souza;9.20
15510;Emilly Pinto Ribeiro;4.86
3828;Luiz Dias Costa;2.16
3455;Rebeca Pereira Oliveira;5.92
21519;Kaua Cavalcanti Pereira;6.44
5923;Luis Barros Pinto;4.50
29108;Felipe Silva Castro;9.89
18045;André Silva Cardoso;2.81
27654;Rodrigo Azevedo Rocha;4.73
8458;Carolina Cunha Pinto;0.30
15015;João Cavalcanti Lima;8.15
28633;Kauã Rocha Sousa;7.54
7081;Nicolas Dias Barbosa;2.72
25364;Beatrice Cavalcanti Martins;1.16
28596;José Cardoso Lima;0.78
21759;Aline Oliveira Azevedo;0.03
17832;Luís Ferreira Dias;0.99
25056;Enzo Cunha Melo;9.96
11831;Sarah Araujo Azevedo;1.53
28825;Cauã Barros Fernandes;5.58
3010;Antônio Alves Lima;4.77
14560;Camila Oliveira Barbosa;0.66
11025;Samuel Cavalcanti Melo;7.41
15981;Luiza Barros Almeida;9.47
10821;Marina Azevedo Gomes;0.63
5577;Victor Oliveira Melo;8.09
9634;Marcos Azevedo Oliveira;4.36
9574;Nicole Correia Carvalho;3.53
28866;Livia Gomes Dias;8.30
13000;André Dias Alves;2.26
8557;Caio Melo Martins;4.87
27914;Raissa Barros Costa;2.49
7003;Leila Castro Costa;2.83
19353;Matilde Barros Correia;0.54
19548;Marisa Azevedo Pinto;3.59
1505;Marisa Cavalcanti Fernandes;9.08
11458;Eduarda Alves Rocha;0.37
14003;Gabrielly Pinto Pinto;1.79
4106;Anna Ferreira Barros;8.11
18723;Melissa Melo Ribeiro;7.94
1406;Gabrielly Souza Araujo;9.60
8348;Julian Carvalho Cardoso;6.70
15385;Murilo Barbosa Ribeiro;2.71
29067;Sarah Martins Dias;1.85
20972;Kauan Melo Pereira;4.50
4425;Guilherme Azevedo Pereira;1.07
9420;Fernanda Rocha Rocha;8.09
5841;Samuel Azevedo Azevedo;5.13
24614;Isabella Barbosa Correia;6.49
20391;Nicolas Gomes Silva;1.37
16986;Ryan Sousa Barbosa;8.92
17019;Guilherme Fernandes Rocha;0.76
29003;Luana Costa Oliveira;6.93
10468;Marcos Almeida Oliveira;1.70
925;Murilo Souza Goncalves;3.05
17430;Ágatha Goncalves Carvalho;7.95
19225;Carolina Cardoso Cavalcanti;0.87
10412;Otávio Ribeiro Pinto;3.22
18792;Carlos Costa Cunha;3.94
13747;Marisa Melo Silva;9.77
16295;Rafael Fernandes Pereira;6.42
27669;Luiz Ribeiro Melo;5.25
7654;Vitoria Almeida Pereira;1.40
9352;Letícia Barbosa Barbosa;3.32
8910;Beatriz Dias Ribeiro;1.95
26393;Luan Oliveira Barros;1.59
22898;Estevan Dias Carvalho;6.58
17298;Sofia Gomes Souza;2.75
430;Danilo Almeida Gomes;0.60
22526;Camila Ferreira Martins;0.83
4996;Ágatha Rocha Costa;9.91
23967;Thaís Silva Ferreira;9.40
6281;Cauã Barbosa Gomes;5.27
14103;Evelyn Correia Melo;7.87
15507;Cauã Gomes Oliveira;3.42
3001;Rafael Alves Barbosa;0.26
899;Aline Goncalves Dias;3.05
12309;Samuel Costa Pinto;4.70
3212;Luan Silva Santos;9.00
26398;Caio Pinto Azevedo;3.52
23459;Maria Castro Melo;2.75
11249;Enzo Cardoso Barbosa;3.05
154;Kauan Carvalho Costa;4.18
18580;Evelyn Fernandes Costa;9.62
10063;Bianca Correia Martins;8.63
16892;João Souza Oliveira;6.40
28704;Julieta Cunha Correia;9.20
16358;Beatriz Correia Azevedo;9.90
22643;Laura Lima Azevedo;5.65
12349;Ágatha Cavalcanti Costa;8.90
5158;Alex Castro Melo;4.48
7187;Sarah Cavalcanti Barros;3.43
26669;Sophia Santos Almeida;4.45
19276;Gabrielle Cavalcanti Rocha;5.36
14271;Lavinia Souza Gomes;8.60
2696;Tomás Dias Azevedo;3.83
24952;Rodrigo Rocha Souza;5.72
7771;Fábio Gomes Souza;0.97
3062;Paulo Barros Cardoso;6.67
24003;Bianca Alves Melo;5.12
6684;Carolina Cavalcanti Dias;6.69
29409;Vinicius Almeida Rodrigues;4.90
29193;Manuela Rocha Ribeiro;0.00
17531;Vitor Cardoso Sousa;4.83
8293;Guilherme Melo Ribeiro;3.66
5763;Lara Goncalves Castro;0.28
10453;Aline Araujo Martins;3.61
803;Alex Ribeiro Martins;2.80
5042;Sarah Almeida Barbosa;7.31
13221;João Silva Oliveira;8.57
105;Sofia Rocha Costa;4.43
795;Isabelle Gomes Fernandes;6.26
13313;Rafaela Correia Barbosa;7.68
98;Eduardo Fernandes Silva;1.06
26828;Laura Oliveira Martins;6.85
22982;Alice Gomes Ferreira;1.18
9328;Kauê Fernandes Gomes;9.40
18558;Danilo Cardoso Lima;1.30
22536;Douglas Sousa Carvalho;0.57
18895;Igor Carvalho Rodrigues;9.43
5550;Bruna Pinto Santos;0.88
7346;Laura Pereira Oliveira;0.05
4198;Giovanna Araujo Melo;6.47
1245;Otávio Goncalves Ribeiro;7.80
13847;Melissa Barros Azevedo;0.19
9321;Vitor Martins Souza;3.07
18255;Rafael Silva Rocha;4.73
29690;Igor Martins Cunha;8.39
23511;Rafaela Castro Almeida;3.50
27475;Leonor Fernandes Martins;4.31
22428;Antônio Silva Oliveira;4.76
2392;Nicolas Pereira Martins;4.56
15677;Bianca Oliveira Barbosa;3.31
23631;Ryan Lima Barros;9.68
13321;Estevan Cavalcanti Almeida;7.91
28339;Maria Sousa Cardoso;3.47
333;Nicole Oliveira Silva;8.86
17231;Caio Correia Barros;4.40
8998;Guilherme Correia Rodrigues;3.47
29398;Anna Rocha Goncalves;6.45
2848;Douglas Cavalcanti Sousa;0.76
2593;Bianca Cavalcanti Rodrigues;6.31
13099;Laura Barbosa Sousa;3.66
25738;Rebeca Souza Azevedo;0.03
3293;Evelyn Santos Martins;9.97
2826;Marcos Araujo Lima;2.23
12100;Bruna Santos Melo;6.53
29942;Cauã Goncalves Santos;2.82
9261;Guilherme Oliveira Rocha;1.82
4915;José Cunha Melo;4.27
12282;Melissa Costa Goncalves;7.46
16340;Eduardo Rocha Barros;2.90
29809;Sarah Santos Oliveira;1.68
714;Diogo Cunha Rocha;1.85
2342;Gabriel Araujo Santos;4.55
12453;Bruna Silva Sousa;9.13
18086;Clara Lima Pinto;6.55
19586;Mariana Rocha Pinto;0.17
12154;Tiago Carvalho Goncalves;8.03
2031;Larissa Correia Castro;4.41
12844;Enzo Martins Pinto;5.07
8414;Felipe Araujo Dias;4.57
1428;Gabrielle Cunha Costa;6.48
11588;Marina Pereira Costa;7.30
4851;Tiago Castro Silva;6.18
17911;Leonor Cardoso Carvalho;0.77
14839;Matheus Goncalves Rodrigues;0.92
7756;Matheus Barbosa Rocha;1.11
28456;Marisa Rocha Alves;9.10
13406;Yasmin Ribeiro Silva;0.07
9734;Eduardo Pinto Pereira;6.22
10939;Evelyn Rodrigues Barbosa;6.41
24999;Miguel Barbosa Carvalho;5.01
17476;José Lima Araujo;2.02
24851;Marisa Cavalcanti Cavalcanti;7.67
27925;Fernanda Gomes Correia;4.83
29494;Julia Dias Azevedo;9.43
12353;Anna Gomes Rodrigues;0.95
16484;Sophia Gomes Lima;0.74
24972;Emilly Pinto Cunha;1.71
25675;Eduarda Melo Azevedo;7.52
29408;Nicolas Castro Correia;6.78
10775;Raissa Pinto Souza;2.92
7745;Igor Pereira Pinto;3.21
12013;Davi Fernandes Azevedo;9.43
29496;Eduarda Souza Fernandes;0.98
7553;Felipe Alves Ribeiro;3.54
23720;Emilly Cavalcanti Castro;4.20
3155;Cauã Ferreira Cunha;9.86
15404;Ryan Azevedo Barros;6.78
24676;Lucas Martins Melo;1.04
8773;Diogo Souza Dias;7.17
20120;Paulo Costa Cardoso;2.89
22089;Ana Pinto Almeida;0.08
26913;Camila Correia Cardoso;6.03
9840;Bruna Ribeiro Oliveira;5.16
844;Carla Santos Cardoso;1.59
2721;Júlia Melo Dias;9.34
11358;Evelyn Martins Costa;3.53
1934;Murilo Dias Melo;8.46
8278;Luan Almeida Goncalves;7.51
26367;Matheus Martins Correia;9.01
13891;Nicole Rocha Gomes;5.39
10083;Martim Melo Cardoso;0.18
17395;Thiago Rodrigues Sousa;4.22
26350;Kauan Castro Cardoso;3.90
26154;Kai Cardoso Cavalcanti;3.01
9891;Tomás Castro Correia;3.57
20931;Rebeca Goncalves Cunha;2.89
19402;Giovana Santos Souza;1.68
15499;Carlos Pereira Silva;2.99
8384;Renan Santos Costa;4.46
4935;Isabella Fernandes Silva;5.54
17655;Gustavo Cunha Ribeiro;2.58
14410;Beatriz Cardoso Rodrigues;7.12
17165;Amanda Rocha Silva;8.71
20592;Luis Pinto Goncalves;7.90
13167;Alex Sousa Gomes;3.00
28048;Nicolas Rodrigues Fernandes;6.22
25433;Vitória Barros Castro;5.56
22038;Isabelle Fernandes Pereira;7.81
22118;Evelyn Rodrigues Carvalho;9.89
16801;Bianca Fernandes Cunha;0.65
24870;Felipe Barbosa Correia;5.86
28791;Estevan Araujo Dias;2.29
18835;Gustavo Costa Castro;6.41
19780;Luan Cavalcanti Ribeiro;0.70
7166;Larissa Silva Azevedo;4.12
8929;Douglas Barros Costa;5.06
24783;Sophia Cavalcanti Sousa;3.06
12246;Kaua Rodrigues Correia;1.42
17988;Antônio Melo Santos;0.10
5748;Breno Cavalcanti Pereira;5.39
9569;Emily Costa Santos;3.38
5992;Laura Dias Barbosa;2.86
20767;Marcos Rocha Cardoso;0.78
3813;Beatrice Cardoso Carvalho;9.76
839;Joao Azevedo Alves;5.71
3964;João Almeida Carvalho;4.21
6878;Marina Barros Souza;9.62
3921;Júlia Castro Barbosa;4.36
10953;Cauã Santos Correia;2.20
28298;Gabrielly Rodrigues Melo;6.85
25140;Ana Ferreira Pinto;6.84
763;Vitór Barbosa Barbosa;4.00
15259;Luís Lima Pinto;4.70
9871;Daniel Oliveira Fernandes;5.33
2407;Luis Melo Correia;2.32
7922;Letícia Almeida Costa;4.49
28987;Manuela Cavalcanti Azevedo;6.12
24348;Vitória Lima Dias;0.45
18049;Manuela Ferreira Araujo;7.47
5027;Nicole Melo Goncalves;4.81
1139;Vitór Barbosa Almeida;5.34
18888;Livia Cardoso Pinto;3.58
24346;Matilde Fernandes Lima;1.02
15636;Vitor Lima Barros;9.57
29310;Maria Barbosa Cardoso;0.48
3797;Kauã Goncalves Rocha;0.60
6776;Isabelle Pinto Cavalcanti;3.95
22846;Thiago Costa Melo;2.56
13342;Carolina Silva Oliveira;5.54
20728;André Souza Silva;2.76
8826;Gabriela Silva Fernandes;8.51
14783;Isabelle Rodrigues Dias;1.89
15202;Kauan Carvalho Oliveira;4.31
8611;Beatriz Cunha Pereira;8.08
24290;Vitoria Dias Costa;3.73
26036;Breno Cardoso Cardoso;0.41
20065;Diogo Azevedo Costa;8.08
6226;Gabrielle Goncalves Melo;4.15
26908;João Souza Santos;0.48
16236;Lavinia Barbosa Barros;4.08
13433;Laura Lima Oliveira;3.44
4871;Joao Araujo Cunha;2.24
2980;Nicolas Lima Ferreira;1.14
18692;Igor Araujo Lima;8.15
11893;Rebeca Barbosa Sousa;3.72
6041;Emily Pinto Oliveira;0.19
18564;Lavinia Cavalcanti Castro;5.03
10837;Kai Goncalves Goncalves;4.04
26371;Tânia Souza Silva;3.43
29653;Marcos Souza Oliveira;2.60
4496;Breno Martins Cardoso;5.72
2837;Davi Cavalcanti Goncalves;8.92
12896;Aline Ferreira Barros;3.58
10789;Aline Cardoso Silva;5.28
19731;Murilo Almeida Gomes;0.87
18267;Raissa Dias Lima;0.69
13091;Nicolas Sousa Fernandes;3.57
21516;Aline Cavalcanti Cunha;3.53
5606;Leonor Barbosa Barros;7.91
2293;Kauê Cunha Pinto;4.25
22996;Kaua Pinto Rodrigues;8.78
3865;Marina Gomes Araujo;7.18
17149;Thiago Costa Azevedo;8.26
24532;Carlos Silva Castro;5.31
6250;Camila Barbosa Carvalho;1.73
6175;Nicolas Goncalves Correia;2.13
17216;Nicolas Dias Barbosa;8.79
2064;Kaua Correia Fernandes;8.64
5567;Yasmin Azevedo Ribeiro;3.04
3161;Vitória Santos Silva;5.02
5708;Carolina Lima Araujo;3.28
27219;Julian Lima Pereira;1.03
3688;Camila Souza Rodrigues;6.64
18557;José Fernandes Azevedo;0.99
17631;Marcos Castro Sousa;5.38
29144;Caio Carvalho Costa;0.41
26754;Kauan Oliveira Pereira;0.38
17123;Bruno Ferreira Pereira;7.20
6106;Gabriel Souza Fernandes;9.23
22046;Gabrielly Melo Gomes;5.33
22409;Douglas Pereira Costa;2.45
12797;Vitór Pinto Fernandes;1.64
106;Alice Dias Alves;3.06
6541;Luiz Rodrigues Almeida;9.90
15356;Gabrielle Castro Castro;6.65
644;Evelyn Cunha Oliveira;4.95
8048;Arthur Almeida Lima;4.02
28115;Danilo Sousa Barros;6.48
8832;Marcos Martins Ribeiro;7.30
7792;Larissa Almeida Ribeiro;6.59
22352;Samuel Silva Gomes;9.03
5983;Nicolas Melo Martins;6.10
29415;Rebeca Barbosa Pinto;7.84
24528;Bruno Costa Santos;6.17
8052;Leila Costa Rodrigues;0.74
7871;Gabriel Sousa Martins;8.53
29906;Renan Correia Costa;5.99
15327;João Carvalho Melo;5.46
6853;Enzo Gomes Ferreira;6.14
5453;Douglas Cavalcanti Souza;0.10
14716;Antônio Ribeiro Cavalcanti;3.52
18300;Diogo Ferreira Ferreira;6.65
23366;Thiago Fernandes Fernandes;2.68
16874;Emilly Cavalcanti Costa;6.04
14850;Igor Cunha Castro;3.10
5603;Matilde Sousa Cunha;9.10
7089;Sarah Dias Rodrigues;8.89
14945;Matilde Souza Cavalcanti;0.70
5523;Beatrice Silva Oliveira;2.46
8486;Giovanna Oliveira Dias;3.32
29725;Marina Pereira Rocha;1.59
6686;Carolina Souza Carvalho;1.28
21726;Marcos Ribeiro Ribeiro;2.73
17577;Erick Pinto Rodrigues;0.48
29659;Bruna Souza Cardoso;5.47
4211;Isabella Lima Carvalho;9.30
4677;Alice Barbosa Melo;0.11
9299;Martim Rocha Azevedo;9.76
29012;Letícia Fernandes Martins;3.76
10466;Nicolash Alves Carvalho;8.34
28975;Douglas Fernandes Azevedo;0.07
24308;Guilherme Fernandes Silva;5.63
1509;Julieta Ribeiro Sousa;3.43
16774;Alex Cavalcanti Correia;1.37
13317;Mariana Cunha Pereira;7.50
6722;Eduarda Gomes Correia;1.38
17933;Brenda Ribeiro Correia;2.74
19529;Davi Santos Rodrigues;6.08
29191;Rafaela Pinto Azevedo;9.42
25716;Carolina Souza Almeida;6.00
1294;Douglas Lima Gomes;3.24
28928;Emily Souza Sousa;8.04
2402;Renan Fernandes Fernandes;9.54
17890;Murilo Sousa Barbosa;3.69
1323;Júlia Silva Ferreira;4.03
26295;Marina Melo Melo;1.04
11106;Luiza Ribeiro Rodrigues;6.71
7357;Anna Almeida Correia;3.32
19663;Manuela Ribeiro Silva;3.74
1667;Samuel Martins Dias;3.36
16277;Daniel Azevedo Araujo;9.07
21513;Giovana Dias Lima;5.15
6454;Amanda Souza Barros;8.83
28680;Gabriela Dias Pinto;7.74
27743;Mateus Pinto Santos;7.68
23254;Vitória Sousa Santos;8.82
6010;Danilo Costa Ribeiro;4.90
2756;Raissa Melo Barros;8.89
26167;Samuel Rocha Pereira;7.40
20563;Anna Azevedo Costa;4.75
28740;Felipe Martins Costa;6.68
9099;Ágatha Cardoso Pereira;0.07
3858;Luís Silva Martins;0.74
11981;Fernanda Martins Cardoso;3.68
23587;Rafael Souza Carvalho;5.35
6874;Júlia Gomes Correia;1.49
3345;Júlia Cavalcanti Oliveira;1.90
19175;Kauê Lima Barros;1.85
3570;Sophia Pinto Cardoso;1.07
23947;Ryan Souza Silva;6.33
19524;Letícia Barbosa Almeida;2.39
11198;Eduardo Rodrigues Dias;9.19
25426;André Melo Cunha;8.06
14887;Miguel Cunha Lima;3.86
6563;Amanda Ferreira Lima;3.17
28399;Luan Barros Goncalves;9.14
20762;Rafaela Martins Carvalho;4.52
15410;Miguel Barros Carvalho;9.54
15061;Eduarda Cunha Fernandes;7.15
20022;Beatriz Barbosa Pereira;8.04
2264;Gabriela Rocha Correia;0.14
6154;Melissa Alves Araujo;2.50
28147;João Melo Correia;0.75
15322;Joao Ferreira Souza;8.10
27390;Douglas Pereira Sousa;5.87
10229;Kauê Dias Castro;8.85
5052;Letícia Souza Pereira;2.90
26588;Rafaela Araujo Santos;3.16
11675;Bianca Castro Souza;4.45
27449;Rodrigo Silva Goncalves;6.97
16992;Kai Castro Dias;6.08
19236;Nicole Almeida Santos;1.69
3824;Gabrielly Silva Correia;1.99
29281;Vitór Goncalves Dias;0.80
7622;Douglas Castro Azevedo;8.06
4615;Gustavo Cardoso Dias;3.16
9076;Rafaela Silva Lima;3.02
12322;Breno Cavalcanti Silva;9.03
22289;Samuel Rocha Correia;6.24
6794;Vitória Santos Rocha;3.38
7838;Larissa Pereira Silva;5.66
3033;Julieta Rodrigues Barros;0.19
16963;Daniel Goncalves Silva;5.60
2645;Matheus Goncalves Martins;7.43
5369;Victor Cunha Carvalho;8.02
749;Vinícius Ribeiro Alves;3.30
6837;Murilo Santos Souza;3.19
4228;Rodrigo Ribeiro Dias;7.73
25109;Maria Goncalves Oliveira;0.10
19069;Alice Pereira Cavalcanti;9.25
4254;Matheus Dias Souza;6.83
23583;Gabrielle Cavalcanti Ribeiro;6.42
16047;Luís Pereira Costa;1.75
7245;Gabrielle Alves Pinto;0.55
14351;Bruno Cavalcanti Fernandes;7.33
25819;Samuel Melo Carvalho;1.42
49;Tiago Ferreira Ferreira;0.16
15485;Ana Dias Fernandes;5.46
10230;Lara Pereira Cunha;2.16
20004;Julia Rocha Martins;1.28
10494;Tomás Pereira Silva;5.12
28461;Sofia Araujo Carvalho;3.44
5327;Amanda Correia Alves;3.23
22343;Emily Silva Barros;4.45
9491;Mateus Barros Castro;4.89
17747;Camila Costa Rocha;5.19
3373;Nicole Dias Correia;2.31
29505;Kaua Ribeiro Cunha;5.33
12429;Emilly Azevedo Almeida;0.62
27046;Enzo Rocha Pinto;3.95
4641;Kauan Souza Ferreira;2.56
16983;Julian Melo Almeida;6.20
8935;Antônio Cardoso Rodrigues;9.46
11944;Pedro Fernandes Souza;8.69
16703;Luana Martins Rocha;7.86
28915;Evelyn Goncalves Melo;5.21
26925;Gabrielly Pereira Correia;2.56
8161;Tânia Cardoso Melo;1.19
14317;Beatriz Pereira Pereira;4.72
26823;Rodrigo Pereira Cunha;2.93
26043;Igor Pinto Ribeiro;3.99
27088;Leonardo Goncalves Silva;3.96
15599;Tomás Santos Sousa;0.26
4051;Thaís Barbosa Rodrigues;8.20
20425;Maria Pereira Pinto;6.88
17645;Luiza Oliveira Santos;8.03
10248;Miguel Lima Melo;3.16
22499;Marisa Araujo Barbosa;7.98
24116;Brenda Lima Goncalves;1.09
2213;Fernanda Sousa Ferreira;1.26
29561;Amanda Martins Melo;8.26
13640;Alex Barros Dias;9.30
29785;Carolina Barbosa Costa;2.82
15878;Eduarda Pereira Ribeiro;6.38
29889;Caio Araujo Rodrigues;8.12
2925;Miguel Pereira Cardoso;1.70
28710;Isabelle Cardoso Pereira;1.04
16465;Alice Carvalho Cavalcanti;2.41
3716;Tomás Ribeiro Martins;5.16
26013;Rebeca Dias Ribeiro;5.34
22042;Martim Oliveira Lima;9.36
10481;Marina Pereira Martins;4.66
4598;Gabriela Lima Pinto;3.91
19645;Bruno Martins Carvalho;7.50
8729;Douglas Azevedo Goncalves;6.88
29145;Yasmin Dias Costa;6.17
1862;Gabrielly Pinto Lima;3.54
29771;Leonardo Santos Cavalcanti;8.94
2052;Sarah Oliveira Castro;4.99
9623;Júlio Fernandes Castro;7.60
15193;Vitór Pereira Ferreira;8.94
25998;Leonardo Dias Pereira;6.94
6559;Murilo Cunha Castro;3.61
20221;Diogo Melo Cavalcanti;1.45
6426;Sarah Fernandes Cunha;9.51
9655;Paulo Oliveira Costa;8.58
27025;Leonardo Azevedo Araujo;2.62
19504;Arthur Barros Barbosa;2.13
24345;Pedro Carvalho Ferreira;1.10
3261;Giovana Lima Ribeiro;6.59
168;Kauan Goncalves Sousa;6.81
3621;Luís Castro Lima;0.23
6792;Luís Ferreira Rodrigues;9.11
22936;Renan Gomes Souza;6.48
22904;Luiza Oliveira Rodrigues;6.20
22865;Brenda Goncalves Cunha;5.99
8090;Gabriela Ferreira Araujo;4.33
33;Gustavo Oliveira Pereira;6.31
7199;Melissa Souza Costa;5.91
15509;Ryan Barros Carvalho;4.20
10828;Gabrielly Pinto Rocha;1.58
19412;Felipe Ribeiro Santos;2.95
20333;Vitoria Azevedo Barros;7.66
14155;Aline Azevedo Costa;0.20
27883;Giovana Castro Azevedo;7.20
12044;Alice Cunha Almeida;7.49
28135;Vinícius Correia Cardoso;1.30
19595;Giovana Costa Melo;0.81
17694;Daniel Azevedo Rodrigues;5.26
29360;Júlio Cavalcanti Souza;5.76
5119;Miguel Castro Castro;2.24
11818;Eduarda Araujo Castro;2.06
22296;Julieta Barros Ribeiro;2.33
20898;Emilly Azevedo Santos;7.38
5736;Manuela Sousa Sousa;4.77
7025;Júlio Barros Oliveira;8.50
13350;Júlio Oliveira Martins;0.77
3173;Enzo Sousa Cavalcanti;3.41
8235;Matilde Correia Martins;1.23
29258;Livia Carvalho Alves;3.60
15867;Gabrielly Melo Pinto;2.30
10940;Lara Rocha Azevedo;9.22
27951;Julian Cavalcanti Sousa;7.39
24134;Victor Fernandes Martins;7.25
4898;Carla Santos Barros;8.95
22608;Thiago Barros Lima;1.08
4449;Júlia Martins Barbosa;8.37
18652;Rodrigo Correia Rocha;3.48
8718;Ryan Costa Cunha;0.93
14353;Gabriela Souza Pinto;8.91
2820;Leonor Barros Cunha;6.08
27537;Lara Rodrigues Santos;6.17
28679;Isabella Ribeiro Pereira;5.30
24640;Otávio Alves Correia;0.06
1063;Marisa Dias Costa;9.82
27246;Julieta Alves Carvalho;6.63
29262;Beatriz Martins Correia;1.73
16897;Laura Alves Araujo;0.90
14656;Anna Pereira Rocha;2.20
26513;Davi Barbosa Castro;7.84
29879;Clara Castro Costa;4.90
10168;Beatriz Silva Silva;0.32
12673;Raissa Castro Barros;4.78
24703;Beatriz Rocha Cardoso;1.16
13866;Miguel Correia Sousa;6.28
17338;Yasmin Goncalves Pereira;6.80
16596;Beatrice Gomes Araujo;7.22
2663;Mariana Gomes Cardoso;6.60
25112;Leonardo Rodrigues Pinto;4.08
14380;Beatrice Castro Carvalho;3.77
29438;Bruna Ribeiro Rodrigues;8.50
3286;Yasmin Rodrigues Araujo;2.52
9078;Gabrielly Ferreira Ribeiro;8.06
22139;Vitor Melo Cunha;2.16
19071;Luis Alves Araujo;4.93
13437;Laura Cavalcanti Carvalho;7.02
17710;Emilly Carvalho Martins;5.22
2440;Júlia Araujo Cardoso;6.06
18857;Fernanda Souza Goncalves;0.01
15560;Melissa Gomes Silva;2.98
4019;Giovanna Ferreira Souza;1.47
683;Paulo Martins Carvalho;1.77
20454;Clara Dias Sousa;5.11
18246;Bianca Melo Rocha;1.80
14773;Julieta Rocha Cavalcanti;2.56
16237;Antônio Barbosa Pinto;0.68
24458;Camila Silva Dias;8.94
12254;Mariana Alves Santos;4.61
6940;Rodrigo Dias Correia;4.10
13086;Kauan Silva Gomes;5.81
25876;Thaís Cardoso Fernandes;2.84
23606;Rodrigo Barbosa Melo;5.07
11543;Kaua Melo Souza;5.73
4442;Manuela Barros Santos;3.85
29290;Victor Araujo Cavalcanti;6.05
1874;Leonor Ribeiro Castro;7.45
10829;André Sousa Araujo;8.65
27983;Lavinia Cavalcanti Goncalves;0.05
5177;Yasmin Fernandes Cunha;7.55
1540;Luis Alves Ferreira;9.61
21058;Ágatha Ferreira Castro;7.23
6841;Diego Pinto Rocha;3.11
25467;Júlia Cavalcanti Costa;8.74
8105;Eduarda Cunha Correia;8.61
27754;Bruno Dias Carvalho;6.07
21326;Amanda Oliveira Barros;9.27
16197;Daniel Ferreira Dias;2.26
13072;Emily Sousa Sousa;9.35
22279;Giovana Oliveira Barbosa;4.81
320;Daniel Melo Costa;2.99
27067;Eduardo Oliveira Cardoso;7.61
27739;Emily Ribeiro Almeida;7.19
22651;Luiza Lima Cavalcanti;2.94
17078;Igor Cavalcanti Cavalcanti;2.40
22736;Gabriel Lima Cunha;8.10
26927;Lara Souza Oliveira;4.26
7073;Isabella Castro Silva;1.00
1943;Breno Ferreira Azevedo;6.54
15342;Amanda Lima Silva;3.59
27059;Isabelle Barros Cardoso;2.27
2144;Leila Castro Alves;6.13
2838;Mateus Alves Cunha;7.39
1068;Leonardo Araujo Martins;3.89
12435;Kaua Ribeiro Barros;4.90
20613;Melissa Pereira Silva;3.85
14735;Melissa Rocha Dias;0.82
22569;Gabrielly Gomes Ribeiro;2.70
7322;Luís Cunha Dias;3.81
979;Rafael Alves Pinto;1.43
3051;Amanda Rocha Castro;9.94
12259;Lucas Cavalcanti Barros;6.39
28219;Danilo Barbosa Gomes;1.15
11654;Sarah Oliveira Ribeiro;8.16
6372;Luan Oliveira Souza;3.83
17321;Larissa Pereira Fernandes;5.76
29106;André Souza Cavalcanti;4.92
25678;Douglas Carvalho Lima;2.94
2812;Lucas Barbosa Silva;7.97
22120;Matheus Alves Cardoso;4.16
7290;Julian Ferreira Carvalho;6.43
15890;Bianca Araujo Castro;0.34
18982;Brenda Correia Alves;0.99
11965;Igor Ribeiro Martins;1.81
22647;Gabrielly Silva Dias;3.99
27979;Lucas Cardoso Cavalcanti;2.47
11597;Murilo Pereira Sousa;9.91
14987;Vitor Cavalcanti Barros;0.15
4323;Arthur Araujo Silva;3.64
8544;Clara Rodrigues Ribeiro;0.10
12898;Tânia Sousa Souza;7.50
8977;Maria Carvalho Fernandes;0.50
23683;Thiago Ribeiro Silva;3.01
6006;Marcos Sousa Araujo;3.02
14441;Júlio Pinto Fernandes;6.64
17825;Arthur Fernandes Cunha;5.91
1390;Guilherme Almeida Alves;3.90
19002;Miguel Ferreira Ferreira;9.98
27052;Douglas Cavalcanti Cavalcanti;6.37
6292;Vinicius Rodrigues Alves;7.44
6283;Isabela Ferreira Melo;2.44
4925;Gabrielly Araujo Carvalho;5.43
11696;Nicole Cunha Dias;8.46
24975;Kai Carvalho Costa;1.29
27480;Rafael Costa Souza;3.62
20752;Rebeca Correia Pinto;8.22
20551;Rafael Cardoso Santos;6.61
25924;Gabriela Santos Costa;5.64
837;Erick Sousa Carvalho;1.58
7032;Gabrielle Martins Ferreira;9.55
23062;Tânia Santos Barbosa;2.73
14745;Diogo Costa Sousa;9.64
25420;Rafaela Carvalho Melo;1.35
19290;Nicolash Correia Barros;2.52
22812;Victor Barbosa Alves;4.07
9436;Otávio Silva Ribeiro;3.04
1751;Caio Rodrigues Martins;2.01
64;Letícia Lima Ferreira;5.72
18385;Kauê Rodrigues Cavalcanti;8.90
13694;Giovana Goncalves Goncalves;3.82
2622;Eduardo Gomes Dias;2.73
28827;Enzo Oliveira Castro;4.63
988;Felipe Ferreira Gomes;9.11
6766;Vinicius Araujo Azevedo;0.64
22077;Alice Ribeiro Ferreira;6.89
27410;Melissa Cavalcanti Martins;1.54
17283;Lavinia Gomes Melo;9.93
2676;Rafaela Almeida Cunha;7.90
7102;Marina Martins Barros;5.49
14531;Carolina Costa Correia;5.55
21178;Tiago Azevedo Sousa;7.34
291;Miguel Fernandes Goncalves;2.55
21895;Carla Pinto Rocha;7.25
14961;Vitór Costa Rocha;8.63
14649;Camila Cavalcanti Castro;8.14
9961;Tomás Gomes Dias;6.78
24828;João Melo Silva;9.43
18556;Breno Correia Almeida;8.16
171;Nicole Rocha Cavalcanti;5.99
19028;Fábio Pereira Pinto;5.57
26989;Matilde Lima Fernandes;9.74
12987;Leonardo Alves Oliveira;9.42
24860;Bianca Pinto Araujo;0.27
26938;Luana Costa Alves;7.47
27126;Rafaela Rocha Barbosa;5.97
26460;Breno Cardoso Correia;7.12
3701;Beatriz Rodrigues Ferreira;4.88
5217;Letícia Melo Barbosa;0.18
16780;Antônio Santos Pereira;1.14
2793;Carlos Santos Lima;1.97
3313;Luan Lima Pereira;2.50
14514;Diego Rocha Barbosa;7.12
17195;João Silva Fernandes;4.90
11452;Beatrice Araujo Cavalcanti;3.36
15441;Aline Ribeiro Martins;7.49
563;Sofia Cardoso Cunha;6.93
16407;Paulo Pinto Dias;1.09
16770;Kai Goncalves Ribeiro;6.29
16721;Giovanna Rocha Ferreira;2.98
24288;Samuel Castro Cunha;9.37
29385;Alice Sousa Cavalcanti;3.85
15986;Marina Araujo Souza;3.82
11841;Evelyn Azevedo Pinto;2.96
6085;Isabela Correia Sousa;8.21
27777;Rodrigo Rocha Alves;6.64
25963;Samuel Dias Santos;8.86
18568;Luiz Barros Rocha;4.12
22002;Danilo Araujo Pinto;3.17
4212;Kai Lima Cavalcanti;0.64
18666;Livia Costa Barros;7.77
18392;Rodrigo Almeida Barros;9.94
5014;Bruno Dias Azevedo;8.61
14888;Isabela Ferreira Barbosa;4.54
26037;Fernanda Pereira Alves;8.73
24047;Laura Gomes Cardoso;3.39
18815;Caio Melo Santos;8.61
2236;Rodrigo Sousa Alves;1.52
28035;Raissa Ribeiro Correia;9.09
25946;Estevan Costa Cunha;2.29
3535;Renan Martins Lima;5.66
3639;Vitoria Rocha Barbosa;6.28
27018;Thiago Rocha Araujo;0.81
2079;Tomás Costa Rocha;9.41
9786;Rebeca Cunha Barbosa;5.61
15750;Luiza Costa Alves;0.67
7246;Fábio Oliveira Cunha;8.71
15331;Marcos Gomes Lima;8.65
23066;Luana Costa Rodrigues;7.62
15299;Ágatha Cardoso Ribeiro;9.68
4085;Diogo Gomes Souza;1.27
21822;Vinicius Oliveira Correia;8.35
22726;Giovana Alves Almeida;5.49
12597;Isabella Cunha Santos;2.64
5801;Marcos Almeida Dias;8.65
18239;João Carvalho Martins;9.76
20293;Tânia Cardoso Rocha;2.30
16876;Rodrigo Rodrigues Dias;4.67
20900;Leonor Correia Ferreira;2.93
5434;Leonardo Pereira Sousa;6.98
1899;Kauê Castro Souza;2.81
7645;Martim Alves Goncalves;1.20
13985;Raissa Melo Correia;1.21
1126;Beatrice Martins Azevedo;9.74
22169;Davi Cavalcanti Lima;4.88
24114;Aline Fernandes Sousa;4.95
19245;Victor Sousa Cunha;6.70
687;Bruno Costa Ferreira;9.66
7861;Brenda Pinto Ribeiro;9.76
20720;Eduarda Barros Lima;9.16
14911;Sofia Martins Souza;1.80
10423;Ryan Costa Lima;4.17
15565;Tomás Dias Fernandes;2.80
29846;Rafaela Almeida Almeida;4.14
26403;Douglas Pereira Castro;5.68
11051;Erick Rodrigues Cavalcanti;0.47
22477;Julieta Silva Dias;1.54
7313;Igor Sousa Souza;1.04
12470;Laura Melo Martins;4.01
21386;José Alves Cardoso;6.41
6585;Bruna Goncalves Souza;3.92
3430;Julieta Araujo Souza;3.83
19642;Matheus Cunha Correia;8.44
578;Evelyn Ribeiro Sousa;4.32
12405;Raissa Sousa Goncalves;2.48
10107;Leonor Silva Sousa;9.40
20295;Erick Pinto Cavalcanti;1.20
9195;Emily Melo Cardoso;0.71
18001;Amanda Pereira Martins;0.38
23026;Luiza Santos Sousa;3.25
21379;Julieta Souza Goncalves;3.10
20263;Luan Cunha Almeida;7.52
27753;Anna Alves Sousa;2.70
19381;Guilherme Carvalho Fernandes;7.77
18695;Nicolas Dias Cunha;0.42
29037;Nicolash Almeida Dias;6.90
6548;Letícia Araujo Lima;6.26
4178;Luís Fernandes Fernandes;7.70
71;Eduarda Cunha Cunha;4.15
22334;Marisa Cavalcanti Ferreira;1.02
13942;Clara Lima Martins;1.07
24221;Carla Santos Melo;4.28
1446;Carla Barbosa Ferreira;1.75
29204;Laura Pinto Santos;7.74
19925;André Cardoso Santos;6.77
9973;Cauã Ribeiro Costa;0.43
18338;Rafael Dias Gomes;1.93
18489;Paulo Barros Souza;0.40
25337;Arthur Pereira Fernandes;9.13
11449;Arthur Goncalves Cunha;7.88
16473;Tânia Dias Fernandes;2.98
6896;Ágatha Fernandes Barros;2.23
6899;Clara Azevedo Melo;1.67
4368;Igor Pinto Dias;9.16
6868;Samuel Cavalcanti Lima;2.01
1588;Giovanna Martins Sousa;6.92
16420;Erick Alves Ribeiro;5.96
25967;Letícia Santos Barros;4.14
28570;Martim Gomes Pereira;7.40
15749;André Goncalves Costa;8.20
26840;Victor Silva Rodrigues;3.03
6795;Beatriz Azevedo Correia;4.73
5097;Miguel Carvalho Barbosa;1.06
5540;Nicolas Martins Castro;5.26
16939;Joao Correia Alves;6.18
17384;Danilo Lima Silva;8.56
14080;Júlio Lima Pereira;3.65
21014;André Barros Souza;0.23
15678;Gabrielly Pereira Fernandes;3.95
18969;Rafaela Goncalves Ribeiro;9.25
6251;Matheus Castro Melo;8.69
23689;André Rocha Araujo;6.77
16114;Gustavo Rodrigues Souza;3.09
24448;Larissa Silva Dias;7.89
28474;Ryan Souza Cardoso;8.82
29769;Aline Cavalcanti Barros;3.95
16528;André Alves Correia;0.70
2783;Rodrigo Martins Sousa;3.04
21299;Murilo Almeida Rodrigues;5.98
26526;André Sousa Fernandes;9.56
27039;Gabriela Barros Silva;3.99
13742;Victor Castro Dias;6.43
6547;Lara Barros Alves;4.35
9593;Kauã Araujo Ribeiro;2.85
11244;Marisa Sousa Barbosa;5.31
12348;Lucas Costa Pereira;3.86
11195;Bianca Almeida Rodrigues;1.70
22427;Vitór Cunha Cavalcanti;5.47
9290;José Costa Cavalcanti;5.97
15488;Enzo Santos Fernandes;6.67
22964;Tomás Goncalves Gomes;2.37
23096;Eduardo Souza Martins;6.53
28732;Gustavo Oliveira Fernandes;7.15
3741;Rebeca Goncalves Barbosa;4.31
17994;Guilherme Cunha Dias;7.57
11610;Antônio Costa Goncalves;0.62
701;Ágatha Cunha Cardoso;7.92
16962;Enzo Alves Almeida;6.11
15972;Vinicius Azevedo Cavalcanti;7.23
25817;Livia Dias Sousa;5.90
10934;Nicolas Alves Azevedo;1.48
10765;Mateus Cunha Pinto;8.41
6015;Vinícius Ferreira Ribeiro;8.08
16005;Antônio Ribeiro Silva;3.08
9826;Eduarda Pereira Souza;0.80
7227;Eduarda Azevedo Pereira;9.05
3948;Isabella Dias Martins;5.40
20159;Rafaela Cavalcanti Goncalves;5.15
11262;Ana Araujo Melo;5.54
11307;Melissa Rodrigues Ribeiro;5.61
24136;Larissa Dias Dias;3.68
28712;Alex Sousa Almeida;2.06
29750;Victor Cavalcanti Barbosa;4.91
5342;Matheus Barbosa Ferreira;7.30
20044;Ryan Pereira Ribeiro;8.34
860;Emily Pinto Fernandes;0.22
13870;Matheus Costa Carvalho;4.17
4661;Raissa Pinto Azevedo;9.48
3160;Lara Lima Goncalves;3.27
13878;Kai Ferreira Castro;2.97
23389;Thaís Ferreira Carvalho;7.49
12110;Pedro Cardoso Almeida;5.31
23513;Joao Pinto Rocha;5.69
1424;Diego Carvalho Cunha;1.09
12620;Ana Cardoso Ferreira;5.38
15755;Bruno Carvalho Barbosa;6.34
29253;Carla Barbosa Ribeiro;6.33
20667;André Alves Cunha;4.36
20396;Tomás Barbosa Souza;4.64
20320;Matilde Alves Santos;3.41
25129;Fábio Dias Martins;9.51
17627;Emilly Pinto Cardoso;5.84
20617;Marisa Cardoso Ferreira;9.46
21480;Emily Goncalves Almeida;4.20
28634;Marisa Pereira Barros;7.08
19087;Luis Cardoso Silva;1.44
8219;Beatriz Correia Costa;3.65
10513;Lara Cardoso Goncalves;6.34
25886;Ágatha Correia Carvalho;9.60
27279;Rebeca Cavalcanti Silva;2.15
7249;Cauã Cardoso Cavalcanti;0.40
12747;Vitoria Barros Rodrigues;5.88
1519;Beatriz Alves Barros;3.83
29112;Victor Gomes Alves;3.26
11596;Livia Fernandes Santos;2.72
17318;Bruna Rodrigues Goncalves;1.57
2664;Renan Gomes Sousa;5.69
21117;Vitor Pinto Goncalves;9.14
17783;Tomás Rodrigues Cunha;1.44
3573;Beatriz Rocha Barros;4.63
26328;Carolina Santos Alves;0.33
10217;José Azevedo Costa;3.66
15673;Anna Sousa Almeida;7.54
14730;Marcos Cunha Melo;5.45
1799;Ana Barbosa Costa;4.32
28432;Carlos Ferreira Goncalves;5.80
3796;Diego Sousa Alves;7.54
4633;Evelyn Cardoso Lima;5.54
6098;Emily Pinto Goncalves;9.72
14984;Julia Fernandes Almeida;6.45
820;Davi Oliveira Martins;7.71
25527;Gabrielle Fernandes Almeida;9.08
28020;Lara Cardoso Pereira;6.97
20196;Camila Rocha Barros;1.82
5377;Nicole Melo Costa;3.61
6715;André Dias Ribeiro;3.60
22589;Leonor Goncalves Castro;0.50
14575;Miguel Barros Ferreira;3.43
1244;Beatrice Santos Pereira;5.90
18769;Thaís Barbosa Lima;7.69
6391;Igor Gomes Almeida;4.32
2322;Clara Barros Almeida;9.24
19399;Lucas Castro Castro;3.61
25073;Beatrice Ribeiro Rocha;5.97
22835;Beatriz Sousa Cardoso;5.27
9636;Diogo Azevedo Almeida;5.13
28977;Raissa Martins Fernandes;8.88
11804;Larissa Cunha Oliveira;4.14
26077;Kauan Rocha Fernandes;9.72
6770;Beatriz Gomes Martins;0.15
24629;Alex Oliveira Almeida;6.48
22484;Rafaela Rodrigues Pereira;8.11
4372;Gabriel Gomes Sousa;1.54
14570;Martim Correia Barbosa;3.80
22183;Cauã Rocha Rodrigues;9.06
1222;Tânia Cavalcanti Ferreira;8.15
15359;Isabella Barros Costa;4.55
388;Ágatha Ferreira Cardoso;5.91
20527;Júlia Sousa Martins;9.33
7757;Evelyn Dias Martins;8.64
24090;Manuela Araujo Azevedo;8.03
3428;Rebeca Ferreira Correia;6.62
5845;Joao Cunha Gomes;0.53
9682;Alice Castro Souza;4.47
2555;Alex Lima Costa;0.99
26795;Brenda Sousa Ribeiro;5.22
25759;Sofia Rocha Cavalcanti;9.19
3369;Gabrielly Almeida Castro;1.65
20766;Kauê Carvalho Goncalves;0.72
26541;Bruno Rocha Costa;5.03
26606;Gabrielly Pinto Pereira;4.39
26642;Victor Silva Gomes;1.84
26864;Felipe Costa Silva;7.81
18222;Vinicius Lima Barbosa;8.04
26466;Daniel Correia Cavalcanti;1.95
5726;Marisa Ferreira Barros;5.54
19094;Vitoria Barbosa Correia;1.07
1183;Nicolash Cavalcanti Araujo;6.73
12115;Gabriel Ferreira Ribeiro;4.12
8206;Ana Ferreira Carvalho;7.06
3645;Laura Oliveira Cunha;5.77
6538;João Barbosa Sousa;3.92
6507;Manuela Pinto Goncalves;6.31
1097;Letícia Souza Pereira;7.56
26203;Kauan Rocha Araujo;0.07
8087;Marina Barros Carvalho;0.65
17489;Gabrielly Araujo Goncalves;1.95
16730;Camila Almeida Cavalcanti;6.27
15757;Emilly Araujo Rodrigues;9.45
7280;Fábio Goncalves Lima;2.47
23857;Paulo Araujo Carvalho;7.58
14722;Vitór Correia Azevedo;0.20
18115;Victor Almeida Santos;8.61
5471;Brenda Almeida Ribeiro;1.33
24023;Kauan Castro Dias;5.57
15434;Enzo Barros Azevedo;5.68
13783;Lucas Cunha Souza;7.02
8556;Isabella Castro Araujo;9.61
23392;Vitória Gomes Azevedo;6.29
8412;Danilo Fernandes Rocha;7.12
18326;Luan Goncalves Fernandes;5.75
27698;Otávio Fernandes Pereira;7.48
9646;Breno Fernandes Oliveira;8.73
13542;Melissa Carvalho Azevedo;7.24
23768;Giovanna Barbosa Ferreira;1.56
20963;Breno Silva Goncalves;7.59
1545;Vitor Barros Almeida;8.05
24484;Julieta Rocha Santos;6.82
3444;Gabriela Rocha Pinto;3.83
20062;Raissa Cunha Correia;6.06
9707;Ryan Oliveira Gomes;2.30
29045;Livia Cardoso Pereira;5.50
23777;Julieta Fernandes Azevedo;5.30
10294;Rafael Barros Gomes;6.40
19388;Otávio Melo Costa;6.15
27620;Gustavo Ferreira Santos;9.56
14662;Kauan Gomes Barbosa;3.53
20452;Rafaela Pinto Almeida;1.03
6046;Vitória Castro Pinto;3.42
6188;Evelyn Correia Almeida;5.29
19106;Gabriel Martins Barbosa;3.49
21912;Luana Silva Carvalho;8.08
19083;Evelyn Fernandes Ribeiro;2.18
22851;Renan Martins Pinto;1.85
22323;Eduardo Alves Pereira;5.58
3532;Rafael Lima Dias;2.29
4863;Amanda Dias Souza;1.67
12232;Nicolas Correia Cardoso;8.25
20373;Isabella Martins Fernandes;2.92
9003;Sarah Cavalcanti Santos;4.03
2513;Joao Carvalho Costa;6.70
26924;Marina Barbosa Melo;7.35
24636;Isabelle Souza Azevedo;5.64
25858;Emily Rocha Araujo;9.04
28289;Kauê Cardoso Souza;7.13
4928;Beatriz Alves Dias;5.13
23825;Matilde Gomes Souza;6.73
19977;Joao Dias Santos;6.95
4488;Kauê Barros Barbosa;5.39
5285;Emilly Martins Oliveira;1.05
1727;Davi Melo Rocha;5.80
8256;Vinicius Fernandes Dias;7.60
16365;Mariana Correia Silva;9.71
3375;Livia Oliveira Costa;0.43
3341;Melissa Lima Costa;5.65
6002;Beatrice Oliveira Rodrigues;6.58
16910;Vinicius Carvalho Lima;1.82
17037;Lavinia Lima Alves;6.28
15780;Nicolash Araujo Barbosa;8.63
1403;Marcos Rocha Santos;5.46
15036;Raissa Rodrigues Souza;9.25
7648;Nicolas Goncalves Oliveira;0.52
6907;Eduarda Rocha Araujo;0.68
16814;Kauê Souza Dias;4.45
3190;Nicole Sousa Castro;8.38
23108;Guilherme Cavalcanti Sousa;4.61
24465;Fábio Rocha Lima;8.32
4324;Emilly Barros Almeida;5.21
5608;Daniel Lima Pereira;2.28
18799;Joao Oliveira Azevedo;4.27
5489;Sarah Ribeiro Castro;4.10
18168;Giovanna Castro Ribeiro;7.29
3493;Thiago Barros Gomes;8.39
5910;Leila Souza Ribeiro;5.97
26169;Camila Rodrigues Almeida;8.80
7779;Lavinia Cunha Melo;6.89
23351;Emily Silva Cardoso;1.06
13128;Alex Barros Costa;5.73
27195;Martim Santos Pereira;3.48
27346;Tomás Sousa Cardoso;3.81
5279;Marisa Correia Cardoso;1.53
2974;Isabella Azevedo Pereira;3.72
21764;Ágatha Dias Ferreira;5.69
5997;Igor Pereira Souza;9.15
29426;André Cunha Rocha;0.67
6736;Antônio Cavalcanti Alves;9.74
14810;Vitor Cavalcanti Rodrigues;5.34
13061;Arthur Melo Sousa;4.56
13369;Sophia Almeida Goncalves;4.74
22262;Julieta Castro Melo;2.14
15134;Nicole Almeida Rocha;6.84
16544;Lucas Rocha Correia;0.17
9392;Marcos Barros Sousa;2.01
22661;Raissa Costa Dias;3.33
258;Matilde Santos Oliveira;8.85
28284;Leonardo Correia Lima;8.02
22537;Estevan Santos Pereira;0.88
29445;Thaís Correia Azevedo;4.98
27745;Lucas Sousa Castro;8.12
4255;Victor Fernandes Azevedo;3.47
17303;Giovanna Martins Lima;5.73
20582;Ryan Costa Martins;3.03
17268;Joao Oliveira Dias;9.68
21050;Alice Araujo Carvalho;0.34
29223;Douglas Ribeiro Cunha;7.58
21908;Emilly Carvalho Goncalves;7.02
5549;Rodrigo Santos Barros;3.98
12186;Eduarda Fernandes Barros;0.42
12107;Leonardo Ferreira Cardoso;2.95
7740;Luis Goncalves Lima;8.27
29206;Renan Barros Oliveira;2.81
13658;Marina Melo Cavalcanti;3.23
21168;Joao Carvalho Sousa;1.04
4429;Maria Sousa Dias;6.36
19827;Nicole Melo Rodrigues;0.81
1803;Lucas Carvalho Oliveira;1.39
18619;Júlio Almeida Fernandes;5.84
27484;Luan Sousa Gomes;6.29
10215;Pedro Pereira Silva;5.49
15779;Giovanna Barbosa Goncalves;7.22
8357;Giovanna Melo Santos;4.23
7708;Fábio Rocha Santos;7.98
23800;Marisa Gomes Costa;9.81
14299;Leonardo Carvalho Lima;1.00
18363;Brenda Pinto Goncalves;8.87
17474;Isabelle Alves Dias;7.60
14513;Danilo Araujo Ribeiro;1.40
16738;Samuel Alves Melo;0.29
12855;Júlia Cardoso Rodrigues;2.63
15138;Júlia Cardoso Santos;5.76
26861;Tiago Lima Gomes;5.22
17624;Breno Pereira Pinto;9.83
1909;Luan Martins Cavalcanti;1.83
8227;André Carvalho Pereira;3.86
8760;Vitória Gomes Correia;4.94
8147;Rebeca Costa Cavalcanti;8.62
25828;Antônio Barros Sousa;9.92
340;Bianca Silva Araujo;4.25
21211;Manuela Correia Pereira;0.07
944;Fábio Rodrigues Azevedo;7.45
26319;Maria Lima Cavalcanti;9.10
14833;Kauan Rocha Araujo;5.67
8144;Luana Barbosa Correia;2.31
27446;Lucas Oliveira Lima;2.08
11589;Martim Dias Oliveira;7.98
16937;Julian Gomes Lima;8.84
30000;Marisa Barros Carvalho;1.35
19367;Pedro Pinto Alves;5.71
10124;Breno Almeida Araujo;0.40
12150;Marina Cardoso Rodrigues;6.74
12329;Gabrielly Correia Cunha;4.40
29966;Larissa Souza Azevedo;9.07
12545;Martim Alves Gomes;8.89
1444;Guilherme Almeida Azevedo;3.19
14877;Livia Barbosa Cavalcanti;9.66
16252;Igor Santos Fernandes;5.43
845;Sophia Sousa Correia;3.16
29837;Fábio Barbosa Ribeiro;6.96
11100;Mateus Castro Cunha;9.55
18383;Lucas Fernandes Pinto;4.37
13230;Luís Oliveira Almeida;9.81
19867;Luís Barbosa Fernandes;7.42
15990;Kai Pinto Correia;0.57
3225;Leonor Sousa Sousa;1.72
2316;Gabriela Pereira Santos;9.98
7120;Sophia Castro Costa;4.24
3128;Letícia Rocha Silva;5.01
20517;Nicole Souza Sousa;0.02
29968;Vinicius Gomes Gomes;5.59
6786;Ana Carvalho Ferreira;9.24
27738;Diego Silva Azevedo;4.17
11250;João Rocha Almeida;0.96
18020;Rebeca Sousa Costa;9.19
27968;Cauã Barros Barbosa;9.12
6319;Samuel Sousa Barbosa;5.64
16275;Emilly Fernandes Santos;4.18
17763;Carolina Ferreira Lima;4.65
3454;Gabriel Oliveira Azevedo;2.17
752;Erick Sousa Araujo;9.63
22470;Rafaela Araujo Barbosa;3.32
28247;Júlio Ribeiro Martins;2.51
649;Larissa Fernandes Oliveira;9.40
15925;Lavinia Cunha Rodrigues;7.35
26664;Rafael Castro Dias;4.41
5157;Thiago Santos Barbosa;1.96
3662;Rafaela Carvalho Sousa;1.16
20250;Vitoria Pinto Martins;0.44
6344;Giovana Dias Pinto;7.26
6970;Marisa Almeida Souza;4.76
27774;Letícia Costa Cavalcanti;0.38
4926;Tiago Cavalcanti Araujo;1.29
25078;Evelyn Oliveira Alves;0.72
28583;Alice Martins Souza;3.80
1457;Yasmin Souza Fernandes;0.42
11097;Kauê Melo Cardoso;2.92
27607;Julieta Souza Santos;2.68
2829;Rodrigo Rodrigues Barbosa;5.91
27419;Lucas Pinto Pereira;8.51
19744;Otávio Martins Fernandes;3.84
25677;Nicolas Almeida Correia;0.18
22512;Isabelle Azevedo Alves;0.93
28940;Ana Correia Fernandes;7.99
11463;Isabelle Fernandes Barros;7.03
29584;Raissa Dias Goncalves;6.39
29522;Nicolash Castro Gomes;1.44
9696;Júlio Fernandes Ferreira;0.63
15452;Fábio Lima Pinto;8.75
9269;Fernanda Araujo Costa;5.78
12299;Martim Alves Azevedo;4.79
20358;Anna Pereira Alves;8.65
29937;Luiza Oliveira Castro;2.30
29635;Leonor Rocha Almeida;2.81
18240;Larissa Fernandes Martins;0.14
14481;Giovanna Rodrigues Rocha;2.24
16574;Manuela Cunha Barbosa;6.27
9495;Maria Azevedo Correia;3.59
29813;Martim Oliveira Cavalcanti;4.90
7244;Tiago Silva Costa;1.83
28138;Kaua Rodrigues Castro;2.08
8638;Marcos Almeida Almeida;5.23
20164;Gabrielle Rocha Melo;9.55
27122;Giovanna Cardoso Sousa;8.01
6055;Renan Gomes Costa;1.07
12024;Davi Cunha Rocha;3.34
15377;Camila Araujo Rocha;3.79
12586;Carlos Santos Lima;1.43
10736;Aline Ferreira Barbosa;2.62
6151;Matheus Cavalcanti Cavalcanti;3.78
28534;Lucas Barbosa Silva;1.64
426;Lucas Correia Barros;1.09
22778;Marcos Sousa Carvalho;1.82
19575;Miguel Fernandes Alves;4.15
27244;Joao Azevedo Carvalho;8.11
26553;Matheus Castro Dias;9.88
4176;Vitór Araujo Santos;5.96
25034;Emily Rodrigues Cavalcanti;1.83
9568;Gabriela Araujo Melo;3.74
13719;Paulo Souza Rodrigues;8.03
27781;Mateus Barbosa Goncalves;9.39
20953;Eduardo Santos Cardoso;6.09
5875;Vitor Correia Sousa;8.31
9821;Vinícius Fernandes Pinto;5.65
17800;Kai Martins Lima;8.18
28618;Lavinia Araujo Gomes;3.17
14829;Kauan Melo Barros;4.76
25468;Aline Castro Araujo;6.61
29619;Victor Lima Cavalcanti;6.87
5430;Carolina Araujo Costa;7.52
19583;Marcos Souza Almeida;0.44
20738;Carolina Carvalho Alves;2.63
18534;Carolina Alves Rodrigues;6.93
11764;Melissa Silva Goncalves;5.65
17129;Gabrielly Silva Fernandes;7.44
14184;Beatriz Ribeiro Carvalho;8.54
25528;Igor Sousa Pinto;6.34
11878;Tomás Sousa Goncalves;2.26
11114;Caio Ribeiro Barros;9.00
22758;Thiago Cavalcanti Castro;8.60
3586;Leonardo Silva Oliveira;6.07
27104;Júlia Castro Araujo;3.86
8978;Marcos Costa Oliveira;9.32
12678;Mateus Cunha Cavalcanti;6.60
11085;Guilherme Lima Rodrigues;5.99
11510;Paulo Almeida Barros;5.45
9228;Evelyn Dias Cardoso;3.29
1518;Marisa Gomes Carvalho;7.31
4340;Melissa Azevedo Gomes;3.16
24469;Gabrielle Araujo Cavalcanti;7.08
11434;Sophia Fernandes Cavalcanti;4.64
6457;Giovanna Sousa Correia;0.20
15006;Erick Ribeiro Rocha;6.84
2308;Larissa Silva Cavalcanti;3.48
15133;Amanda Araujo Souza;5.89
18560;Luiza Ribeiro Martins;2.48
28833;Luan Pereira Azevedo;0.23
10855;Anna Dias Cardoso;5.70
2500;Júlia Melo Rocha;4.34
883;Gabriela Almeida Cavalcanti;7.58
5760;Matheus Santos Oliveira;1.67
22677;Lucas Cardoso Rocha;7.93
17336;Rafael Alves Cardoso;3.47
18663;Emily Alves Oliveira;7.63
7444;Pedro Carvalho Correia;8.24
10920;Julia Rodrigues Barbosa;5.13
5148;Gustavo Pinto Ferreira;7.51
26068;Emily Azevedo Ribeiro;9.36
26348;Bruna Rodrigues Barros;2.67
1478;Anna Dias Goncalves;1.14
16011;Bruno Gomes Santos;5.87
22437;Ryan Melo Costa;2.65
10130;Luiza Sousa Cavalcanti;4.84
3438;Caio Azevedo Silva;7.68
3934;Laura Melo Lima;1.61
29282;Kauê Oliveira Costa;5.71
9153;Tomás Melo Correia;9.09
9071;Kaua Almeida Castro;4.84
4517;Vitor Azevedo Gomes;8.48
3237;Ana Silva Martins;4.86
17965;Kai Fernandes Lima;6.60
18334;Luis Lima Rocha;8.90
22448;Julieta Melo Ribeiro;5.51
23144;Lavinia Barros Pinto;4.24
20742;Lara Goncalves Cardoso;7.77
9827;Rebeca Araujo Barros;9.73
1190;Vinícius Alves Melo;3.41
13641;Melissa Alves Rodrigues;7.11
374;Julieta Martins Santos;1.04
20036;Laura Barros Alves;4.38
2536;Samuel Martins Azevedo;5.49
10082;Igor Ribeiro Pinto;4.22
24942;Eduardo Ferreira Alves;4.55
22232;Leonor Barros Barros;2.14
18780;Cauã Oliveira Pinto;0.64
28726;Tânia Oliveira Martins;2.31
21113;Camila Melo Dias;8.23
26;Kauan Rocha Souza;9.53
3258;Aline Melo Costa;1.26
9457;Otávio Cavalcanti Castro;0.34
13890;Kaua Pereira Goncalves;3.63
29493;Marisa Martins Pereira;5.97
9784;Vitor Martins Fernandes;2.71
19427;Kai Alves Fernandes;2.29
25125;Rebeca Santos Souza;1.57
28098;Breno Lima Santos;0.30
19456;Sarah Pereira Lima;8.02
27648;Mateus Fernandes Cardoso;0.89
5775;Victor Rocha Carvalho;0.35
13088;Gabriel Souza Azevedo;7.67
29796;Vitór Cardoso Rodrigues;1.67
9354;Marina Oliveira Martins;1.72
11796;Enzo Rodrigues Lima;6.89
13424;Maria Barbosa Goncalves;3.87
24371;Vinícius Pereira Castro;5.10
8938;Yasmin Pinto Azevedo;8.39
14876;Evelyn Goncalves Melo;0.77
20556;Kauê Oliveira Barbosa;2.72
2979;Daniel Cavalcanti Silva;2.95
2120;Antônio Barbosa Martins;6.72
11413;Luiza Silva Souza;2.67
29793;Gabrielly Dias Correia;8.42
7720;Antônio Fernandes Azevedo;1.55
15136;Luan Silva Ferreira;3.50
9780;Lucas Lima Azevedo;5.72
22676;Alice Pinto Cavalcanti;8.45
28768;Letícia Cardoso Cunha;9.19
14611;Bruno Martins Ferreira;0.83
16202;Amanda Goncalves Martins;4.23
26977;Maria Gomes Goncalves;0.52
14660;Fernanda Goncalves Sousa;9.59
10184;Carla Barros Oliveira;9.50
8667;Isabela Cunha Castro;1.88
22062;Eduarda Melo Correia;5.68
14551;Leonardo Melo Martins;4.95
17979;Rebeca Barros Araujo;1.09
14495;Breno Castro Correia;5.22
16309;Matheus Pinto Alves;2.32
15205;Vinícius Fernandes Pinto;8.50
23990;Lara Rodrigues Sousa;6.67
27262;Leila Costa Martins;8.30
26363;Luís Ribeiro Ribeiro;5.60
12535;Carlos Lima Gomes;5.09
23063;Vinícius Carvalho Alves;1.01
17013;Kai Castro Alves;0.74
4604;Luís Azevedo Goncalves;6.56
28311;Eduardo Oliveira Cardoso;4.63
4718;Clara Barros Cavalcanti;6.20
8368;Isabela Araujo Araujo;8.95
7281;Isabela Souza Lima;5.78
28337;Ágatha Gomes Ferreira;5.66
29231;Matheus Almeida Fernandes;0.27
22182;Fernanda Melo Carvalho;1.10
10437;Emilly Silva Cunha;0.38
5580;Caio Pinto Cunha;7.85
20399;Isabelle Sousa Correia;0.94
10932;Amanda Cavalcanti Azevedo;8.22
18921;Kauan Souza Lima;2.54
24561;Aline Cunha Pereira;2.54
11822;Leonor Ribeiro Costa;3.19
14786;Estevan Cardoso Barbosa;1.95
20395;Enzo Azevedo Fernandes;7.48
8849;Thiago Gomes Cardoso;6.01
29320;Melissa Goncalves Ribeiro;9.98
4957;Tomás Santos Alves;0.92
5790;João Ferreira Azevedo;2.87
12061;Danilo Correia Azevedo;8.86
17751;Nicole Dias Souza;8.23
10623;Emilly Dias Fernandes;1.89
12422;Tomás Santos Goncalves;1.87
27721;Gabrielly Carvalho Oliveira;0.08
8403;Vinícius Costa Cardoso;3.09
25004;Evelyn Cavalcanti Lima;6.13
3603;Otávio Silva Sousa;0.26
14326;Otávio Correia Ferreira;7.05
13193;João Goncalves Castro;9.57
16267;Emilly Barbosa Silva;9.17
22358;Leila Dias Barbosa;3.42
8789;Livia Cardoso Cavalcanti;3.26
14405;Leila Azevedo Santos;5.46
23125;Gabrielly Cunha Goncalves;5.32
15630;André Rocha Barbosa;1.87
1735;Erick Araujo Cardoso;0.35
20322;Vinicius Goncalves Rodrigues;1.52
6483;Nicole Pinto Santos;0.94
2159;Bianca Barbosa Silva;2.12
14036;Caio Azevedo Barbosa;2.65
14247;Lucas Sousa Araujo;0.60
21799;Bruno Cavalcanti Cunha;6.91
21730;Laura Barbosa Silva;8.86
20546;Vitória Rodrigues Santos;4.81
21721;Matilde Silva Correia;8.61
15067;Emily Santos Oliveira;8.56
24582;Daniel Goncalves Pereira;3.93
10173;Luiz Alves Ribeiro;9.77
18633;Enzo Rodrigues Castro;4.18
7889;Estevan Silva Almeida;1.98
5614;Paulo Goncalves Alves;2.95
5431;Douglas Souza Souza;5.70
9695;Beatrice Cavalcanti Dias;2.76
6196;Julia Pinto Gomes;3.19
28984;Bruna Correia Cavalcanti;2.79
2652;Lucas Sousa Souza;8.77
27397;Lavinia Gomes Rocha;9.10
18733;Thiago Ribeiro Cardoso;0.82
29028;Leonor Dias Azevedo;8.71
382;Matheus Dias Melo;9.54
27367;Clara Fernandes Fernandes;6.20
5147;Carlos Martins Gomes;9.16
2302;Breno Azevedo Rocha;7.70
27696;Vitoria Lima Cavalcanti;7.91
12179;Luiz Barbosa Ferreira;7.23
12198;Isabelle Cunha Azevedo;9.11
25396;Julian Carvalho Fernandes;1.18
739;José Santos Alves;2.07
2867;João Oliveira Dias;7.91
6058;Emily Cavalcanti Cavalcanti;5.89
11226;Evelyn Gomes Silva;9.41
15979;Vinícius Cunha Almeida;8.01
18709;Alice Carvalho Araujo;4.73
1110;Kauan Cunha Castro;3.55
13886;Laura Cavalcanti Almeida;6.20
1828;Emilly Fernandes Carvalho;9.85
23420;Cauã Goncalves Pinto;8.09
4755;Rafael Silva Cardoso;5.98
21990;Ana Oliveira Alves;2.42
9285;Yasmin Silva Fernandes;8.23
14775;Marina Sousa Martins;7.44
17739;Davi Fernandes Dias;5.79
28294;Vinicius Gomes Dias;6.82
5223;Marina Ribeiro Goncalves;7.06
27411;Melissa Alves Lima;8.87
10375;Luana Oliveira Rodrigues;0.82
29429;Kauã Martins Carvalho;2.40
13898;Marina Martins Pereira;3.57
12102;Gabriel Martins Ferreira;8.15
15951;Giovanna Castro Sousa;7.41
3085;Alice Pereira Barros;4.53
7084;Gabrielly Azevedo Alves;6.25
6111;Renan Melo Barbosa;5.71
6667;Matilde Cunha Araujo;6.08
4191;Rafael Santos Alves;7.32
15921;Ana Cavalcanti Souza;2.68
6693;Alex Pinto Almeida;9.15
8039;Eduardo Rocha Cunha;7.56
20732;Luís Martins Araujo;0.43
8171;Eduardo Martins Martins;4.42
9120;Victor Santos Castro;7.30
3188;Sarah Goncalves Cavalcanti;9.47
9398;Douglas Carvalho Silva;0.69
25231;Gabriel Alves Ribeiro;2.93
318;Julia Ribeiro Correia;4.21
12137;Renan Cunha Lima;4.34
1279;Tomás Castro Melo;8.96
12015;Júlia Cavalcanti Cardoso;8.50
4758;Daniel Alves Azevedo;5.76
23080;Beatriz Fernandes Cunha;6.65
15763;Eduarda Araujo Pereira;0.44
14584;Melissa Pinto Cavalcanti;4.61
21979;Vinícius Barros Silva;4.94
15612;Aline Sousa Melo;2.48
2003;Luan Carvalho Correia;4.63
13602;Nicolash Alves Ferreira;5.50
22366;Leonardo Araujo Goncalves;7.68
25147;Renan Melo Pinto;3.79
26844;Luiz Castro Ferreira;2.07
20632;Eduarda Cavalcanti Cavalcanti;4.81
17015;Nicolash Sousa Barros;7.53
4798;Vitór Castro Cunha;8.28
23998;Tiago Dias Souza;6.66
1192;Rafaela Araujo Carvalho;1.82
21242;Renan Almeida Martins;9.48
15164;Vitór Cavalcanti Almeida;6.06
622;Pedro Melo Goncalves;8.26
2786;Isabella Carvalho Carvalho;6.79
990;Júlio Castro Pinto;6.27
28772;Aline Silva Castro;4.05
27359;Thaís Cunha Araujo;0.30
17812;Eduardo Goncalves Gomes;9.78
9887;Anna Sousa Martins;2.18
21921;Vitória Rocha Dias;7.09
25102;Leonor Barros Sousa;9.69
20853;Larissa Azevedo Cavalcanti;7.22
21497;Gabriel Souza Azevedo;4.63
26715;Nicolash Santos Azevedo;1.96
12596;Júlio Ferreira Cavalcanti;8.02
23358;Gustavo Ferreira Martins;8.82
11217;Sophia Pereira Pereira;2.51
18482;Lavinia Cardoso Rocha;1.59
1761;Renan Araujo Dias;6.98
1504;Caio Cavalcanti Ribeiro;6.21
4402;Guilherme Martins Carvalho;9.50
11496;Gabrielly Pinto Costa;9.55
19265;Lavinia Azevedo Souza;2.52
27950;Breno Cavalcanti Alves;7.78
3675;Vinicius Dias Costa;9.72
3210;Rafael Cunha Correia;7.78
24512;Evelyn Pinto Pinto;2.48
29660;Felipe Cunha Correia;1.71
22255;Giovanna Pinto Azevedo;1.80
25892;Samuel Ribeiro Fernandes;4.18
20344;Vitória Fernandes Ferreira;2.41
1834;Emily Silva Correia;4.09
15057;Vitória Pinto Goncalves;3.10
740;Igor Correia Azevedo;9.72
18604;Vitoria Fernandes Barros;1.11
2437;José Sousa Pinto;6.68
6078;Melissa Silva Ribeiro;3.54
559;Luis Azevedo Pinto;8.68
7143;Pedro Rodrigues Costa;8.01
11935;Giovana Dias Cunha;1.39
20992;Kauã Azevedo Barros;2.22
24064;Felipe Almeida Azevedo;8.00
16701;Nicole Almeida Alves;7.28
17425;Enzo Dias Almeida;3.94
9110;Ana Cardoso Melo;1.96
5124;Evelyn Melo Gomes;0.31
29931;Kai Pereira Pereira;9.84
6694;Larissa Barros Araujo;3.35
1477;Vitór Melo Costa;3.95
26598;Luan Ribeiro Ribeiro;0.40
29804;Igor Melo Carvalho;6.65
15773;Lara Cunha Oliveira;6.78
18436;Laura Pereira Sousa;9.46
22162;Letícia Sousa Araujo;2.42
1121;Vinicius Ribeiro Costa;8.70
989;Lara Dias Melo;0.32
21223;Isabelle Dias Ferreira;9.40
10964;Leonor Castro Dias;4.22
25279;Eduardo Costa Pinto;4.12
29248;Antônio Sousa Martins;5.59
20955;Otávio Ferreira Almeida;3.12
7913;Kaua Cavalcanti Barbosa;1.68
16857;Laura Cardoso Almeida;8.97
7248;Luan Carvalho Alves;5.75
24351;Cauã Fernandes Correia;7.40
13345;Martim Rocha Silva;7.11
29836;Gabriel Araujo Rocha;9.57
13636;Mariana Melo Goncalves;0.36
1346;Enzo Fernandes Dias;0.65
7154;Emilly Lima Correia;1.60
12088;Caio Santos Barbosa;5.83
15544;Marcos Araujo Oliveira;0.89
29209;Vitór Pinto Ribeiro;4.45
29382;Davi Costa Santos;0.60
1122;Otávio Barbosa Pinto;4.95
27163;Felipe Melo Correia;4.83
12217;Estevan Rocha Barbosa;8.90
7845;Marina Castro Silva;3.04
21374;Fernanda Melo Almeida;7.43
6203;Marisa Barros Ribeiro;2.20
6546;Giovanna Ribeiro Pinto;0.95
22096;José Costa Barros;5.58
5586;Diego Cunha Oliveira;8.61
12910;Otávio Gomes Dias;9.39
24578;Guilherme Cunha Ferreira;5.12
18485;Caio Pinto Rocha;6.91
14757;Vitória Rodrigues Lima;3.56
21771;Nicolas Pinto Almeida;4.66
17245;Antônio Santos Cavalcanti;7.60
13435;Erick Rocha Martins;6.12
443;Lara Goncalves Souza;5.81
13572;Julia Martins Rocha;4.84
19443;Igor Correia Barros;5.07
22230;Paulo Pereira Correia;5.58
20647;Leonor Correia Ferreira;7.75
14490;Otávio Souza Cunha;7.52
28847;Caio Lima Pereira;5.63
3968;Larissa Cardoso Costa;0.94
12043;Emily Martins Araujo;0.36
15484;Giovanna Azevedo Souza;6.51
5034;Clara Araujo Oliveira;9.64
8646;Kauã Barbosa Melo;1.87
20360;Isabela Barros Alves;4.34
13612;Emily Silva Dias;0.54
18658;Julieta Pinto Pereira;6.83
11524;Aline Azevedo Pinto;8.69
25317;Letícia Cardoso Castro;3.00
6187;Igor Ferreira Santos;4.80
1067;Rafael Oliveira Pereira;7.82
26958;Gabrielly Ferreira Pereira;4.23
25836;Luís Dias Cunha;4.59
27800;Fábio Goncalves Castro;7.22
4559;Eduardo Cunha Rodrigues;5.07
13549;Guilherme Correia Ferreira;8.53
21567;Brenda Cavalcanti Cunha;2.02
9668;Leila Correia Pinto;2.83
9375;Sofia Souza Gomes;6.29
790;Fábio Fernandes Cavalcanti;6.67
26334;Caio Cardoso Almeida;5.64
13466;Danilo Almeida Cavalcanti;5.57
13601;Leila Correia Fernandes;7.16
15809;Luana Carvalho Pereira;6.91
22770;Ágatha Barbosa Martins;0.16
22939;Daniel Cavalcanti Santos;7.45
25867;Camila Cunha Correia;2.67
5943;Aline Castro Araujo;8.25
18811;Miguel Almeida Barros;2.69
29630;Miguel Ferreira Silva;2.28
10788;Vitória Martins Goncalves;7.55
9150;Erick Almeida Araujo;7.73
19987;Felipe Correia Lima;5.94
8209;Diogo Lima Ribeiro;6.90
17963;Larissa Costa Silva;4.15
13972;Eduardo Sousa Almeida;5.09
24995;Ana Pereira Ferreira;3.94
13079;Breno Sousa Souza;0.30
19981;Evelyn Gomes Castro;9.28
20915;Kai Cardoso Martins;5.65
26723;Estevan Rocha Barbosa;9.67
21266;Murilo Cardoso Cavalcanti;6.88
22707;Isabella Correia Rodrigues;6.47
612;Julieta Barbosa Gomes;5.62
18261;Tânia Alves Rodrigues;6.15
23006;Maria Cavalcanti Pereira;4.68
23046;Julian Azevedo Dias;5.57
21011;Estevan Cunha Pereira;3.35
13677;Gabrielly Cardoso Rodrigues;2.91
28354;Maria Correia Goncalves;7.46
7902;Gabrielle Cardoso Cardoso;2.37
14287;Ryan Pinto Goncalves;1.24
4296;Igor Pereira Carvalho;3.13
17958;Alice Cavalcanti Rocha;0.44
14741;Kauan Santos Oliveira;3.82
20538;Kauã Ferreira Souza;9.94
8516;João Silva Cavalcanti;8.46
22479;Leonor Gomes Costa;4.68
28252;Bianca Costa Ribeiro;6.90
3917;Emilly Silva Pereira;1.87
2887;Luis Dias Cavalcanti;2.61
27981;Letícia Correia Carvalho;1.69
11680;Beatrice Araujo Castro;1.29
29180;Lara Rocha Melo;1.62
6959;Matheus Cardoso Cunha;4.52
15501;Bruno Correia Souza;8.69
23464;Júlia Souza Martins;1.88
27509;Carlos Pinto Carvalho;7.76
6050;Joao Santos Ribeiro;9.08
20628;Leonardo Pereira Souza;1.02
2176;Julieta Azevedo Dias;9.66
8792;Sarah Alves Almeida;7.64
27708;Mateus Pinto Oliveira;8.50
12174;Arthur Souza Souza;4.28
11886;Rebeca Correia Oliveira;1.47
26178;Kaua Ribeiro Cardoso;3.47
10818;Enzo Castro Azevedo;3.13
20113;Vitór Gomes Ferreira;6.98
21185;Tiago Ribeiro Ferreira;0.11
21177;Estevan Cunha Correia;2.16
27066;Melissa Rocha Barros;7.24
4571;Júlia Azevedo Pinto;3.40
15357;Gabrielle Martins Martins;5.72
18753;Renan Cunha Melo;2.79
21645;Leonor Fernandes Oliveira;0.04
11710;Luan Azevedo Goncalves;8.84
24225;Yasmin Araujo Gomes;9.83
6673;Ágatha Ferreira Gomes;6.99
19965;Emilly Ferreira Rocha;1.10
23515;Rebeca Correia Cardoso;6.82
7784;Marcos Sousa Araujo;5.28
18391;Livia Souza Correia;4.49
14443;Pedro Cunha Araujo;3.36
15601;Larissa Cunha Azevedo;6.41
18712;Giovana Castro Goncalves;8.63
27374;Otávio Melo Ribeiro;1.73
24462;Beatrice Azevedo Souza;3.11
25068;Bruno Azevedo Silva;1.51
25792;Gabriel Cardoso Sousa;0.78
14002;Beatrice Oliveira Martins;4.95
23041;Carlos Barbosa Barbosa;9.56
7836;Vitória Ferreira Araujo;6.70
20681;Giovanna Oliveira Almeida;9.10
23555;Manuela Goncalves Santos;6.16
2464;Kauã Martins Costa;5.09
27780;Diego Martins Rodrigues;3.85
21106;Nicolash Araujo Castro;7.42
4350;Melissa Pinto Goncalves;4.00
3478;Gabrielle Dias Cardoso;7.40
19711;Marisa Dias Alves;7.97
8561;Diogo Carvalho Dias;8.83
8657;Maria Cavalcanti Melo;2.39
9983;Emily Cunha Ribeiro;1.53
25787;Leonardo Cardoso Cardoso;7.72
8058;Diego Sousa Ribeiro;5.79
14721;Leila Pereira Sousa;0.84
10198;Leonor Melo Melo;2.59
6122;Breno Sousa Araujo;8.96
20575;Thaís Santos Sousa;0.30
5539;Nicolash Ferreira Goncalves;4.11
20792;Ágatha Azevedo Barbosa;7.03
22126;Alice Costa Silva;9.57
23363;Paulo Ferreira Rodrigues;4.32
17473;Murilo Cavalcanti Correia;8.47
28849;Lucas Gomes Goncalves;6.68
4562;Enzo Lima Almeida;0.10
17793;Luís Correia Dias;3.00
21659;Ana Alves Fernandes;3.89
14325;Gustavo Gomes Dias;0.62
5276;Julia Castro Silva;2.82
18417;Tomás Costa Araujo;8.41
23524;Sarah Costa Cavalcanti;1.30
28199;André Sousa Alves;3.82
7983;Diego Correia Cunha;3.43
2141;Paulo Oliveira Pereira;0.03
24239;Laura Almeida Correia;6.81
2971;Bruna Silva Gomes;4.22
21803;Julia Pinto Alves;1.14
3320;Vitór Ferreira Souza;2.96
19204;Julian Gomes Barbosa;4.31
16499;Luiza Dias Rocha;3.25
29904;Enzo Fernandes Barbosa;7.45
23836;Vinicius Ferreira Silva;3.54
28466;Camila Ribeiro Pinto;1.41
27409;Julia Alves Pereira;8.23
23681;Júlia Gomes Cavalcanti;1.51
26279;Júlio Cavalcanti Santos;0.10
14131;Livia Rocha Cardoso;9.44
18207;Leonardo Goncalves Dias;5.63
6018;Vitor Cardoso Ribeiro;7.56
3174;Matilde Martins Santos;8.99
23404;Caio Santos Goncalves;7.05
6339;Daniel Azevedo Almeida;0.95
5712;Giovana Alves Barros;4.49
20476;Cauã Carvalho Santos;8.48
167;Antônio Cunha Ferreira;6.01
10181;Paulo Melo Ribeiro;9.39
20082;Amanda Cunha Dias;7.19
23670;Yasmin Cardoso Araujo;8.89
20716;Danilo Martins Lima;4.27
27268;Raissa Barbosa Carvalho;4.61
6857;Rodrigo Dias Carvalho;5.16
21460;José Gomes Almeida;0.53
29714;Fábio Sousa Oliveira;0.04
18084;Isabella Barbosa Goncalves;9.39
16987;Kauê Carvalho Pinto;2.27
19302;Beatrice Melo Ribeiro;8.08
12144;Daniel Carvalho Dias;7.62
11267;Fábio Silva Rocha;5.27
11234;Joao Alves Melo;9.90
25059;Luan Ribeiro Almeida;2.55
26326;Livia Ribeiro Correia;3.40
11231;Samuel Cavalcanti Costa;2.75
3095;Giovanna Fernandes Sousa;0.43
29913;Martim Almeida Castro;5.71
17550;Lucas Araujo Cavalcanti;3.75
2884;Luiza Gomes Dias;3.26
19165;Ágatha Castro Lima;8.36
15145;Murilo Oliveira Alves;2.78
28477;Luan Cavalcanti Cardoso;5.59
8774;Luiz Azevedo Ribeiro;7.84
28913;Beatrice Fernandes Sousa;7.07
2950;Vitor Barros Almeida;6.21
11179;Ana Pereira Ferreira;1.10
25680;Julian Correia Barros;3.39
26428;Fernanda Souza Carvalho;4.71
25409;Letícia Castro Fernandes;7.94
15444;Manuela Dias Barros;2.13
18202;André Gomes Sousa;4.42
18610;Breno Santos Costa;2.08
19685;Camila Melo Azevedo;0.47
9761;Ana Barbosa Barbosa;0.71
8190;Kai Cavalcanti Alves;5.42
12277;Manuela Melo Rodrigues;8.59
18720;Estevan Araujo Carvalho;5.20
27935;Luís Gomes Pinto;2.93
2646;Vitoria Azevedo Oliveira;8.42
22534;Estevan Santos Cunha;5.31
11551;Manuela Ribeiro Ferreira;9.93
16533;Marisa Melo Fernandes;3.96
15111;Eduardo Goncalves Goncalves;2.53
26717;Thaís Alves Santos;3.22
27728;Letícia Azevedo Correia;3.34
17724;Alex Goncalves Rocha;6.81
29294;Luan Oliveira Pereira;8.18
3502;Leila Santos Silva;3.68
28608;Aline Cavalcanti Lima;5.35
3216;Nicolas Araujo Azevedo;3.54
5781;Erick Santos Oliveira;6.37
14382;Davi Azevedo Barros;1.58
13279;Nicolash Correia Costa;2.35
29642;Vitoria Cunha Sousa;9.10
27049;Mariana Ribeiro Goncalves;2.82
23368;Leonardo Gomes Azevedo;5.55
8759;Estevan Rodrigues Martins;3.41
10926;Julian Lima Azevedo;8.77
6847;Paulo Barbosa Cavalcanti;8.20
2616;Paulo Cardoso Ferreira;2.77
6409;Kai Barbosa Azevedo;9.57
22198;Anna Martins Goncalves;1.99
13743;Giovana Gomes Martins;2.42
17667;Carla Santos Ferreira;6.21
7969;Nicolas Costa Dias;3.80
2411;Alex Martins Almeida;8.97
9211;Beatrice Sousa Araujo;3.36
13374;Luiz Martins Cardoso;6.56
10315;Gabriel Santos Barbosa;1.18
25891;Sophia Melo Dias;7.93
3719;Gabrielly Martins Goncalves;5.04
17089;Amanda Cunha Lima;3.65
18375;Evelyn Carvalho Oliveira;4.25
25950;Gabrielly Correia Almeida;1.73
16859;Breno Gomes Sousa;7.32
20590;Douglas Santos Sousa;4.72
28441;Kaua Silva Lima;8.24
12460;Matheus Barbosa Goncalves;9.29
4346;Tomás Azevedo Ferreira;6.45
8389;Beatrice Ribeiro Pereira;3.47
3600;Guilherme Cardoso Dias;3.39
4743;Luan Cardoso Rodrigues;6.98
26773;Maria Azevedo Oliveira;0.07
5716;Vitor Cavalcanti Cunha;1.35
15643;Erick Carvalho Sousa;1.39
2759;Estevan Santos Fernandes;2.37
3260;Kai Rodrigues Ferreira;0.85
17769;Sofia Fernandes Araujo;5.20
5297;Tânia Gomes Rocha;7.64
26601;Júlio Santos Cavalcanti;3.55
5824;Melissa Silva Correia;3.95
2571;Ágatha Carvalho Silva;9.09
21294;Emily Castro Barbosa;3.77
13106;Júlio Santos Rodrigues;3.14
28891;Rafaela Pereira Oliveira;5.50
16077;Marisa Cunha Barbosa;9.69
22568;Thaís Rocha Goncalves;9.99
24001;Sofia Martins Souza;4.17
28851;Isabella Pinto Barbosa;4.17
7498;Otávio Lima Rodrigues;1.47
2912;Lucas Azevedo Pereira;4.84
5700;José Ferreira Castro;1.35
9530;Beatrice Melo Silva;6.86
18846;Kauan Gomes Lima;8.43
568;Júlio Correia Barbosa;8.85
29057;Tiago Sousa Cardoso;5.14
22020;Estevan Pereira Ribeiro;8.71
23621;Leila Pinto Castro;7.24
7688;Pedro Sousa Barros;5.95
17696;Yasmin Cunha Dias;4.52
27713;Luan Fernandes Azevedo;4.62
25124;Gabrielle Cunha Almeida;1.57
9628;Anna Almeida Dias;6.35
423;Gustavo Pereira Sousa;7.16
8674;Maria Cavalcanti Pinto;2.17
23708;Maria Gomes Martins;9.23
15169;Manuela Pinto Martins;7.43
16368;Luiz Correia Silva;3.89
25389;Luís Pinto Melo;4.08
4616;Julia Santos Sousa;5.42
12011;Maria Lima Ribeiro;6.73
27335;Diogo Rodrigues Oliveira;7.14
16418;Kauan Souza Sousa;6.95
27282;Kauê Correia Correia;0.51
13679;Eduarda Rodrigues Cardoso;5.64
18800;Otávio Pereira Silva;0.73
18129;Renan Goncalves Barbosa;1.17
7749;Gabriel Rodrigues Ribeiro;4.29
26568;Estevan Alves Araujo;4.09
27209;Manuela Castro Cavalcanti;8.29
12124;Yasmin Barbosa Rodrigues;9.25
11205;Luis Ribeiro Oliveira;3.30
13379;Julieta Oliveira Lima;5.34
362;Bruno Barros Ferreira;8.32
20258;Leila Silva Dias;6.61
17128;Guilherme Correia Almeida;2.17
4470;Rebeca Cardoso Alves;7.81
12957;Julieta Correia Souza;3.64
10296;Evelyn Rocha Barros;1.35
3226;Giovanna Lima Rocha;4.32
3818;Sarah Rodrigues Melo;7.99
27590;Kauan Silva Castro;8.49
6308;Emilly Martins Castro;8.70
27512;Igor Oliveira Almeida;9.60
21702;Diego Barbosa Santos;9.06
25535;Samuel Silva Goncalves;2.69
22125;Lara Dias Barros;5.79
22593;Samuel Cunha Gomes;6.09
19433;Rafaela Sousa Lima;1.14
9337;Antônio Azevedo Carvalho;3.04
55;Otávio Carvalho Rodrigues;0.35
17212;Tomás Correia Pinto;4.36
24746;Camila Barros Alves;2.29
16708;Cauã Sousa Correia;4.03
24823;Luis Cavalcanti Oliveira;2.81
27235;Julian Barbosa Costa;5.40
24231;Kauan Araujo Almeida;7.43
276;Camila Dias Santos;8.19
24259;Otávio Melo Araujo;7.76
29249;Clara Silva Costa;1.24
8620;Diego Alves Pereira;8.71
7464;Mariana Sousa Rocha;5.77
19577;Leonardo Cardoso Santos;7.26
18090;Bruno Alves Almeida;0.82
8840;Júlio Pereira Castro;5.61
26379;Rafael Santos Sousa;1.27
3140;Bianca Martins Rocha;8.48
28329;Júlia Melo Dias;9.55
28910;Murilo Cardoso Carvalho;3.18
22060;Clara Cunha Lima;6.20
1230;Beatrice Souza Barbosa;3.66
3825;Luís Goncalves Costa;9.79
9752;Gabriela Sousa Melo;1.55
19345;Beatrice Goncalves Rocha;1.99
12791;Sophia Barbosa Rocha;3.06
24075;Vinicius Gomes Barbosa;6.39
23833;Erick Cavalcanti Ribeiro;0.23
5689;Gustavo Almeida Azevedo;3.60
2946;Júlia Costa Barbosa;2.42
10285;Gustavo Barbosa Souza;4.27
23419;Livia Correia Pereira;1.38
6529;Livia Araujo Costa;6.68
3789;Renan Melo Santos;9.56
5757;Gabriela Lima Correia;1.30
11581;Mateus Araujo Gomes;4.35
13067;Larissa Dias Araujo;3.82
18473;Enzo Martins Almeida;8.59
21787;Pedro Melo Goncalves;9.93
23936;Pedro Alves Oliveira;8.48
9001;Nicole Oliveira Ribeiro;3.72
7785;Igor Santos Silva;7.98
16894;Vinicius Lima Araujo;9.13
13646;Vinicius Cunha Castro;8.25
23628;Carolina Cavalcanti Oliveira;1.45
13940;Alex Silva Martins;3.79
11698;Estevan Martins Araujo;3.24
7905;Clara Oliveira Barros;6.71
29534;Carolina Pereira Costa;2.92
19434;Júlia Ferreira Souza;4.82
11184;Isabella Araujo Silva;4.30
3842;Vitória Pinto Melo;2.39
21569;Sophia Barros Castro;0.13
16249;Anna Carvalho Silva;3.77
20753;Mateus Goncalves Santos;4.25
5135;Emilly Gomes Dias;8.35
15182;Fernanda Gomes Azevedo;8.39
25712;Ryan Sousa Cavalcanti;1.33
12567;Nicolas Dias Gomes;5.43
11916;Giovanna Silva Martins;5.32
13848;Murilo Sousa Goncalves;0.98
9994;Caio Cardoso Gomes;5.18
28029;Mateus Ferreira Araujo;0.69
21950;Ana Souza Costa;2.66
11340;Douglas Barros Santos;6.11
21713;Carla Costa Castro;2.71
27048;Amanda Melo Azevedo;8.47
8316;Ryan Goncalves Cunha;0.50
7324;Laura Barros Silva;1.77
1684;Yasmin Fernandes Barbosa;9.04
6937;Vitoria Rocha Gomes;4.01
199;Emily Dias Cavalcanti;1.24
8712;Julieta Cunha Correia;1.19
4150;Tânia Oliveira Melo;0.06
21789;Thiago Oliveira Dias;3.83
4814;Pedro Santos Santos;9.51
10554;Beatriz Rocha Sousa;6.66
2088;Rafaela Souza Cunha;2.43
18592;Mariana Gomes Fernandes;4.20
16143;Brenda Goncalves Pereira;1.66
28970;Bianca Ribeiro Silva;8.00
16870;Rafaela Gomes Sousa;7.09
5710;Luis Sousa Cardoso;3.34
19682;Tânia Souza Souza;3.70
6378;Matilde Dias Rocha;1.92
18943;André Carvalho Fernandes;8.70
13721;Leila Silva Rocha;4.59
8926;Rafael Barbosa Silva;3.06
13487;Luiza Barros Alves;1.61
24291;João Ribeiro Santos;9.14
8390;Vitór Costa Pereira;7.47
28804;Breno Barbosa Barbosa;1.40
13013;Guilherme Martins Sousa;1.07
26543;Kaua Castro Ferreira;1.20
9056;Otávio Carvalho Sousa;8.17
15476;Sarah Melo Melo;10.00
18029;Victor Cunha Melo;8.72
22929;Giovana Carvalho Cavalcanti;3.32
21943;Rebeca Ferreira Ferreira;2.04
3006;Tiago Gomes Ferreira;3.08
28817;Kauã Araujo Fernandes;4.88
19237;Amanda Almeida Fernandes;4.04
15621;Nicolash Souza Rodrigues;0.86
14637;Gabrielle Carvalho Costa;7.94
28612;Isabella Correia Correia;0.33
23529;Isabela Barros Silva;1.05
8081;Kauê Fernandes Correia;9.89
25258;Julia Almeida Fernandes;7.60
19012;Murilo Pinto Rodrigues;6.91
3107;Carlos Ribeiro Castro;1.71
28312;Sarah Pereira Gomes;3.95
9438;Danilo Castro Cavalcanti;0.34
11731;Vinícius Barros Souza;5.70
20909;Lucas Sousa Sousa;9.32
24083;Giovanna Goncalves Ribeiro;8.46
14140;Gustavo Sousa Cavalcanti;0.12
23613;Arthur Barros Barbosa;8.96
5241;Vitória Lima Carvalho;9.07
19704;Diego Martins Rodrigues;6.98
3881;Livia Ferreira Araujo;1.95
20690;André Barros Sousa;6.67
15554;Sofia Carvalho Castro;3.79
3053;Emilly Santos Rocha;7.02
26747;Bruno Barbosa Correia;6.00
17556;Lavinia Barros Fernandes;2.60
16198;Gabrielly Lima Correia;5.10
4190;Victor Lima Pinto;7.95
3083;Júlio Barros Carvalho;1.75
7504;Carolina Gomes Cavalcanti;0.00
9977;Lara Barros Barbosa;5.57
1683;Daniel Lima Rocha;8.35
6101;Sarah Cardoso Castro;3.32
19655;Fábio Araujo Araujo;9.04
27879;Beatrice Alves Azevedo;2.07
12822;Carla Souza Oliveira;3.44
5500;Luiza Sousa Oliveira;0.98
21586;Luana Araujo Dias;3.38
11559;Breno Cardoso Alves;4.93
21653;Rebeca Goncalves Souza;8.83
19830;Melissa Barros Ribeiro;4.01
1059;Kauã Almeida Ferreira;1.06
10329;Carlos Martins Goncalves;1.65
2639;Lavinia Martins Sousa;1.39
21969;Tânia Martins Alves;2.44
10977;Marcos Alves Alves;1.54
17186;Martim Santos Costa;7.46
4027;Sophia Melo Costa;1.13
28045;Gabriel Goncalves Ribeiro;2.00
25437;Ana Barbosa Santos;1.78
14306;Tiago Ribeiro Santos;6.59
9781;Lavinia Goncalves Souza;4.23
15303;Murilo Goncalves Oliveira;9.63
21068;Leonardo Pinto Lima;8.94
1552;Mariana Cavalcanti Araujo;0.62
21411;Livia Cunha Fernandes;9.39
27159;Pedro Alves Barbosa;7.06
19888;Lara Rodrigues Correia;5.10
18060;Rafaela Dias Almeida;8.69
22788;Estevan Ribeiro Rodrigues;3.54
23253;Mariana Azevedo Pereira;6.76
2505;Isabelle Carvalho Barros;2.57
19777;Vitór Cavalcanti Barros;1.64
20779;Beatriz Oliveira Castro;9.06
8670;Evelyn Ferreira Gomes;8.17
17454;Sofia Cunha Cardoso;5.30
29535;Evelyn Almeida Fernandes;4.71
29729;Kauã Souza Martins;0.58
2233;Laura Fernandes Castro;8.82
21099;Vinícius Pinto Almeida;3.99
19015;Murilo Cunha Barbosa;2.90
14854;Bruno Cunha Costa;1.12
8999;Gabrielly Silva Martins;2.29
8145;Davi Dias Oliveira;2.54
12718;Bruna Barbosa Barros;3.97
12515;Erick Rodrigues Fernandes;9.49
3803;Gabrielle Rodrigues Rodrigues;9.57
29871;Pedro Santos Barros;4.25
17872;Lucas Barros Carvalho;0.13
29816;Luan Lima Cunha;6.72
28909;Beatrice Almeida Lima;8.09
13282;Sophia Sousa Ribeiro;7.22
12310;André Dias Silva;5.04
28808;Mateus Alves Goncalves;3.81
2241;Nicole Fernandes Barros;2.09
4664;Beatriz Barros Almeida;6.63
5418;Thiago Almeida Souza;9.62
19482;Rafaela Cunha Pinto;4.25
2736;Felipe Oliveira Rocha;7.48
3762;Amanda Dias Alves;3.09
5480;Julieta Barbosa Martins;4.13
12266;Martim Correia Gomes;4.32
13933;Nicolash Cardoso Castro;7.93
2519;Rodrigo Carvalho Almeida;9.50
12595;André Lima Santos;7.37
21909;Isabelle Castro Ribeiro;8.39
26758;Beatriz Dias Almeida;5.59
10154;Miguel Rocha Gomes;0.85
22235;Thaís Fernandes Gomes;8.88
9367;Marcos Almeida Barbosa;9.45
23695;Gabriel Pereira Almeida;8.27
2739;Davi Gomes Souza;3.77
353;Luiz Rodrigues Sousa;1.64
14765;Camila Correia Sousa;5.30
18588;Vitoria Ferreira Oliveira;4.24
13219;Gustavo Cunha Carvalho;8.28
7467;Tânia Silva Souza;0.61
17972;Igor Azevedo Carvalho;1.05
6913;Fábio Barros Ribeiro;2.28
19730;Kaua Castro Oliveira;6.41
17022;Daniel Gomes Cunha;5.06
20107;Renan Azevedo Barbosa;6.45
10209;Isabelle Azevedo Melo;7.13
4535;Arthur Cavalcanti Barros;1.74
4361;Murilo Barbosa Ribeiro;0.16
7005;Davi Oliveira Silva;9.39
13450;Luana Pinto Cunha;0.82
2724;Vinícius Ferreira Carvalho;7.35
19067;Carlos Pinto Correia;7.04
6012;Erick Gomes Souza;0.48
5662;Laura Sousa Rocha;5.76
8828;Kauã Silva Souza;6.44
10284;Vitor Silva Costa;1.77
4765;Bruna Barros Lima;6.85
12428;Lara Santos Santos;0.10
3520;Murilo Carvalho Gomes;8.58
22416;Thaís Goncalves Ribeiro;7.77
17143;Enzo Ribeiro Santos;1.76
5300;Gabriela Correia Martins;1.43
14790;Luana Cardoso Barros;8.79
18245;Isabela Fernandes Oliveira;4.37
13306;Leonor Almeida Goncalves;4.10
13014;Martim Martins Pinto;9.86
24449;Tânia Cardoso Barros;2.68
27644;Caio Araujo Fernandes;3.13
5469;Vinicius Pinto Gomes;3.11
26708;Luiz Araujo Cardoso;9.90
28178;Lavinia Carvalho Azevedo;3.73
4649;Raissa Rodrigues Melo;7.29
13722;Otávio Gomes Lima;8.21
21670;Diogo Martins Goncalves;9.72
23323;Letícia Cavalcanti Souza;1.64
19832;Gabriela Barros Carvalho;1.80
8349;Carlos Dias Correia;3.19
2313;Diego Cunha Cavalcanti;2.32
792;Beatrice Gomes Pereira;8.70
6596;Otávio Souza Cunha;5.31
11623;Isabela Dias Carvalho;1.89
21216;Carlos Barros Martins;4.44
29595;Martim Fernandes Gomes;4.89
28211;Julia Silva Silva;2.04
23029;Carolina Melo Fernandes;7.69
8030;Diego Carvalho Alves;1.01
1214;Anna Cavalcanti Azevedo;6.45
7477;Marisa Alves Cavalcanti;8.39
10388;Rebeca Goncalves Rodrigues;3.22
20448;Kauã Goncalves Pereira;0.41
16424;Leila Goncalves Goncalves;3.20
28467;Otávio Cavalcanti Pinto;3.72
15954;Sarah Gomes Gomes;7.74
22025;Marisa Araujo Pinto;0.79
4680;Vinícius Pereira Castro;9.47
28086;José Costa Ferreira;4.51
28420;Julia Araujo Alves;6.65
29183;Diego Lima Dias;5.09
10845;Giovanna Ribeiro Martins;6.36
10784;Maria Martins Santos;1.95
10537;Matheus Sousa Alves;6.64
5576;Kaua Sousa Fernandes;6.66
6949;Kaua Martins Rodrigues;0.04
9430;Maria Fernandes Souza;3.55
6648;Vitor Cavalcanti Barbosa;7.02
15153;Melissa Castro Silva;5.75
12486;Vitor Ferreira Castro;0.99
22997;Matilde Castro Cavalcanti;7.07
635;Carlos Santos Sousa;4.04
18696;Gabrielly Cavalcanti Silva;3.11
27737;Lucas Castro Rodrigues;1.23
22704;Lara Souza Correia;1.84
12420;Tânia Dias Barros;8.84
1782;Ágatha Pinto Cunha;7.72
16558;Matheus Pereira Almeida;6.84
21275;Julian Silva Ribeiro;2.33
10263;Danilo Dias Azevedo;9.52
19560;Tomás Melo Costa;9.26
13360;Otávio Sousa Cavalcanti;9.34
1994;Breno Araujo Pereira;9.48
151;Sophia Cunha Fernandes;9.11
9810;Samuel Pereira Rocha;5.12
412;Bianca Almeida Azevedo;5.02
831;Victor Sousa Pereira;1.53
29293;Rodrigo Pereira Gomes;5.27
10988;Luana Barros Araujo;1.09
15540;Bianca Martins Melo;5.72
17708;Mariana Martins Ribeiro;7.37
21674;Gustavo Castro Barros;2.37
27431;Gabrielly Castro Castro;7.23
9602;Eduardo Cavalcanti Costa;9.42
12083;Rafaela Cunha Azevedo;3.39
531;João Oliveira Lima;9.06
9048;Manuela Correia Ferreira;5.71
14364;Larissa Dias Cardoso;0.92
24633;Rodrigo Cunha Azevedo;3.58
2024;Anna Santos Cunha;0.82
25931;Ryan Correia Gomes;4.79
4721;Diego Rodrigues Dias;7.99
22540;Livia Almeida Pinto;8.19
16279;Bianca Castro Rocha;9.81
2854;Luana Ferreira Lima;4.15
4032;Yasmin Ribeiro Rocha;7.17
4393;Aline Azevedo Dias;4.19
15762;Thiago Pereira Cardoso;9.00
2199;Lavinia Souza Goncalves;8.21
20246;Bruna Cunha Alves;6.85
16492;Kai Oliveira Santos;1.59
23601;Bruno Rocha Costa;0.71
13596;Tânia Correia Almeida;9.78
3167;Kauã Rodrigues Santos;3.16
26501;Carlos Ribeiro Cunha;8.50
28239;André Castro Martins;0.96
15530;Vitória Rodrigues Barros;6.70
8693;Matheus Castro Barros;1.68
23504;Vitoria Carvalho Almeida;9.48
28021;Vinicius Silva Oliveira;9.21
27028;Luís Barbosa Santos;4.68
13420;Caio Barbosa Goncalves;4.90
4607;Estevan Almeida Goncalves;2.66
8806;Thiago Barbosa Goncalves;9.97
25390;Manuela Barbosa Alves;3.63
25419;Evelyn Gomes Almeida;0.04
17581;Rafael Alves Rodrigues;4.29
19387;Caio Ribeiro Fernandes;2.11
25548;Julian Costa Rocha;2.24
23946;Miguel Rocha Cunha;7.29
15575;Douglas Cardoso Alves;5.78
255;Leonor Ribeiro Barbosa;2.73
6466;Rodrigo Alves Rocha;8.01
5476;Melissa Fernandes Almeida;5.14
9747;Ana Cavalcanti Cavalcanti;0.76
29123;Rodrigo Martins Pereira;4.76
10526;Arthur Pinto Barbosa;0.51
9893;Fernanda Lima Cardoso;2.22
15505;Arthur Santos Souza;6.56
15883;Raissa Correia Cunha;4.67
24101;Evelyn Fernandes Araujo;5.52
11450;André Pereira Silva;8.06
6682;Murilo Dias Dias;9.23
24049;Emilly Ribeiro Fernandes;3.82
554;Luan Melo Lima;5.32
24045;Murilo Dias Pinto;9.28
978;João Correia Dias;7.02
12966;Julia Pereira Gomes;4.84
351;Leonardo Cavalcanti Lima;0.96
3067;Thaís Barbosa Oliveira;8.93
11099;Kaua Pereira Fernandes;4.98
3230;Eduarda Almeida Sousa;5.78
751;Julieta Pereira Martins;8.93
13906;Breno Costa Araujo;0.17
3480;Larissa Castro Lima;3.44
11366;Melissa Rodrigues Ferreira;4.92
6696;Otávio Martins Gomes;2.79
4312;Marina Cunha Ferreira;0.46
4838;Sofia Barros Almeida;6.36
26726;Amanda Azevedo Correia;6.31
24873;Thiago Oliveira Fernandes;6.46
20714;Camila Cunha Alves;3.97
21597;Thaís Cardoso Barbosa;4.88
18425;Matheus Ribeiro Ribeiro;1.37
2474;Gabrielly Barbosa Pereira;3.60
4408;Tomás Ribeiro Silva;3.82
672;Matheus Ribeiro Pereira;1.13
22476;Carla Barbosa Melo;2.79
2897;Tânia Azevedo Pereira;6.11
11421;Bruno Souza Barbosa;1.47
6317;Sophia Souza Carvalho;2.39
17952;Thaís Almeida Santos;9.56
7255;Bruna Araujo Costa;7.88
29001;Ana Barbosa Pereira;8.64
12187;Alice Cavalcanti Ribeiro;6.59
1778;Luiza Cunha Pinto;1.72
2640;Sofia Sousa Souza;4.92
19538;Bruno Ribeiro Costa;3.00
21656;Murilo Oliveira Castro;8.05
17964;Martim Rocha Barbosa;7.62
1286;Luan Rodrigues Cunha;0.32
19862;Lara Alves Pereira;7.38
24705;Carla Dias Barros;7.94
9610;Emily Castro Gomes;7.35
16526;Kai Martins Pinto;3.60
5693;Carlos Cardoso Azevedo;2.38
5531;Alex Correia Souza;3.04
1174;Bruna Carvalho Cunha;7.07
13047;Kauê Barros Ferreira;3.66
18302;Erick Oliveira Azevedo;8.35
26701;Carla Dias Barbosa;4.52
2628;Vitór Alves Cardoso;4.31
11067;Tânia Ferreira Santos;1.35
11365;Paulo Goncalves Barbosa;8.88
9270;Vitória Melo Barbosa;0.09
26869;Marisa Alves Melo;6.15
17640;Vitór Castro Cavalcanti;9.96
15675;Kauã Carvalho Pinto;7.70
27542;Vinícius Dias Martins;4.62
3048;Diogo Carvalho Pinto;9.59
21723;Marcos Barros Rocha;4.45
10737;Kaua Costa Goncalves;3.35
18528;Matheus Ribeiro Cardoso;5.75
5610;Tânia Correia Azevedo;5.19
6876;Julia Gomes Cavalcanti;8.23
10902;Victor Castro Araujo;6.77
18577;Sofia Sousa Carvalho;7.92
26067;Eduardo Ribeiro Castro;1.29
21867;Kauê Cardoso Goncalves;6.23
2163;Leila Dias Sousa;2.09
19481;Estevan Castro Ribeiro;1.57
12465;Luiza Cardoso Barbosa;7.67
10008;Vitor Oliveira Martins;1.90
6550;Vitór Gomes Gomes;8.42
1731;Marina Sousa Carvalho;5.69
8681;Daniel Carvalho Lima;3.15
18707;João Araujo Martins;3.07
17644;Fernanda Alves Martins;3.31
16439;Tomás Gomes Pereira;9.23
22640;Eduarda Oliveira Melo;3.95
29736;Victor Castro Martins;6.09
8428;Danilo Carvalho Cardoso;0.27
5032;Tiago Rocha Barros;2.87
26391;Júlio Silva Fernandes;9.97
15562;Nicole Gomes Rodrigues;4.49
10187;Laura Alves Santos;8.33
10022;Kaua Correia Goncalves;0.91
27351;Aline Souza Dias;1.93
13762;Erick Cunha Alves;8.13
10891;Sophia Carvalho Sousa;3.00
12253;Tomás Ferreira Pereira;0.88
17101;Camila Martins Alves;3.11
3253;Camila Gomes Araujo;0.50
25264;Leonor Gomes Pinto;4.90
6255;Victor Pereira Cunha;3.20
7430;Luís Barbosa Costa;6.22
10757;Carolina Barros Pereira;6.12
25553;Tomás Pereira Rodrigues;4.78
24388;Manuela Cardoso Correia;0.49
22771;Danilo Cavalcanti Carvalho;6.84
24076;Gabrielly Pinto Dias;6.75
27804;Gustavo Carvalho Castro;8.85
1202;Lavinia Rocha Cunha;1.10
16130;Julia Almeida Cunha;0.38
27870;Livia Cavalcanti Rocha;9.52
877;Eduardo Oliveira Araujo;0.85
25376;Miguel Silva Araujo;7.61
25877;Matheus Araujo Almeida;6.35
2710;Marcos Carvalho Rocha;2.30
6592;Clara Azevedo Martins;9.95
13276;Nicolas Melo Rocha;4.22
4316;Vitor Castro Dias;10.00
11076;Carla Ferreira Lima;3.32
9586;Julia Carvalho Alves;7.56
21002;Rafael Cavalcanti Ferreira;2.46
12047;Tomás Barros Souza;3.63
26097;Thiago Pinto Barbosa;8.43
25915;Raissa Melo Rodrigues;3.06
6384;Isabella Souza Melo;8.63
24094;Pedro Melo Silva;7.92
24941;Guilherme Ribeiro Almeida;4.12
15151;Julia Gomes Azevedo;0.48
17818;Giovana Cardoso Rodrigues;7.03
11762;Bianca Sousa Carvalho;5.03
462;Lara Melo Cavalcanti;9.17
4665;Gabriela Azevedo Sousa;4.56
19297;Pedro Alves Ribeiro;4.58
29668;Leila Martins Cavalcanti;9.95
19796;Sarah Cunha Martins;0.28
286;Rodrigo Rodrigues Pereira;8.00
7308;Isabela Ribeiro Sousa;6.35
21809;Diego Oliveira Cavalcanti;7.06
5323;Gabriel Ribeiro Costa;7.21
14586;Rafael Azevedo Sousa;1.55
11870;Evelyn Fernandes Silva;3.10
15702;Nicolas Gomes Azevedo;4.75
7909;Fernanda Lima Araujo;9.45
513;Rafael Rodrigues Araujo;8.26
29490;Carla Melo Ribeiro;4.56
25806;Brenda Costa Dias;2.27
14264;Eduardo Correia Dias;8.13
23406;Lucas Pereira Sousa;9.14
21884;Vitór Melo Melo;4.21
3057;Aline Sousa Correia;9.11
3834;Camila Barbosa Gomes;0.94
29627;Rafael Ribeiro Pereira;6.81
13003;Fernanda Cavalcanti Pereira;9.43
14132;Vinicius Almeida Barbosa;3.62
11766;Julian Barbosa Carvalho;2.86
29070;Letícia Barros Correia;0.33
22560;Clara Ribeiro Melo;2.92
23584;Clara Almeida Fernandes;3.61
5258;Julian Goncalves Dias;4.99
5767;Nicolash Cardoso Cunha;3.74
3126;Thaís Ribeiro Lima;1.00
29922;Marina Santos Lima;8.09
22520;Kai Martins Cavalcanti;4.05
12600;Diogo Barbosa Barros;9.47
5400;Rafael Dias Almeida;4.30
15576;Mariana Melo Melo;1.16
7268;Vitória Rocha Goncalves;0.64
19285;Larissa Goncalves Dias;9.29
13031;Vitória Fernandes Barros;9.79
27830;Luís Almeida Barros;1.01
502;Leonardo Cardoso Cardoso;5.01
7978;Tânia Lima Oliveira;6.69
1807;Marisa Gomes Souza;9.39
1412;Kauã Carvalho Lima;2.88
21671;Carla Lima Pereira;6.15
21252;Giovana Correia Almeida;0.84
26175;Júlia Cavalcanti Correia;7.25
29299;Marcos Dias Correia;3.92
26980;Thaís Pereira Gomes;5.57
12954;Isabela Oliveira Castro;4.49
11571;Daniel Cardoso Azevedo;7.95
9461;Julian Santos Castro;0.64
3387;Cauã Gomes Dias;3.07
2211;Gabrielle Correia Santos;9.34
11814;Murilo Rocha Alves;6.20
5938;Leonardo Barbosa Costa;7.75
7258;Rafael Cardoso Alves;8.12
13107;Luís Araujo Ferreira;3.42
8733;Luiz Carvalho Dias;3.64
8900;Otávio Fernandes Costa;4.55
21744;Thaís Ferreira Pinto;7.76
6803;Danilo Costa Sousa;1.97
26307;Melissa Melo Martins;5.06
29048;Gabriela Pereira Dias;5.32
10493;Isabelle Lima Rocha;8.86
4188;Sarah Araujo Goncalves;9.72
20284;Emily Azevedo Rocha;6.69
24589;Breno Goncalves Cunha;2.65
5684;Fernanda Gomes Alves;2.13
4120;Vitoria Gomes Rocha;1.03
26658;Beatriz Correia Barbosa;0.33
27952;Kauan Fernandes Fernandes;2.25
10922;Yasmin Almeida Pinto;6.50
1650;Bianca Souza Dias;0.26
1515;Tânia Santos Lima;8.27
3074;Vitór Araujo Fernandes;0.91
13920;Carolina Rocha Gomes;8.35
20093;André Melo Rodrigues;9.07
15384;Leila Cardoso Souza;3.09
6587;João Correia Carvalho;1.71
5978;Vitoria Gomes Almeida;1.94
28801;Mateus Oliveira Rocha;6.66
7794;Erick Melo Oliveira;8.23
27234;Letícia Sousa Cavalcanti;3.94
17418;Fábio Goncalves Ribeiro;5.98
24362;Tânia Araujo Martins;0.25
21930;Luís Alves Correia;2.81
13145;Rafaela Costa Costa;1.95
3692;Ágatha Gomes Correia;7.15
12803;Leonardo Ferreira Dias;6.95
17701;Júlio Pinto Carvalho;1.07
28459;Tânia Barros Ferreira;0.30
14756;Tânia Barros Alves;0.49
15126;Gabrielly Silva Costa;2.00
29095;Emilly Santos Fernandes;6.82
4310;Ana Rodrigues Melo;7.32
22292;Luiz Goncalves Gomes;5.73
17087;Ágatha Castro Souza;0.82
7055;Kauã Rocha Alves;3.96
18940;Danilo Barros Dias;0.14
23926;Rebeca Lima Dias;4.59
24392;Ana Fernandes Souza;2.45
11932;Carolina Costa Santos;6.58
14666;Diego Rocha Goncalves;8.07
21922;Amanda Oliveira Cavalcanti;8.80
16702;Marina Silva Gomes;2.46
29719;Luiza Carvalho Correia;1.99
23292;Otávio Alves Silva;3.88
21338;Bruno Azevedo Castro;7.34
4843;Cauã Costa Pereira;5.20
18116;Marisa Cunha Cavalcanti;4.53
25478;Raissa Costa Goncalves;4.60
18188;Yasmin Pereira Alves;2.45
15771;Matilde Azevedo Araujo;4.51
24575;Eduardo Ferreira Pereira;0.72
7823;Matilde Ferreira Castro;9.68
26478;Matheus Barbosa Dias;8.82
22774;Nicolash Cavalcanti Goncalves;5.91
16416;Evelyn Melo Barbosa;6.20
19066;Vinicius Araujo Lima;4.18
890;Yasmin Goncalves Barros;7.44
13314;Manuela Alves Silva;3.50
21535;Giovanna Fernandes Oliveira;8.71
23729;Victor Araujo Barros;8.41
8942;Mateus Rocha Carvalho;2.03
24730;Júlio Dias Martins;8.93
6275;Luis Almeida Cunha;0.21
19039;Evelyn Oliveira Almeida;6.09
24663;Ryan Rodrigues Alves;4.59
5870;Eduardo Goncalves Melo;7.60
1609;Mariana Castro Cardoso;5.50
10299;Danilo Barbosa Rocha;1.99
15670;Rodrigo Azevedo Araujo;8.89
25741;Emily Lima Pereira;1.15
3448;Diogo Rodrigues Silva;7.86
2148;Matheus Silva Almeida;6.95
19364;Antônio Carvalho Rodrigues;8.13
15070;Carla Dias Rocha;1.35
20220;Igor Costa Sousa;4.30
9490;Kai Sousa Carvalho;4.29
22372;Eduardo Lima Sousa;1.77
11376;Matilde Ribeiro Cardoso;6.17
14628;Clara Melo Carvalho;5.75
21028;Rebeca Cavalcanti Ferreira;3.97
11002;Ryan Pinto Araujo;3.21
12707;Julia Goncalves Correia;5.91
15221;Vinícius Santos Rodrigues;5.41
6903;Danilo Martins Oliveira;9.99
9101;Luan Martins Ferreira;9.44
26839;Gabriela Dias Silva;9.68
15353;Joao Rocha Cavalcanti;4.00
18808;Gabriel Cavalcanti Fernandes;7.07
19903;Daniel Fernandes Martins;5.45
8971;Emilly Sousa Barbosa;5.35
15446;Camila Fernandes Castro;6.87
4302;Vinicius Goncalves Cavalcanti;9.54
27661;Rebeca Almeida Araujo;8.36
17219;Alex Azevedo Carvalho;6.01
21300;Otávio Rocha Cavalcanti;8.97
8420;Rebeca Oliveira Oliveira;5.62
26615;Luan Araujo Araujo;8.45
18764;Luana Santos Santos;2.33
27370;Gabriel Cardoso Santos;0.60
8172;Marisa Gomes Almeida;8.38
27415;Luiz Araujo Barbosa;1.08
4714;Lucas Ribeiro Goncalves;1.57
7750;Kauan Pinto Ferreira;5.10
7446;Julian Lima Martins;8.65
2936;Gustavo Lima Lima;1.69
20145;Marcos Goncalves Goncalves;7.38
20153;Marisa Castro Carvalho;4.16
9152;Marina Oliveira Cunha;9.18
22671;Leonor Santos Araujo;5.73
18584;Beatrice Araujo Gomes;5.87
17477;Julieta Cavalcanti Pereira;0.70
2256;Marcos Cunha Sousa;2.42
29113;Erick Fernandes Barbosa;9.66
20699;Marcos Azevedo Dias;2.41
15380;Fernanda Fernandes Barbosa;6.00
26510;Luana Barros Costa;2.42
10256;Vitor Martins Oliveira;0.26
679;Clara Correia Martins;2.95
8501;Antônio Castro Azevedo;3.52
16925;Guilherme Barbosa Cunha;2.20
7814;Lucas Cavalcanti Castro;6.16
27357;Kaua Costa Araujo;0.06
22186;Alice Barbosa Barbosa;8.02
16619;Vinícius Rodrigues Souza;7.25
10911;Fábio Oliveira Souza;1.95
28553;Davi Martins Silva;3.08
12805;Vitória Pereira Correia;7.28
14858;Rafael Melo Cardoso;1.59
22751;Cauã Goncalves Goncalves;9.45
11064;Rodrigo Oliveira Correia;9.29
25357;Luiza Pinto Oliveira;8.07
29080;Felipe Dias Rodrigues;9.57
14924;Sarah Cardoso Castro;0.31
22114;Ágatha Ribeiro Oliveira;3.40
19956;Danilo Melo Alves;2.49
13328;Kauan Carvalho Martins;5.57
18915;Luís Lima Pereira;4.64
3743;Kaua Lima Melo;0.39
2057;Eduardo Pinto Barros;9.64
8485;Alice Araujo Souza;7.04
10118;Matilde Goncalves Cardoso;7.35
20808;Amanda Cunha Ribeiro;4.89
25021;Tomás Martins Fernandes;6.60
1399;Marisa Rodrigues Costa;3.31
8992;Vitór Barros Ribeiro;3.11
12368;Beatrice Fernandes Ribeiro;0.71
14011;Júlio Carvalho Lima;3.08
15579;Luiza Alves Sousa;9.98
10893;Marisa Rocha Araujo;0.74
20081;Tomás Cardoso Pinto;2.23
10255;Fernanda Gomes Ribeiro;2.30
22971;Vitór Azevedo Almeida;9.92
16826;Breno Cavalcanti Melo;9.02
17794;Ágatha Santos Ribeiro;1.72
14994;Beatriz Sousa Goncalves;2.49
14685;Raissa Gomes Pereira;1.16
14906;João Azevedo Souza;8.81
12780;Samuel Fernandes Rocha;9.06
17902;Douglas Goncalves Correia;5.17
25016;Raissa Azevedo Lima;2.39
24989;Igor Martins Cardoso;6.44
12589;Kauã Rodrigues Carvalho;9.19
10334;Arthur Cunha Azevedo;8.30
12467;Caio Melo Rocha;4.90
25988;Douglas Silva Martins;1.92
11681;Fábio Cardoso Azevedo;6.85
28901;Amanda Rodrigues Costa;8.04
27942;Beatriz Fernandes Rodrigues;3.54
9822;Vitória Santos Pinto;9.31
11997;Marcos Ferreira Alves;2.45
17453;Alex Sousa Carvalho;1.89
15347;Mariana Silva Pinto;2.83
10629;Leonor Cavalcanti Rodrigues;2.72
22510;Julia Pereira Almeida;7.71
12834;Rafael Carvalho Rocha;5.92
28366;Vitoria Oliveira Gomes;3.26
23172;Beatrice Gomes Souza;3.22
10714;Letícia Castro Araujo;5.62
15237;Samuel Ferreira Dias;8.42
169;Miguel Barros Barbosa;3.58
24178;Sophia Azevedo Ribeiro;1.58
24615;Thaís Alves Castro;3.21
13519;Enzo Silva Goncalves;0.56
4861;Fábio Azevedo Cavalcanti;2.16
20912;Gustavo Martins Goncalves;2.00
437;Lavinia Melo Alves;1.17
23630;Vinícius Goncalves Gomes;6.70
15526;Kauê Ribeiro Correia;0.19
28407;Marisa Gomes Sousa;9.31
16601;Matheus Fernandes Melo;1.43
13938;Thiago Cunha Correia;9.77
21585;Eduarda Oliveira Alves;7.88
8994;Marisa Lima Cunha;5.81
13066;Gabriela Rodrigues Martins;4.02
1692;Emilly Fernandes Castro;1.14
4985;Thiago Oliveira Souza;0.92
28663;Diogo Azevedo Cunha;6.97
25739;Melissa Castro Rodrigues;5.30
2035;João Dias Araujo;8.22
7907;Carlos Araujo Rodrigues;1.04
28296;Matilde Rodrigues Ribeiro;8.81
16247;Diego Rocha Cunha;1.57
27220;Carolina Castro Alves;0.91
10155;Sofia Rocha Azevedo;8.59
20434;Felipe Santos Ribeiro;8.88
7709;Marcos Gomes Castro;5.03
11669;Leonardo Rodrigues Ribeiro;1.29
24797;Leonor Almeida Barbosa;8.06
10076;Kauan Rocha Pereira;2.29
9861;Mariana Dias Dias;4.20
27939;Luana Cavalcanti Cavalcanti;7.91
29648;Isabella Cunha Cardoso;2.04
19130;Estevan Santos Cardoso;1.07
1167;Vitór Castro Correia;9.20
1777;Erick Rodrigues Oliveira;2.49
1010;Diogo Lima Pereira;7.36
853;Igor Fernandes Pereira;2.54
17282;Mariana Pinto Dias;0.28
20755;Daniel Costa Sousa;8.14
12339;Bruna Barros Goncalves;3.41
14397;Mariana Costa Alves;7.03
13385;Raissa Barbosa Sousa;7.89
28272;Laura Goncalves Almeida;4.71
18946;Marcos Cunha Silva;9.84
12481;Leonor Pereira Azevedo;0.32
8051;Evelyn Martins Rocha;5.03
22924;Sarah Cavalcanti Barros;4.31
25074;Amanda Ribeiro Santos;2.63
14825;Julia Barbosa Santos;9.08
24209;Laura Rocha Barros;1.32
17500;Danilo Sousa Cavalcanti;6.05
24315;Vinicius Araujo Correia;2.36
13018;Larissa Fernandes Barbosa;7.33
7876;Nicolash Cavalcanti Araujo;5.23
84;Matilde Castro Souza;2.33
10025;Evelyn Gomes Castro;3.80
24531;Nicolash Alves Sousa;3.83
18544;Eduardo Pinto Correia;1.25
15101;Samuel Santos Rodrigues;6.80
20938;Caio Pinto Ferreira;4.28
3880;Arthur Fernandes Gomes;8.84
28087;Marina Pereira Fernandes;5.76
27050;Sofia Rodrigues Cardoso;9.44
2865;Martim Azevedo Lima;6.90
12814;Carla Dias Ribeiro;8.85
22359;Bruno Dias Fernandes;1.73
15254;Daniel Fernandes Cavalcanti;5.66
18772;Rebeca Almeida Araujo;0.90
16990;Enzo Araujo Pinto;5.87
3331;Nicolas Oliveira Fernandes;4.66
29127;Tiago Cardoso Santos;1.38
16821;Kaua Ferreira Rocha;1.28
23212;Miguel Lima Alves;2.29
16166;Isabelle Oliveira Fernandes;9.82
2081;Breno Lima Ribeiro;5.50
17359;Rebeca Cavalcanti Pereira;1.54
25765;Brenda Lima Correia;2.63
3736;Danilo Carvalho Costa;8.78
19643;João Melo Gomes;1.60
2881;Sofia Souza Santos;9.96
29673;Marina Melo Barbosa;8.95
9823;Tânia Rodrigues Rocha;5.10
10260;Thaís Castro Fernandes;9.04
24046;Diego Rocha Santos;5.21
17675;Leila Goncalves Cardoso;8.13
21605;Kauã Pereira Dias;6.23
9820;Eduarda Alves Santos;4.17
23652;Cauã Dias Costa;6.60
10949;Igor Azevedo Cunha;8.30
28748;Diego Cardoso Rodrigues;6.56
11180;Luiza Cavalcanti Rodrigues;6.58
13859;Renan Souza Ferreira;0.23
17606;João Castro Cavalcanti;6.15
8236;Antônio Carvalho Rodrigues;7.04
9188;Luiz Alves Oliveira;0.77
11806;Luís Dias Cunha;6.29
12332;Kai Pinto Martins;9.06
20636;Victor Alves Cunha;0.23
28314;Kauê Goncalves Ferreira;9.84
13082;Leonor Rocha Fernandes;1.39
6398;Arthur Dias Rocha;1.99
13185;Erick Souza Araujo;4.78
5535;Martim Goncalves Cunha;8.66
22919;Isabelle Carvalho Goncalves;1.56
15782;Arthur Melo Cunha;6.47
18128;Martim Almeida Rodrigues;1.16
26373;Raissa Melo Gomes;1.01
6781;Diogo Costa Martins;8.65
13855;Carla Oliveira Sousa;0.63
18522;Vinícius Pereira Barros;8.11
25827;Laura Alves Cunha;4.94
29359;Samuel Araujo Silva;4.39
13029;Gabrielly Santos Carvalho;6.36
10935;Rafael Barbosa Ferreira;9.46
13856;Livia Fernandes Barbosa;3.37
23390;Rafael Melo Santos;2.68
14766;Luiz Carvalho Barros;5.88
17311;Lara Silva Barbosa;7.75
18708;Eduarda Costa Pereira;8.14
17183;João Cardoso Ferreira;7.42
12361;Livia Azevedo Carvalho;8.13
1361;Gabriela Sousa Costa;7.63
3915;Yasmin Cunha Goncalves;1.20
16118;Vitória Barbosa Fernandes;5.11
20136;Lucas Rodrigues Araujo;3.71
20682;Ana Dias Cardoso;3.30
9592;Vitór Melo Martins;4.36
24405;Felipe Cavalcanti Oliveira;2.79
25984;Tiago Cardoso Fernandes;4.14
6757;Nicolash Costa Cardoso;6.33
25592;Antônio Almeida Santos;0.87
8338;Alex Lima Barros;6.25
6174;Thiago Gomes Azevedo;5.11
19520;Kaua Correia Cardoso;8.23
23719;Brenda Castro Oliveira;2.64
8526;Luan Cunha Ribeiro;8.76
26058;Luís Silva Oliveira;3.86
19303;Larissa Cunha Pinto;7.76
91;Marcos Lima Cunha;7.77
25003;Diogo Castro Ribeiro;6.58
14873;Vitoria Correia Correia;4.73
16025;Erick Pereira Fernandes;4.11
10862;Gabrielle Pinto Oliveira;7.59
19099;Isabelle Ferreira Gomes;9.70
19241;Marina Gomes Santos;2.00
13268;Julieta Pinto Correia;6.98
17009;Daniel Santos Silva;9.97
8313;Giovana Sousa Pinto;0.54
25436;Julia Goncalves Correia;6.51
24033;Lavinia Cavalcanti Ferreira;3.55
23635;Alex Barbosa Martins;7.68
21714;Luan Barros Sousa;8.50
7733;Marisa Martins Souza;3.38
13098;Emily Melo Ferreira;6.43
24576;Isabella Souza Rocha;1.93
23815;Vitória Goncalves Rocha;0.13
7559;Beatriz Azevedo Cardoso;9.64
25162;Rodrigo Cunha Ribeiro;2.06
13456;Emily Souza Lima;2.91
5028;Sarah Costa Oliveira;6.32
4057;Ágatha Carvalho Correia;5.19
11860;Davi Pinto Carvalho;6.09
2146;Ana Costa Cardoso;7.19
14718;Emilly Ribeiro Lima;4.69
19546;Vinicius Melo Costa;3.23
10090;Victor Araujo Castro;8.63
1027;Lucas Oliveira Almeida;8.05
8329;Beatriz Rodrigues Pereira;5.31
21951;Marisa Cunha Melo;0.07
15305;Brenda Sousa Melo;9.51
16303;Vitor Araujo Ribeiro;4.93
29477;Luana Araujo Goncalves;0.65
21187;Vitór Martins Martins;5.92
21015;Luís Cunha Araujo;7.86
19414;Rodrigo Araujo Ribeiro;7.18
29622;Beatrice Dias Correia;0.15
4999;Thiago Almeida Alves;3.65
21722;Bianca Gomes Carvalho;9.61
9740;Davi Cavalcanti Melo;8.92
20350;Vinícius Ferreira Pinto;4.08
8682;Victor Souza Castro;2.25
10887;Sarah Oliveira Carvalho;2.96
16995;Carolina Alves Carvalho;5.63
23781;Manuela Costa Fernandes;5.25
128;Sofia Silva Barros;0.60
1180;Isabela Azevedo Goncalves;9.92
7685;Aline Lima Barbosa;7.75
29004;Luiz Cavalcanti Lima;8.01
25638;Murilo Azevedo Gomes;3.05
3308;Beatrice Barbosa Almeida;8.25
11297;Bruno Barbosa Ribeiro;3.19
26142;Kauã Souza Carvalho;1.94
27483;Giovanna Rocha Pereira;2.27
5002;Danilo Rocha Barbosa;8.54
18699;Paulo Lima Barbosa;8.88
24241;Leila Costa Castro;3.59
10688;Livia Lima Almeida;8.38
491;Paulo Cardoso Barbosa;2.47
21417;Nicolas Lima Cardoso;9.10
12197;Tomás Pereira Melo;7.61
11990;Beatrice Cavalcanti Barros;5.08
4918;Arthur Carvalho Costa;4.00
12439;Kaua Fernandes Fernandes;1.42
18059;Luiz Costa Santos;5.52
13490;Alex Martins Lima;0.53
8715;Guilherme Cardoso Rodrigues;2.60
20006;Estevan Santos Santos;1.20
18778;Luis Cardoso Souza;7.66
28885;Luan Sousa Fernandes;3.55
15528;Luis Souza Fernandes;5.23
8274;Gabriel Cardoso Cardoso;3.97
25387;Vitor Goncalves Alves;6.53
18359;Alice Azevedo Cunha;6.71
17145;Sofia Carvalho Cardoso;3.87
16231;Martim Azevedo Dias;1.57
15021;Clara Cardoso Dias;5.97
11749;Guilherme Santos Lima;6.78
24018;Kauê Rodrigues Melo;8.01
26483;Estevan Araujo Cardoso;5.41
13376;Melissa Cavalcanti Oliveira;3.85
6048;Emily Silva Goncalves;9.80
29515;Maria Silva Carvalho;3.54
3340;Danilo Costa Fernandes;3.39
29059;Estevan Alves Cunha;6.48
4847;Brenda Rocha Silva;6.88
16808;Murilo Correia Almeida;8.96
4894;Julieta Ribeiro Correia;8.38
7878;José Rocha Rocha;7.79
4230;Raissa Almeida Sousa;2.66
22379;Samuel Alves Costa;6.89
1513;Anna Cunha Castro;5.20
15088;Isabella Cunha Araujo;9.29
11125;Julian Correia Pereira;3.38
7063;Carla Martins Carvalho;0.11
26261;Ágatha Rodrigues Goncalves;9.92
10071;Ryan Carvalho Goncalves;3.01
8608;Manuela Ribeiro Almeida;0.89
18963;Nicolas Barbosa Ribeiro;9.09
3821;Guilherme Rodrigues Cunha;5.20
11664;Livia Alves Fernandes;5.76
10199;Isabelle Almeida Ribeiro;5.69
11304;Julia Ribeiro Ribeiro;3.89
21072;João Azevedo Correia;0.28
23971;Julian Almeida Cunha;2.92
2926;Gustavo Sousa Ferreira;6.82
3630;Diego Barros Cavalcanti;0.97
24040;Breno Araujo Pereira;3.98
3941;Bianca Lima Azevedo;7.63
14406;Alex Carvalho Barbosa;4.69
14821;Arthur Fernandes Cavalcanti;6.05
28190;Kauê Correia Gomes;2.53
29511;Lara Melo Gomes;9.02
4720;Eduardo Gomes Gomes;7.62
7;Beatrice Cunha Silva;3.55
7325;Guilherme Ferreira Carvalho;6.87
28575;Luan Souza Souza;9.80
19628;João Rocha Carvalho;5.75
14627;Erick Azevedo Cavalcanti;8.63
26434;Luan Correia Martins;9.39
4785;Isabelle Barros Cardoso;1.46
14623;Kauê Gomes Costa;3.65
11950;Laura Dias Castro;5.54
21008;Nicole Cavalcanti Goncalves;7.97
29885;Gabrielly Castro Cavalcanti;9.79
14373;Davi Martins Barros;6.72
15618;Fernanda Ferreira Rocha;1.36
29009;Emilly Barros Barbosa;3.26
5085;Tomás Rocha Goncalves;9.83
29568;Diego Carvalho Lima;8.67
23747;Julieta Almeida Almeida;4.15
11836;Carolina Araujo Santos;5.00
4460;Gabriel Barros Cavalcanti;1.22
16932;Daniel Cavalcanti Martins;7.34
24302;Lucas Melo Almeida;3.05
20124;Julian Azevedo Pinto;5.49
23439;Murilo Carvalho Santos;6.23
5088;Kai Barros Santos;8.13
27700;Rafael Cavalcanti Costa;2.07
14857;Giovana Dias Barbosa;7.20
18684;Eduarda Castro Lima;7.57
11462;Mateus Cavalcanti Correia;2.34
16491;Carolina Santos Ferreira;8.58
24980;Vitor Melo Barros;8.65
2841;Brenda Goncalves Ribeiro;3.47
1852;Bruno Rocha Ribeiro;7.16
4234;Amanda Almeida Correia;8.23
610;Nicole Carvalho Cunha;5.58
7715;Marisa Rocha Rocha;5.21
2030;Bruna Goncalves Alves;2.95
13170;Danilo Carvalho Almeida;5.49
15775;Camila Goncalves Pinto;7.19
27570;Samuel Silva Lima;1.54
28283;Vinícius Ferreira Castro;5.80
7241;Tiago Almeida Melo;1.71
29072;Douglas Sousa Araujo;3.15
15856;Anna Correia Silva;6.67
12641;Mateus Cavalcanti Silva;6.45
17452;Martim Gomes Souza;6.24
5934;Mariana Martins Goncalves;6.48
20727;Matilde Martins Castro;7.78
16463;Isabelle Souza Castro;9.08
26703;Luís Castro Lima;5.67
14578;Murilo Souza Costa;8.81
6172;Bruno Castro Araujo;5.77
9876;Gabriel Souza Martins;5.84
14918;Davi Cardoso Rocha;1.19
16126;Emily Barros Cardoso;7.19
8306;Matheus Rodrigues Rocha;3.74
27697;Kaua Goncalves Goncalves;9.31
16951;Julia Barbosa Sousa;1.11
15735;Matilde Almeida Fernandes;4.59
20603;Sarah Pinto Barros;7.42
946;Davi Almeida Fernandes;8.79
9537;Cauã Martins Barbosa;5.09
8664;Diego Ribeiro Cavalcanti;0.93
9187;Beatriz Ferreira Barbosa;5.00
1490;Nicolas Souza Gomes;3.15
16142;Matheus Alves Costa;4.52
15486;Gabrielle Cavalcanti Melo;5.43
11;Lavinia Barbosa Silva;2.13
8991;Gabriela Souza Correia;6.05
7601;Vitoria Carvalho Melo;6.05
23280;Giovana Goncalves Castro;3.65
25584;Breno Lima Silva;1.51
19382;Gabrielle Barbosa Santos;0.83
13113;João Silva Silva;8.69
9771;Alice Costa Azevedo;9.70
19792;Luiz Fernandes Pereira;0.46
6159;Rebeca Cunha Sousa;0.11
8625;Samuel Costa Gomes;8.26
20894;Luiz Lima Azevedo;6.26
27420;Daniel Costa Pereira;4.47
22098;Kauã Correia Barros;7.26
26835;Tânia Silva Araujo;3.18
26383;Letícia Oliveira Araujo;6.35
13389;Bianca Rodrigues Oliveira;9.09
19964;Leonor Lima Alves;5.82
10717;Isabelle Pinto Cavalcanti;0.55
6276;Marcos Pinto Alves;9.93
11293;Lara Araujo Rocha;4.32
20383;Pedro Cavalcanti Araujo;8.79
28373;Erick Castro Ribeiro;5.02
28758;Eduarda Barros Oliveira;6.52
3224;Diogo Pereira Pinto;6.85
26539;Luis Dias Carvalho;9.87
632;Nicole Alves Barros;3.12
17081;Martim Rocha Oliveira;2.01
11976;Evelyn Pereira Souza;4.01
8192;Isabelle Ribeiro Cardoso;1.21
19181;Kauê Oliveira Santos;8.34
10202;Kauê Costa Silva;7.31
228;Caio Gomes Correia;8.64
8268;Vitoria Cunha Fernandes;6.88
17082;Nicolash Lima Dias;1.00
22454;Isabela Goncalves Santos;0.11
29275;Sophia Ferreira Sousa;1.70
21350;Isabela Costa Cunha;2.41
23732;Caio Alves Santos;4.18
22171;Yasmin Cunha Lima;5.67
8859;Arthur Ferreira Sousa;9.37
5380;Kauan Almeida Almeida;0.72
4247;Kauê Ribeiro Melo;9.41
2470;Kai Sousa Azevedo;1.96
5053;Nicole Barros Correia;6.15
13959;Lavinia Araujo Pereira;5.15
7982;Erick Sousa Barros;8.53
18509;Danilo Barros Cardoso;1.96
15013;Luiza Melo Rocha;6.52
10694;Gustavo Santos Goncalves;2.62
402;Emilly Fernandes Azevedo;4.20
22798;Anna Souza Rocha;2.14
11391;Clara Pereira Correia;8.27
20130;Fábio Sousa Martins;4.71
14399;Emilly Santos Melo;2.58
28959;Thaís Silva Cavalcanti;9.82
21751;Thaís Melo Rocha;9.97
21772;Lavinia Almeida Cardoso;7.01
13227;Antônio Castro Rodrigues;3.95
7517;Victor Oliveira Rodrigues;3.75
22003;Luana Dias Lima;1.15
1134;Vitór Ferreira Souza;4.71
11432;Gabrielly Ferreira Ribeiro;7.13
11475;Diego Costa Azevedo;3.88
2775;Clara Barros Castro;2.50
15940;Douglas Correia Gomes;5.65
28551;Douglas Alves Barros;6.15
18145;Letícia Martins Barros;5.66
15098;Beatrice Martins Gomes;1.48
25497;Vitór Pinto Pinto;6.34
8848;Manuela Ferreira Oliveira;2.98
2365;Júlia Santos Barros;9.25
3950;Kauan Cunha Cardoso;1.43
27265;Melissa Lima Carvalho;10.00
8098;Gabriel Santos Cardoso;5.63
29197;Douglas Martins Cunha;3.53
20725;Giovana Fernandes Gomes;9.37
9583;Beatriz Rocha Rocha;4.12
9648;Kauê Costa Ferreira;5.49
17883;Vitor Cunha Cardoso;6.61
5283;Luana Araujo Araujo;1.79
18664;Otávio Araujo Araujo;3.92
26550;Victor Barros Rocha;6.84
19333;Matheus Almeida Silva;4.39
2729;Tânia Pinto Barros;5.66
13555;Igor Costa Costa;1.33
13793;Lara Rocha Azevedo;7.61
4679;Bruna Sousa Barbosa;0.48
18003;Bruna Santos Costa;2.56
16710;Arthur Araujo Barros;7.69
11927;Estevan Dias Barros;5.01
3392;Isabella Almeida Sousa;6.51
16069;Fernanda Martins Cunha;8.68
28874;Kai Rodrigues Castro;0.81
22557;Igor Azevedo Santos;6.68
12767;Breno Dias Cardoso;2.27
19961;Isabella Silva Fernandes;0.04
8135;Martim Pinto Cavalcanti;7.89
21257;Felipe Rodrigues Fernandes;5.34
9054;Isabella Oliveira Melo;0.51
900;Caio Sousa Fernandes;8.37
13096;Vitória Correia Castro;3.91
26521;Carla Correia Rodrigues;6.43
25227;Emilly Dias Castro;9.23
25221;Bruno Silva Oliveira;9.97
3127;Marcos Almeida Castro;2.14
14059;Rafael Fernandes Cavalcanti;1.48
20138;Gabriel Fernandes Oliveira;1.95
27134;Ágatha Rodrigues Rocha;5.58
27255;Amanda Cavalcanti Barbosa;5.27
13774;Vitór Carvalho Gomes;0.39
27567;Kauan Silva Correia;7.74
28033;Thaís Melo Pinto;7.91
225;Marisa Silva Castro;7.68
11541;Evelyn Ferreira Ferreira;0.69
14993;Breno Araujo Gomes;5.71
1195;Diego Melo Pereira;7.31
11532;Caio Carvalho Rocha;4.51
13353;Camila Correia Ribeiro;2.62
7153;Vitória Carvalho Rocha;6.71
24840;Marina Alves Ribeiro;1.15
23767;Carolina Pinto Barbosa;0.92
3281;Sarah Fernandes Almeida;8.38
26870;Luís Castro Barros;0.34
11809;Matilde Cavalcanti Gomes;0.38
28263;Marcos Correia Pinto;7.55
14709;Alice Lima Ribeiro;1.32
13833;Anna Ferreira Sousa;0.37
18899;Amanda Almeida Castro;3.35
23498;André Santos Pinto;6.92
24277;Vitór Alves Oliveira;0.59
8587;Luana Dias Fernandes;8.43
28846;Mariana Carvalho Fernandes;3.92
4087;Rodrigo Ferreira Lima;9.90
28308;Júlia Lima Goncalves;4.14
23760;Gabriel Souza Rodrigues;8.92
18011;Letícia Martins Costa;3.89
17353;Amanda Fernandes Fernandes;8.96
25398;André Melo Azevedo;1.61
14593;Kauê Pinto Rodrigues;2.03
13442;André Ferreira Fernandes;9.31
10172;Luana Lima Costa;8.08
15273;Leonor Castro Cardoso;3.48
15312;Mateus Rocha Melo;0.79
4826;Mateus Alves Ferreira;5.89
10860;Marcos Oliveira Araujo;2.73
9232;Paulo Araujo Rodrigues;6.06
29634;Marisa Alves Sousa;0.33
1575;Sofia Alves Barbosa;9.98
23660;Joao Almeida Rodrigues;7.36
17878;Isabelle Barbosa Cardoso;7.30
19403;Vitória Almeida Cunha;0.15
27161;Enzo Dias Carvalho;8.31
29276;Eduardo Almeida Sousa;5.17
23772;Felipe Cunha Pereira;6.99
26396;Kaua Oliveira Rocha;1.25
28137;Clara Carvalho Cunha;1.61
24358;Carolina Rodrigues Santos;1.07
9751;Bianca Lima Azevedo;2.38
11798;Julia Almeida Martins;9.69
6986;Vinícius Azevedo Pinto;0.26
23153;Bruno Rocha Barbosa;5.69
8916;André Ferreira Costa;0.49
12377;Igor Cavalcanti Correia;5.86
9362;Enzo Pinto Sousa;5.54
11319;Yasmin Souza Pinto;9.79
26804;Aline Almeida Goncalves;8.21
17400;Gabrielly Barros Pereira;2.85
14934;Amanda Alves Lima;9.12
11264;Daniel Ribeiro Castro;0.42
17472;Marisa Oliveira Araujo;2.53
28615;Julia Pinto Melo;0.18
24745;Luis Barros Barros;4.17
8455;Aline Souza Silva;6.50
22421;Camila Souza Barbosa;7.18
10807;Davi Ferreira Dias;8.44
11999;Julieta Martins Pereira;1.30
16032;Mariana Ferreira Gomes;6.88
18462;Carla Silva Carvalho;4.35
15583;Julia Cunha Alves;8.00
19770;Maria Gomes Cunha;6.94
14029;Gabrielle Ferreira Rodrigues;3.61
12074;Tiago Pinto Carvalho;7.42
29929;Paulo Carvalho Barros;4.62
24628;Vitor Pinto Ribeiro;1.48
2399;Lavinia Souza Dias;8.51
29823;Bianca Goncalves Rodrigues;9.95
6920;Lucas Costa Carvalho;6.71
28160;Bruna Rodrigues Araujo;6.17
17488;Enzo Cavalcanti Cardoso;3.90
19563;Diogo Melo Goncalves;9.83
2733;Kai Almeida Pinto;6.01
28482;Thiago Correia Fernandes;1.82
8677;Kaua Barbosa Ribeiro;2.51
21774;Manuela Barros Dias;0.03
6707;Emily Fernandes Cavalcanti;3.80
21552;Laura Oliveira Azevedo;6.00
2486;Matheus Ribeiro Cunha;9.21
21116;Emily Rocha Goncalves;8.99
2686;Gabrielle Cunha Ferreira;0.10
14056;Thiago Rocha Carvalho;1.50
24520;Arthur Cardoso Melo;2.30
2404;Matilde Barbosa Lima;7.69
17024;Igor Goncalves Carvalho;5.69
12843;Marcos Costa Castro;4.44
9051;Davi Lima Castro;2.20
21708;Yasmin Melo Araujo;1.89
16318;Miguel Santos Oliveira;0.51
21580;Bruna Rodrigues Martins;5.50
20327;Nicolas Santos Castro;8.83
298;Breno Costa Oliveira;3.60
4499;Fernanda Azevedo Melo;5.38
18872;Luiz Araujo Fernandes;6.12
23873;Rodrigo Martins Melo;7.60
6864;Martim Araujo Lima;8.54
19779;Júlio Araujo Araujo;8.74
7390;Mateus Ferreira Barros;8.24
1169;Thiago Cardoso Lima;3.35
27839;Letícia Fernandes Araujo;9.13
28784;Gustavo Melo Sousa;9.90
26847;Sarah Fernandes Oliveira;1.67
1050;Laura Cunha Azevedo;5.96
5835;Luana Melo Rodrigues;4.98
15887;Matheus Alves Fernandes;5.90
15907;Nicolas Correia Lima;6.09
13977;Danilo Santos Martins;9.59
26657;Antônio Silva Lima;3.46
9445;Sofia Correia Martins;2.70
9899;Clara Pereira Barros;9.01
7014;Fernanda Cardoso Alves;8.45
24874;Isabela Goncalves Silva;4.15
18151;Lara Lima Azevedo;2.85
18250;Julia Pereira Almeida;0.10
16449;Carla Azevedo Lima;6.43
24161;Beatriz Lima Rodrigues;5.01
16794;Carla Barbosa Correia;5.64
4444;Gabriel Carvalho Ferreira;8.99
19292;Gabrielly Pinto Azevedo;9.72
19976;Bruna Fernandes Goncalves;9.81
18725;José Ribeiro Barbosa;7.98
12573;Rafaela Ribeiro Rodrigues;1.85
8311;Maria Cunha Goncalves;0.58
15747;Marisa Melo Pereira;0.84
7531;Sofia Cunha Barros;6.00
15072;Giovanna Correia Ribeiro;1.95
13395;Clara Cardoso Martins;0.65
24466;Matheus Carvalho Sousa;3.48
27690;Caio Pinto Ferreira;0.17
18162;Nicole Carvalho Alves;6.44
21564;Sophia Dias Silva;0.04
10431;Fábio Azevedo Souza;1.22
224;Beatriz Goncalves Ribeiro;7.16
2320;Leonor Barbosa Pereira;6.98
12651;Ágatha Cardoso Santos;5.80
20134;Vitor Pinto Azevedo;4.01
14629;Gabriela Oliveira Araujo;9.84
10959;Kai Santos Alves;7.92
1223;Mateus Castro Ribeiro;9.31
24766;Fernanda Oliveira Araujo;7.06
18064;Vinicius Correia Fernandes;5.70
3885;Felipe Costa Barbosa;1.30
26074;Guilherme Pereira Costa;1.70
12135;Lara Castro Oliveira;8.89
18989;Diogo Carvalho Azevedo;7.91
13138;Victor Ferreira Dias;2.95
25674;Sofia Costa Barbosa;9.81
24993;Bianca Costa Dias;8.43
28148;Tânia Cardoso Almeida;2.64
19187;Joao Barbosa Martins;2.44
20149;Victor Goncalves Melo;6.83
28478;Carolina Rocha Cavalcanti;3.55
21948;Laura Cardoso Oliveira;9.23
23235;Arthur Silva Almeida;5.13
8523;Carolina Correia Cunha;3.64
15610;Gabriel Cavalcanti Barros;9.53
6295;Antônio Cavalcanti Sousa;6.59
29393;Clara Castro Souza;8.05
22625;Felipe Rodrigues Melo;2.08
21293;Gabrielle Fernandes Ribeiro;5.53
19118;Luana Azevedo Carvalho;8.29
7901;Nicole Melo Castro;2.45
4362;Danilo Gomes Cunha;8.97
17777;Lucas Alves Ribeiro;4.53
25981;Carolina Goncalves Silva;5.24
26206;Julian Souza Correia;8.24
18729;Kai Barbosa Rocha;6.35
10802;Carlos Melo Fernandes;8.38
13615;Sarah Ferreira Pinto;8.64
7427;Felipe Ribeiro Castro;2.13
4507;Felipe Martins Santos;4.16
2295;Brenda Ferreira Goncalves;0.50
3278;Carolina Gomes Fernandes;4.32
13287;Evelyn Santos Rocha;8.08
9068;Pedro Araujo Cardoso;3.43
19023;Júlio Correia Souza;2.59
27947;Gabriela Santos Martins;3.03
13829;Lara Carvalho Barbosa;5.55
14910;Emily Rocha Alves;0.08
11816;Davi Gomes Gomes;1.54
1581;Laura Castro Pinto;5.76
4114;Kauan Carvalho Silva;5.32
9025;Vitória Costa Almeida;1.59
11040;Giovana Ferreira Almeida;3.43
3307;Sofia Almeida Pinto;0.01
17296;Mariana Sousa Martins;3.42
24862;Julian Azevedo Gomes;3.20
6147;Enzo Ferreira Cavalcanti;7.43
16785;Enzo Carvalho Castro;9.29
215;Gabriela Fernandes Costa;6.17
20208;Lucas Sousa Cavalcanti;9.63
17512;Beatriz Ribeiro Sousa;6.80
4103;Enzo Correia Gomes;3.61
17844;Kauã Costa Rodrigues;5.58
7271;Matheus Barbosa Barros;2.46
3397;Gabrielle Ribeiro Carvalho;4.11
26324;Ana Cunha Cunha;0.25
14886;Marcos Rodrigues Barros;3.65
357;Kauê Cardoso Carvalho;6.39
25295;Melissa Araujo Silva;3.06
22449;Isabela Santos Martins;1.26
23564;Luana Costa Santos;7.86
27426;Júlia Barros Martins;3.43
3932;Emily Pereira Santos;6.37
12675;Kauã Correia Cardoso;5.95
1314;Vitoria Goncalves Carvalho;0.39
24623;Gabriela Correia Correia;5.45
8884;Isabella Souza Santos;5.43
26587;Felipe Martins Rodrigues;0.27
19444;Tomás Ferreira Rocha;0.34
4530;Erick Araujo Silva;8.29
4199;Renan Oliveira Costa;5.11
12358;Ágatha Almeida Martins;0.65
25511;Ryan Barbosa Correia;3.77
9287;Mariana Fernandes Araujo;6.28
15547;Julia Martins Pereira;3.31
23225;Nicole Dias Pinto;1.92
24817;Daniel Cavalcanti Dias;2.09
25743;Victor Castro Martins;6.64
7236;Murilo Souza Oliveira;9.52
458;Luiz Dias Silva;8.16
10219;Tânia Souza Correia;0.58
23623;Rafael Correia Barros;5.30
5906;Leonardo Azevedo Cunha;4.60
22363;Luiz Araujo Ribeiro;5.20
16154;Daniel Cavalcanti Costa;8.10
27490;Yasmin Carvalho Sousa;8.26
26500;João Cunha Cunha;0.00
23051;Kauã Ribeiro Melo;4.54
22739;Caio Alves Lima;5.54
8953;Luana Correia Azevedo;2.23
13642;Caio Lima Cardoso;2.50
7714;Emily Araujo Barbosa;9.02
1898;Marcos Rodrigues Pinto;2.08
16684;Martim Rodrigues Araujo;6.88
14582;Melissa Ferreira Martins;3.91
349;Fernanda Barros Dias;5.43
18463;Diogo Correia Rodrigues;9.71
8522;Sofia Martins Cardoso;1.14
29572;Leonardo Lima Sousa;7.75
28233;Kaua Fernandes Rocha;4.67
5036;Julian Cardoso Melo;6.03
18694;Giovana Silva Pinto;9.83
2773;Nicole Cavalcanti Alves;1.53
27858;Daniel Souza Araujo;1.28
22001;Bruno Correia Martins;4.98
18913;Douglas Goncalves Pinto;6.98
16959;João Melo Santos;5.43
9008;Estevan Barros Lima;3.76
4376;Kaua Rocha Costa;5.16
7117;Matheus Oliveira Souza;4.83
14165;Luís Santos Melo;0.54
20175;Julieta Ferreira Oliveira;4.91
21687;Clara Araujo Pereira;9.73
1514;Carla Barbosa Cardoso;0.49
14393;Júlio Almeida Souza;0.70
26906;Fernanda Correia Ferreira;0.10
12821;Raissa Araujo Pereira;5.29
5231;Joao Santos Alves;6.34
22461;Amanda Alves Rodrigues;2.18
1044;Eduardo Goncalves Alves;4.76
7672;Carolina Ribeiro Sousa;4.26
29734;Rafael Dias Araujo;6.29
8955;Enzo Rodrigues Cunha;0.58
18914;Rebeca Martins Pinto;5.98
26479;Carolina Cardoso Fernandes;0.05
22269;Clara Melo Fernandes;5.83
24547;Marina Almeida Silva;2.32
332;Luana Ribeiro Cardoso;5.11
18634;Enzo Oliveira Dias;7.25
8867;Sofia Silva Alves;0.75
23208;Tiago Castro Lima;7.06
8780;Gabrielly Barros Rocha;8.78
13471;José Barbosa Santos;7.93
19618;Matilde Azevedo Souza;7.83
5866;Nicole Fernandes Rodrigues;0.86
13280;Fernanda Pereira Martins;7.88
27836;Vitória Carvalho Azevedo;8.64
1553;Vinícius Ribeiro Rodrigues;2.56
3844;Diego Azevedo Oliveira;0.79
5047;Eduardo Correia Melo;1.90
23500;Gustavo Pereira Rodrigues;1.45
23671;Fábio Rodrigues Cavalcanti;5.22
21144;Carlos Rocha Ribeiro;7.41
3501;Igor Silva Azevedo;9.56
13994;Paulo Santos Pereira;4.11
2797;Sarah Araujo Silva;7.15
27853;Gabrielly Rocha Pereira;7.51
24714;Isabela Souza Costa;0.31
28026;Eduarda Pereira Araujo;0.09
6169;Kai Cavalcanti Ribeiro;9.60
3187;Otávio Ferreira Silva;2.25
9012;Gabrielle Dias Ferreira;4.74
23054;Lara Goncalves Ferreira;2.75
29546;Clara Costa Carvalho;2.82
29877;Victor Cardoso Pinto;3.24
27552;Sofia Cunha Pinto;9.56
22214;Leonardo Barros Castro;3.73
9726;Emily Ferreira Goncalves;2.54
4952;Carlos Santos Souza;3.66
11072;Breno Rocha Lima;0.88
14708;Júlia Gomes Carvalho;0.03
10816;Vinicius Rodrigues Dias;6.32
15099;Murilo Souza Azevedo;7.30
1614;Letícia Santos Ribeiro;4.04
6965;Diogo Pereira Fernandes;0.96
6424;Breno Santos Pereira;5.64
29587;Beatrice Rodrigues Ferreira;4.58
12168;Leila Dias Santos;8.38
12177;Manuela Dias Rodrigues;6.85
22654;Beatriz Melo Barbosa;4.74
16104;Lavinia Rocha Cunha;1.29
11867;Marisa Melo Rocha;9.71
26231;Isabela Pereira Ribeiro;9.86
5638;Raissa Cunha Dias;7.87
15658;Giovanna Carvalho Lima;9.58
17660;André Fernandes Castro;2.37
25028;José Alves Oliveira;7.65
16039;Igor Goncalves Cavalcanti;7.03
9273;Vitoria Rodrigues Alves;6.93
21557;Matilde Correia Souza;9.50
24850;Victor Martins Carvalho;6.92
23948;Emily Lima Gomes;2.80
24380;Júlia Ferreira Ferreira;5.48
10675;Luan Lima Almeida;5.07
9713;Kauê Barbosa Almeida;7.83
23625;Giovanna Santos Almeida;7.47
10895;Beatrice Almeida Sousa;1.05
8122;Rafaela Lima Gomes;4.16
28267;Vitór Rocha Goncalves;7.46
915;Sophia Rocha Rocha;3.02
13586;Mateus Martins Silva;3.29
6244;Luiza Azevedo Carvalho;1.58
24753;Marcos Alves Barros;2.11
13191;Douglas Souza Almeida;7.20
2894;Brenda Silva Rodrigues;5.94
22376;Nicole Rodrigues Pereira;0.04
5011;Marina Goncalves Cardoso;7.42
642;Renan Santos Gomes;2.41
1343;Giovanna Cavalcanti Lima;8.22
16201;Leila Carvalho Rodrigues;3.54
24925;Eduarda Ferreira Dias;6.30
8413;Sarah Lima Dias;9.43
20473;Otávio Santos Alves;3.46
28494;Kauan Barros Cardoso;6.24
10667;Mariana Castro Melo;9.42
23348;Gustavo Sousa Fernandes;4.24
9728;Davi Fernandes Barbosa;6.55
15307;Diogo Goncalves Almeida;4.41
23851;Vitoria Barbosa Cavalcanti;8.43
29512;Gabriela Castro Barros;7.16
784;Luis Santos Souza;3.20
6733;Igor Correia Goncalves;3.60
18306;Carlos Alves Ferreira;1.15
1427;Ryan Castro Pinto;9.40
27790;Leonor Pereira Lima;6.71
24327;Sarah Cardoso Pereira;7.56
15277;Rafael Pinto Rodrigues;2.52
136;Letícia Goncalves Souza;8.67
10340;Julia Alves Costa;4.07
5360;Erick Costa Castro;1.37
26320;Nicolash Barros Souza;1.98
25826;Matilde Correia Carvalho;1.56
27562;Gabriel Barbosa Rodrigues;8.70
10656;Kauã Goncalves Lima;4.19
18342;Giovanna Cavalcanti Almeida;6.65
10713;Marisa Araujo Barros;7.46
18109;Tiago Carvalho Costa;0.66
16164;Giovana Pinto Fernandes;6.99
1161;Carolina Correia Santos;0.97
27746;Anna Pereira Cardoso;4.28
200;Isabela Ribeiro Pereira;5.44
22988;Estevan Ferreira Correia;7.47
19904;Marisa Correia Martins;5.71
3029;Arthur Carvalho Sousa;8.68
15280;Letícia Dias Cavalcanti;6.40
18731;Carolina Melo Santos;2.74
6567;Bianca Sousa Cavalcanti;0.44
25496;Luiza Barbosa Carvalho;4.94
18078;Joao Pereira Martins;4.45
9894;Eduardo Araujo Fernandes;2.94
21323;Isabella Pinto Fernandes;0.14
7947;Kauan Melo Fernandes;5.71
16333;Gabrielle Oliveira Martins;8.66
3798;Sarah Cavalcanti Araujo;5.69
201;Mariana Martins Silva;3.19
28112;Leila Fernandes Rodrigues;5.08
11396;Leila Ferreira Sousa;9.48
16791;Erick Goncalves Alves;5.47
27553;Victor Barros Ferreira;6.03
17509;Bruna Rocha Cunha;5.39
11957;Anna Goncalves Pinto;6.74
4552;Alice Silva Rocha;1.55
15094;Rafaela Oliveira Cardoso;3.85
7333;Kauê Martins Azevedo;4.65
19926;Joao Gomes Cavalcanti;9.87
29217;Júlia Gomes Pereira;9.17
8705;Brenda Silva Azevedo;7.51
26000;Yasmin Pinto Dias;0.32
22636;Tânia Pinto Carvalho;0.17
4937;Lavinia Ribeiro Dias;3.19
2335;Laura Dias Goncalves;3.43
7752;Leila Cardoso Cunha;4.97
272;Erick Barbosa Fernandes;0.74
13718;Júlia Oliveira Gomes;0.83
3358;Danilo Pereira Costa;4.11
24910;Rafael Ribeiro Barbosa;8.63
23993;Caio Rocha Melo;4.88
17940;Nicolas Alves Cunha;3.78
15949;Kaua Correia Souza;1.02
9729;Joao Goncalves Santos;4.36
1709;Pedro Fernandes Lima;8.99
1905;Davi Melo Ferreira;9.97
26762;Antônio Barbosa Pereira;5.42
17877;Eduardo Oliveira Fernandes;0.20
22447;Júlia Rodrigues Castro;2.56
7010;Camila Araujo Barros;7.62
2947;Mateus Dias Cavalcanti;0.38
1617;Marisa Ribeiro Correia;6.24
1387;Rodrigo Oliveira Dias;6.63
23133;Igor Barros Ribeiro;1.86
7450;Arthur Cunha Alves;2.83
17968;Lavinia Souza Barbosa;8.89
23705;Gustavo Ferreira Pinto;6.64
12056;Cauã Carvalho Oliveira;6.93
29693;Leonardo Costa Oliveira;6.88
1690;Alex Pinto Araujo;1.13
11910;Vitoria Pinto Melo;5.31
5930;Kauê Souza Ferreira;2.24
9900;Tiago Lima Cardoso;0.68
4835;Tomás Cunha Silva;2.84
29378;Vitór Pereira Cardoso;2.44
19342;Arthur Lima Silva;8.81
23352;Leonardo Gomes Oliveira;0.53
25370;Ryan Pereira Costa;6.05
3506;Paulo Azevedo Dias;0.00
26277;Carla Goncalves Lima;8.67
11315;Bruna Almeida Castro;1.82
20531;Tomás Pereira Alves;5.41
15388;Mateus Costa Correia;5.95
28580;Raissa Silva Melo;8.64
24692;Estevan Ribeiro Fernandes;3.16
19160;Matilde Silva Costa;5.77
12314;Renan Azevedo Martins;3.39
17254;Breno Goncalves Pereira;3.48
1011;Luiza Araujo Goncalves;9.64
18591;Eduardo Dias Gomes;1.44
22740;Luan Ribeiro Ribeiro;5.44
5487;Anna Oliveira Almeida;4.49
1551;Matheus Ferreira Dias;3.87
6336;Bruna Castro Correia;2.07
4543;Fernanda Pinto Melo;1.46
25085;Melissa Barros Barbosa;2.63
25415;Kauã Pereira Barbosa;8.59
9385;Luís Cardoso Rocha;5.18
7140;Erick Sousa Correia;0.11
13720;Lara Dias Almeida;3.74
29399;Marina Alves Barros;3.49
27963;Gabriela Cunha Dias;5.08
10152;Isabella Pinto Oliveira;4.43
18262;Caio Barros Cunha;3.72
8479;Clara Souza Martins;3.71
14534;Beatrice Santos Goncalves;2.60
17949;Thaís Cunha Souza;8.24
23602;Letícia Castro Rodrigues;2.93
23698;Vitór Correia Goncalves;1.32
19384;Vitória Cunha Rocha;2.96
24648;Isabela Alves Oliveira;2.90
24794;Davi Oliveira Rodrigues;9.91
21284;Nicolas Ribeiro Ribeiro;7.58
9970;Rafaela Ribeiro Barbosa;5.57
5134;Enzo Melo Carvalho;4.01
285;Lavinia Cavalcanti Cavalcanti;1.14
22088;Alex Cavalcanti Oliveira;8.73
2143;Paulo Oliveira Pinto;8.93
10389;Vitór Alves Cunha;7.76
16759;Estevan Araujo Cardoso;5.96
16488;Beatrice Cunha Cunha;9.31
23850;Aline Carvalho Pinto;8.78
10237;Ryan Carvalho Rocha;0.65
6427;Eduardo Araujo Azevedo;2.00
396;Vitor Alves Goncalves;5.08
22773;Pedro Alves Martins;5.33
7694;Davi Barros Oliveira;3.65
18565;Leonor Alves Fernandes;2.52
28270;Ryan Souza Castro;4.49
10811;Nicolas Cunha Goncalves;7.54
21343;Yasmin Costa Ribeiro;0.30
14818;Emily Santos Cunha;0.76
24802;Joao Cardoso Rocha;6.30
23649;Júlio Costa Sousa;2.84
10489;Vitor Fernandes Goncalves;0.89
13580;Otávio Silva Oliveira;5.28
16026;Diego Barros Ribeiro;0.81
1685;Lara Barbosa Dias;2.94
10447;Emilly Correia Carvalho;6.62
17191;Douglas Azevedo Barbosa;7.94
9612;Isabelle Fernandes Ferreira;7.36
27022;Lara Gomes Azevedo;6.38
16833;Antônio Pinto Dias;4.06
18617;José Dias Pereira;5.58
5826;Bruno Rocha Lima;7.09
3659;Antônio Araujo Gomes;1.66
24641;Eduarda Ferreira Almeida;0.21
10347;Enzo Goncalves Melo;5.18
9344;Camila Cunha Ribeiro;9.26
27702;Carlos Lima Barbosa;2.98
15569;Gabriela Barros Goncalves;9.30
14301;Marina Sousa Cunha;0.04
22434;Breno Silva Cunha;8.51
18774;Nicolas Araujo Cardoso;3.77
7687;Emily Barbosa Cavalcanti;3.26
13278;Maria Dias Cunha;0.27
205;Gustavo Almeida Oliveira;4.76
4303;Rafaela Goncalves Barros;1.52
23595;Vinicius Rocha Ferreira;8.51
8088;Douglas Cavalcanti Araujo;3.36
8376;Alex Azevedo Cardoso;2.83
4987;João Melo Barros;2.15
5873;Sophia Rodrigues Rodrigues;2.89
23780;Gustavo Dias Pereira;5.25
10282;Sofia Oliveira Costa;1.01
22258;Emily Dias Pinto;6.16
2372;Daniel Gomes Silva;0.60
23581;Carla Barbosa Barbosa;0.63
29985;Erick Gomes Almeida;1.55
16743;Vitória Costa Carvalho;0.33
3223;Matilde Ribeiro Martins;5.93
921;Isabella Barbosa Silva;2.14
11694;Rodrigo Dias Lima;7.14
2223;Matheus Ribeiro Melo;4.69
16090;Tânia Almeida Almeida;1.96
5370;Alice Barros Goncalves;7.25
6746;Carlos Martins Barbosa;1.72
2977;Fernanda Pereira Cavalcanti;3.19
1247;Rebeca Melo Alves;7.71
10279;Clara Castro Ferreira;8.58
17103;Júlio Carvalho Barbosa;2.26
6049;Julia Almeida Cardoso;2.71
21254;Manuela Pereira Barros;0.42
9642;Luiz Martins Almeida;6.35
19283;Laura Costa Ribeiro;9.81
19068;Renan Araujo Silva;4.27
1288;Beatrice Araujo Barbosa;0.80
17809;Bianca Lima Martins;7.14
22335;Emily Oliveira Ferreira;6.32
22154;Caio Castro Santos;2.79
6637;Eduarda Fernandes Souza;1.85
12627;Luiz Martins Santos;9.20
25683;Julian Barros Ribeiro;5.17
11395;André Melo Cavalcanti;1.84
13648;Kauã Lima Cunha;9.17
10300;Ryan Souza Martins;0.60
18254;Ana Gomes Lima;9.59
28090;Lavinia Rocha Lima;8.46
19451;Daniel Silva Correia;8.22
1739;Douglas Araujo Fernandes;5.59
17862;Luan Pinto Pereira;6.07
436;Kauan Ferreira Azevedo;8.54
3967;Luiza Azevedo Souza;8.66
23620;Maria Rodrigues Barros;4.25
18868;Lucas Cunha Dias;0.49
7111;Sarah Pinto Fernandes;8.30
23154;Fábio Cunha Souza;2.06
6957;João Cardoso Gomes;6.80
231;Julieta Goncalves Oliveira;9.10
27806;Emilly Araujo Cavalcanti;6.48
1211;Vinícius Goncalves Almeida;7.91
29081;Guilherme Fernandes Castro;0.41
27744;Pedro Goncalves Castro;3.14
27540;Thiago Souza Azevedo;3.55
12816;Giovanna Goncalves Oliveira;1.35
13496;Diego Correia Barros;0.10
8651;Emilly Ferreira Rodrigues;9.35
27037;André Souza Melo;7.05
28652;Luiz Almeida Lima;0.73
21740;Larissa Barbosa Rocha;8.46
27685;Júlia Santos Oliveira;3.21
20262;Rodrigo Araujo Pereira;3.73
2569;Anna Pereira Gomes;3.93
29905;Danilo Oliveira Melo;2.36
16697;Breno Alves Barbosa;5.93
24616;Aline Alves Barros;6.76
23362;Arthur Correia Correia;9.92
17178;Matilde Carvalho Pereira;3.29
26078;Maria Almeida Sousa;1.90
21194;Letícia Pereira Castro;0.19
9226;Sarah Barbosa Alves;4.53
14322;Danilo Souza Carvalho;4.98
25042;Alex Martins Azevedo;8.73
9663;Alice Silva Cardoso;4.74
21927;Nicole Barbosa Rocha;4.95
6486;Maria Rocha Santos;4.16
21933;Bruna Martins Barbosa;0.51
7984;Letícia Oliveira Pinto;2.97
12577;Rafaela Alves Cunha;4.02
787;Leila Goncalves Rocha;7.65
9527;Luiza Carvalho Barros;3.11
5248;Alice Fernandes Santos;4.14
15172;Igor Lima Martins;0.74
24710;Bruno Carvalho Pinto;4.39
23905;Bruna Silva Alves;2.30
730;Luan Cardoso Correia;0.58
6341;José Cavalcanti Pinto;2.67
8912;Nicolash Fernandes Alves;8.16
14239;Isabela Silva Rocha;7.16
29363;Vitór Ribeiro Cavalcanti;0.52
5428;Raissa Sousa Barbosa;0.31
26468;Bruna Dias Cardoso;7.78
17320;Eduardo Sousa Fernandes;2.59
13044;Eduardo Goncalves Gomes;0.16
23350;Diogo Almeida Correia;8.76
10330;Gabrielle Azevedo Pinto;9.03
21773;Larissa Ferreira Souza;2.40
2219;Mateus Araujo Melo;5.27
28093;Matilde Carvalho Ribeiro;3.65
519;Julia Araujo Ferreira;6.97
17224;Kaua Souza Almeida;9.47
7526;Anna Rocha Costa;7.84
11795;Nicolas Pereira Pinto;9.94
29497;Emilly Gomes Cunha;0.38
8277;Breno Correia Rocha;6.86
26481;Rafaela Souza Silva;9.29
26034;Bruna Melo Araujo;7.63
10407;Cauã Ribeiro Martins;5.10
1748;Rafael Pereira Cavalcanti;1.58
21651;Vitoria Araujo Almeida;2.13
19093;Manuela Goncalves Sousa;7.75
10427;Marisa Oliveira Silva;9.99
3957;Paulo Castro Rodrigues;1.12
15946;Gabrielly Cunha Martins;3.74
22732;Laura Pinto Santos;7.07
22066;Otávio Cunha Alves;8.61
28445;Diego Sousa Azevedo;2.90
9572;Amanda Barbosa Oliveira;0.07
6491;Breno Santos Barros;5.18
3178;Rodrigo Dias Azevedo;4.69
26209;Matheus Castro Martins;4.48
4547;Thaís Azevedo Carvalho;8.42
9738;Giovanna Sousa Melo;0.32
29150;Vitória Castro Carvalho;9.10
18700;Igor Barros Barbosa;1.97
17692;Matheus Dias Cardoso;8.52
20802;Diego Castro Pinto;0.07
20270;Miguel Azevedo Pinto;5.91
2379;Isabella Costa Dias;3.78
3653;Julian Carvalho Ferreira;1.05
766;Breno Goncalves Rocha;5.63
3615;Guilherme Pereira Araujo;3.96
21538;Igor Sousa Araujo;9.90
26052;Kauê Martins Correia;6.35
27860;Cauã Alves Martins;5.31
17621;Ágatha Silva Gomes;5.64
21709;Sarah Gomes Silva;9.80
2824;Giovana Santos Correia;8.14
25479;Kauê Cavalcanti Castro;5.47
25684;Caio Dias Rodrigues;1.52
13238;Raissa Barbosa Almeida;9.66
7443;Erick Oliveira Ferreira;2.11
28767;Victor Dias Correia;9.94
7914;Melissa Carvalho Ferreira;9.00
26843;Leonardo Dias Ferreira;8.03
11812;Carolina Cunha Oliveira;4.25
17604;Joao Martins Correia;2.91
26448;Rafaela Barbosa Ferreira;6.36
4705;Giovana Costa Fernandes;3.23
20435;Tânia Dias Carvalho;1.43
14073;Paulo Ferreira Dias;6.34
19527;Sophia Santos Alves;8.24
15758;Rebeca Ribeiro Martins;7.54
20581;Miguel Cardoso Rocha;3.62
20217;Joao Carvalho Martins;4.36
22466;Vitória Gomes Santos;2.55
16731;Vitoria Fernandes Ribeiro;0.81
13769;Diogo Melo Almeida;0.91
29082;Eduardo Almeida Araujo;3.83
25456;Thiago Araujo Alves;1.02
5133;Nicolas Fernandes Rodrigues;8.44
3259;Ryan Lima Araujo;1.19
18387;Caio Souza Carvalho;6.71
26771;Bruna Melo Silva;8.51
27143;Joao Dias Rocha;8.32
17593;Ryan Carvalho Correia;1.94
7572;Gabriel Goncalves Pereira;3.34
13028;Isabella Melo Castro;0.44
22300;Gabriel Fernandes Pinto;3.29
3550;Kauã Pereira Cavalcanti;2.57
13734;Fábio Souza Pereira;5.39
17695;Marcos Goncalves Cavalcanti;8.50
27977;Vitoria Souza Souza;9.60
5230;Antônio Costa Cardoso;9.61
14937;Larissa Silva Almeida;2.57
19358;Camila Lima Cardoso;9.33
10393;Leonardo Souza Barros;7.48
6819;Kaua Castro Pereira;7.95
18985;Gabriel Cardoso Castro;8.66
13861;Mateus Cardoso Alves;6.45
13849;Leila Sousa Melo;4.60
1379;Julia Sousa Melo;3.06
25013;Luís Azevedo Gomes;5.55
13724;Emilly Silva Souza;5.46
21398;Gustavo Cunha Rodrigues;7.27
21996;Kauan Carvalho Fernandes;4.39
23320;Julian Barros Correia;2.32
17035;Beatrice Souza Oliveira;6.07
22297;Cauã Rocha Gomes;7.47
4895;Caio Pereira Araujo;3.50
27043;Evelyn Oliveira Gomes;7.78
379;Clara Gomes Ribeiro;5.78
16278;Brenda Silva Rodrigues;3.15
13686;Beatrice Carvalho Ferreira;3.11
22922;Giovanna Santos Barbosa;3.60
25641;Felipe Correia Dias;4.13
13251;Yasmin Cavalcanti Cavalcanti;1.55
22764;Matheus Castro Cardoso;4.69
500;Luan Barros Cavalcanti;2.85
14901;Ágatha Ribeiro Gomes;8.84
21610;Giovanna Sousa Almeida;1.89
29449;Vitor Pinto Fernandes;1.65
29926;Maria Araujo Barbosa;3.26
6490;Tiago Fernandes Pinto;9.50
25399;Renan Pereira Fernandes;6.39
26834;Daniel Carvalho Dias;8.73
27881;Beatrice Santos Sousa;1.09
8725;Diego Castro Melo;3.05
15245;Vinicius Rodrigues Ferreira;6.91
27875;Leila Gomes Dias;6.12
21007;Clara Alves Araujo;4.92
706;Carla Souza Pinto;2.34
22015;Douglas Azevedo Carvalho;5.38
16940;Sofia Cunha Cavalcanti;5.77
5221;Aline Santos Pereira;9.87
4345;Kauan Correia Rocha;3.87
6139;Rebeca Melo Araujo;6.34
21733;Breno Cardoso Silva;6.80
20508;Maria Cardoso Silva;5.18
13773;Luan Melo Ribeiro;4.54
5940;Marina Pinto Araujo;6.63
10559;Evelyn Cardoso Pinto;9.09
27699;Beatriz Pinto Almeida;3.95
2900;Guilherme Barros Rodrigues;7.11
1979;Aline Correia Azevedo;6.89
4934;Pedro Cunha Alves;2.17
25694;Daniel Pereira Castro;7.86
25353;Matheus Fernandes Gomes;7.94
29054;Letícia Almeida Cunha;9.75
8643;Nicole Araujo Goncalves;6.85
27160;Nicolas Martins Martins;9.34
21451;Julieta Pinto Almeida;0.05
835;Matilde Rodrigues Pinto;9.54
20226;Isabella Santos Silva;0.06
27493;João Ribeiro Martins;0.29
17682;Leila Araujo Almeida;3.52
9260;Leonardo Ribeiro Almeida;9.40
17588;Carla Lima Cunha;7.62
15799;Emilly Almeida Lima;4.43
13751;Brenda Dias Castro;9.22
21664;Yasmin Rodrigues Carvalho;7.44
19325;Gabrielly Alves Cardoso;6.13
4326;Evelyn Dias Melo;0.11
299;Isabella Lima Alves;5.84
16681;Joao Sousa Costa;3.84
8753;Kauan Ferreira Dias;3.51
703;Pedro Alves Martins;0.01
18379;Victor Gomes Carvalho;1.72
4151;Gabriela Azevedo Gomes;0.30
4780;Ana Barbosa Rodrigues;5.12
26653;Nicolas Barbosa Fernandes;3.79
11520;Erick Barbosa Ferreira;0.17
23430;Vinicius Santos Silva;9.28
3218;Davi Fernandes Ferreira;9.79
29020;Anna Carvalho Gomes;0.42
26767;Marina Castro Cunha;2.12
12468;João Souza Costa;1.44
29664;Camila Castro Costa;2.02
20326;Igor Cardoso Fernandes;2.24
10518;Emily Lima Pereira;3.35
13373;Sofia Costa Santos;0.66
20809;Ana Barbosa Pinto;0.12
12247;Gabriel Barros Ferreira;6.44
3400;Luis Sousa Silva;7.43
7581;Lucas Oliveira Gomes;0.12
26689;Luís Costa Melo;0.26
18952;Julia Dias Castro;9.99
21792;Carlos Ribeiro Cardoso;2.08
27310;Marina Correia Lima;3.20
12512;Breno Barros Alves;8.95
13211;Luis Correia Costa;6.74
22930;Nicolas Cardoso Cavalcanti;5.95
17863;Amanda Sousa Melo;9.27
14475;Isabela Cardoso Pinto;6.59
29606;Lucas Almeida Araujo;6.27
21244;Luana Cavalcanti Cardoso;4.98
19103;Rodrigo Martins Martins;4.98
6807;Gabrielle Barbosa Correia;6.39
5785;Nicolas Barros Goncalves;5.79
27047;Diogo Pereira Araujo;8.13
29090;Matheus Souza Araujo;9.92
21162;Lara Sousa Sousa;7.02
23571;Matilde Carvalho Carvalho;5.68
1574;Luan Pinto Azevedo;0.04
27073;Isabela Souza Pinto;1.33
32;Igor Rodrigues Pinto;5.87
7833;Vitória Rocha Pereira;0.08
17839;Joao Martins Cavalcanti;3.42
10033;Luiz Melo Oliveira;6.72
3920;Alex Barbosa Lima;4.66
28733;Vitória Santos Silva;1.97
14950;Ryan Dias Souza;0.57
4052;Clara Sousa Rodrigues;3.20
18529;Letícia Melo Silva;4.19
3651;Yasmin Lima Pinto;8.95
3999;Gabrielle Oliveira Araujo;1.49
16445;Sofia Ribeiro Pereira;1.84
20759;Arthur Souza Melo;0.16
18956;João Ferreira Correia;9.32
19484;Douglas Santos Goncalves;4.39
29250;Isabela Souza Cardoso;0.10
14048;Vinícius Barros Dias;5.39
9;Matilde Carvalho Fernandes;1.10
10929;Luan Pinto Rocha;0.67
8230;Danilo Carvalho Melo;7.33
5062;Bruna Ribeiro Fernandes;1.04
29961;Beatriz Ribeiro Barros;8.20
28854;Tomás Melo Gomes;0.04
26928;Leonor Barbosa Almeida;7.50
4603;Giovanna Melo Araujo;2.37
14192;Isabela Ribeiro Costa;8.42
14418;André Pinto Pereira;8.91
11220;Renan Pereira Silva;7.24
16614;Melissa Castro Cunha;6.94
3303;Bianca Goncalves Araujo;1.12
18312;Nicolas Cavalcanti Alves;9.09
6411;Vitoria Costa Goncalves;4.84
14359;Gabriel Fernandes Pinto;4.47
16647;Isabella Cardoso Pinto;0.50
17750;Isabela Azevedo Sousa;8.06
28829;Luan Melo Oliveira;8.29
10924;Thaís Castro Ribeiro;7.29
19932;Rafaela Santos Pinto;2.34
22591;Murilo Souza Araujo;8.18
9433;Kaua Goncalves Almeida;4.93
2002;Tomás Gomes Oliveira;8.50
22033;Gabrielle Araujo Cavalcanti;0.53
4273;Kauã Santos Oliveira;5.46
2917;Caio Ribeiro Sousa;9.30
14197;Tiago Ribeiro Araujo;8.66
16214;Aline Rocha Rodrigues;4.12
15068;Fábio Santos Oliveira;0.16
15300;Leonor Lima Ribeiro;2.19
5213;Fernanda Melo Azevedo;7.83
15519;Carlos Rocha Lima;4.90
5871;Aline Gomes Pereira;7.54
17977;Caio Santos Dias;0.66
20554;Julia Castro Pinto;0.59
3263;Martim Melo Correia;4.38
17548;Miguel Rocha Silva;2.78
14028;Giovanna Ferreira Cunha;7.10
15271;Isabella Barbosa Rodrigues;0.68
9117;Diogo Martins Castro;4.28
20015;Mariana Goncalves Rocha;5.07
27740;Otávio Dias Ribeiro;4.84
20089;Manuela Dias Dias;3.37
29453;Kaua Melo Martins;2.61
7179;Tomás Correia Rocha;8.72
26802;Giovana Ribeiro Pereira;1.71
1945;Beatriz Gomes Alves;7.85
3072;Alex Santos Pereira;3.81
7291;Ágatha Rodrigues Cunha;8.53
11813;Bruno Lima Pinto;1.00
10640;Marina Lima Araujo;2.38
25484;Lavinia Martins Castro;4.56
8294;Cauã Alves Azevedo;2.53
24820;Daniel Santos Souza;8.24
247;Mariana Souza Martins;6.30
1049;Julian Pereira Martins;4.14
27208;Bruno Azevedo Araujo;4.79
12148;Erick Gomes Correia;7.07
24420;Leonardo Araujo Ribeiro;4.09
23424;Pedro Ferreira Castro;1.79
15414;Leila Dias Carvalho;3.64
15220;Bruna Ferreira Oliveira;9.12
2538;Laura Melo Oliveira;9.72
13577;Bruno Rodrigues Melo;4.91
27442;Livia Souza Oliveira;9.54
9480;Marcos Sousa Pereira;2.66
16812;Vitór Correia Barbosa;4.04
449;Victor Correia Silva;1.22
15959;Amanda Pinto Rodrigues;3.15
9254;Mariana Cardoso Rodrigues;3.74
495;Rafael Sousa Cardoso;3.31
10533;Gabriel Melo Gomes;6.00
20271;Vitór Alves Oliveira;3.38
10326;Felipe Cavalcanti Cavalcanti;4.88
22464;Isabella Azevedo Dias;3.21
13873;Estevan Rodrigues Cardoso;4.67
14613;Sofia Azevedo Cunha;0.89
13090;Matheus Pereira Lima;7.57
10870;Bruna Souza Melo;0.33
10708;Raissa Sousa Rocha;3.40
13473;Eduardo Azevedo Rocha;7.10
24378;Victor Araujo Costa;5.43
22070;Kauan Carvalho Alves;5.20
14951;Beatrice Pinto Lima;2.70
8202;Júlio Lima Correia;6.77
29861;Ryan Rocha Castro;0.68
14371;Gabriela Silva Sousa;6.18
1689;Emily Almeida Dias;3.76
29567;Tomás Souza Melo;7.37
22211;Nicolash Rodrigues Araujo;4.11
15379;Miguel Castro Ferreira;2.61
25194;Alex Dias Cavalcanti;7.26
27011;Rafael Gomes Souza;4.44
8719;Leonor Pinto Barbosa;5.57
8698;Vitoria Martins Melo;7.68
13680;Eduardo Gomes Barbosa;4.21
23221;Luan Lima Lima;0.26
8023;Murilo Fernandes Almeida;2.07
20637;Felipe Cardoso Souza;1.00
21961;Martim Fernandes Alves;9.93
16803;Kauan Correia Oliveira;3.23
19228;Brenda Lima Cavalcanti;0.28
11937;Aline Santos Cardoso;2.87
19215;Bruno Alves Pinto;2.45
1053;Giovanna Melo Barbosa;1.88
23585;Alice Barbosa Gomes;2.53
24019;Marisa Dias Carvalho;6.96
3547;Vitor Dias Azevedo;4.22
26300;Victor Correia Pereira;0.23
8271;Kauê Oliveira Castro;3.10
2650;Mariana Alves Santos;5.94
27023;Rafaela Rocha Dias;8.88
23580;Rebeca Souza Alves;8.53
5004;Leonardo Dias Souza;7.96
18352;Mariana Martins Barbosa;9.28
7064;Sofia Castro Pinto;0.02
12729;Alex Melo Souza;9.81
4238;Rafaela Ferreira Melo;0.52
3108;Lara Souza Ferreira;3.80
24115;Otávio Pereira Oliveira;1.14
16669;Otávio Barbosa Pereira;8.97
27471;Leonor Sousa Cardoso;5.80
113;Miguel Ribeiro Melo;5.28
18927;José Azevedo Cunha;4.12
3943;Diogo Azevedo Cardoso;5.82
12324;Giovanna Cunha Almeida;8.61
3347;Sophia Cardoso Cavalcanti;1.19
19360;Sofia Souza Dias;0.69
27064;Breno Goncalves Cardoso;3.17
11919;Marisa Santos Pereira;6.06
8245;Emilly Almeida Fernandes;8.93
11155;Tomás Almeida Correia;3.10
12097;Gabriel Castro Martins;2.58
3863;André Goncalves Araujo;4.15
10345;Beatriz Castro Oliveira;9.12
18077;Paulo Rocha Cunha;0.08
9763;Giovanna Oliveira Correia;2.44
8673;Murilo Castro Sousa;8.63
20483;Otávio Fernandes Cardoso;9.80
3808;Murilo Silva Oliveira;7.72
18043;Gabrielly Ribeiro Lima;4.36
16285;Alice Pinto Ferreira;7.43
7716;Camila Rodrigues Souza;0.49
20583;Gabriel Sousa Goncalves;2.75
9162;André Gomes Oliveira;9.81
2454;Camila Melo Lima;0.61
23268;Daniel Pinto Castro;7.38
9306;Enzo Correia Araujo;8.16
12877;Rafaela Silva Alves;8.26
14677;Mariana Dias Santos;3.63
29828;Vitor Goncalves Ribeiro;3.50
23373;Tomás Dias Araujo;4.24
16750;Breno Pinto Carvalho;6.30
24160;Yasmin Pereira Ribeiro;4.12
23334;João Cardoso Melo;7.92
19933;André Barros Azevedo;2.81
25457;Julian Azevedo Costa;7.49
716;Thiago Rocha Cavalcanti;8.40
7416;Luís Cardoso Melo;6.86
25339;Carlos Martins Goncalves;5.22
17111;Vitória Souza Pinto;3.57
1997;Thaís Souza Rodrigues;6.76
9414;Nicole Cardoso Oliveira;9.39
27221;Giovana Cunha Souza;2.81
8410;Letícia Almeida Barbosa;3.03
23478;Matheus Barbosa Barros;5.75
17382;Kaua Martins Martins;4.77
6840;Vitoria Cardoso Cavalcanti;4.43
1159;José Carvalho Ribeiro;9.05
5832;Beatriz Carvalho Pinto;2.24
6724;Kauan Cavalcanti Barbosa;2.33
27666;Ágatha Almeida Rocha;6.98
2520;Giovanna Rocha Rocha;2.84
26230;Alex Sousa Cunha;0.40
10239;Bruna Ferreira Souza;2.84
22052;Vitór Araujo Ferreira;1.62
14844;Tânia Barbosa Fernandes;2.39
23995;André Santos Costa;2.54
24186;Alex Cunha Ferreira;7.94
23083;Diogo Gomes Barbosa;9.59
18292;Vinicius Sousa Castro;0.97
27299;Renan Castro Barros;4.91
17383;Ágatha Pereira Goncalves;1.08
7932;Kauã Alves Gomes;1.22
1991;Livia Gomes Santos;7.88
15419;Breno Sousa Alves;1.04
1308;Eduarda Araujo Barbosa;1.84
13824;Enzo Ribeiro Rodrigues;1.22
28037;Sarah Costa Costa;2.62
8652;Aline Gomes Martins;5.24
3989;Maria Fernandes Barros;8.96
15616;Rafaela Oliveira Lima;8.74
25907;Nicolas Fernandes Pereira;4.96
16453;Isabella Cunha Ribeiro;7.98
28016;Diogo Santos Lima;0.01
26699;Bruna Fernandes Martins;7.74
16931;Thaís Martins Goncalves;4.78
479;Gustavo Castro Santos;4.21
8637;Kauan Cunha Santos;0.15
17273;Emilly Almeida Ribeiro;8.40
265;Murilo Goncalves Almeida;6.49
7695;Gabriela Goncalves Souza;8.57
2523;Raissa Oliveira Rocha;4.65
24031;Brenda Cunha Fernandes;6.68
2006;Joao Goncalves Goncalves;5.76
7675;Tânia Barros Pinto;3.89
16732;Júlia Gomes Oliveira;5.29
9818;Leonor Melo Sousa;5.58
24655;Camila Melo Cavalcanti;3.30
14806;Nicolas Barbosa Oliveira;2.06
4561;Laura Rodrigues Rodrigues;5.07
19058;Guilherme Cunha Alves;7.33
4643;Giovana Gomes Gomes;1.09
25385;Nicolas Rocha Almeida;3.96
29033;Gabriel Pinto Silva;6.42
1362;Larissa Cunha Cavalcanti;3.45
5799;Samuel Alves Santos;8.97
16969;Vitór Cunha Rodrigues;6.40
6615;Eduardo Cavalcanti Pereira;8.47
19435;Nicolash Rocha Santos;6.68
10673;Carlos Dias Castro;9.96
7323;Gabriela Alves Correia;7.19
10927;Gabriel Gomes Silva;1.17
20717;Guilherme Oliveira Almeida;4.01
24039;Davi Melo Barros;1.36
17352;Emily Fernandes Barros;8.85
4194;Otávio Goncalves Rocha;2.35
641;Pedro Castro Goncalves;0.10
2975;Júlio Ferreira Martins;7.88
26238;Thaís Santos Martins;9.71
13781;Davi Carvalho Souza;0.23
6390;Nicolas Castro Barros;5.64
25589;Carla Souza Pinto;4.94
4012;Douglas Ferreira Rodrigues;6.31
14119;Douglas Pereira Cavalcanti;3.64
17466;Larissa Ferreira Melo;0.99
21255;Luana Castro Melo;6.17
23039;Breno Alves Santos;4.37
25667;Leonor Pereira Ribeiro;8.02
22873;Vinícius Almeida Carvalho;9.47
602;Emily Alves Azevedo;1.98
24363;José Correia Azevedo;7.93
3904;Livia Gomes Dias;0.74
21126;Isabella Ferreira Azevedo;5.42
18088;Anna Sousa Correia;2.51
26205;Bruna Melo Fernandes;9.89
1258;Arthur Ribeiro Carvalho;0.88
13469;Matheus Oliveira Oliveira;6.90
12904;Samuel Santos Carvalho;7.90
871;Victor Cardoso Silva;1.86
2767;Evelyn Castro Cardoso;1.24
11235;Júlio Rocha Pinto;3.51
7001;Guilherme Rodrigues Goncalves;2.36
12556;Felipe Pereira Carvalho;1.06
4648;Eduardo Ferreira Sousa;5.06
9449;Aline Barbosa Almeida;0.12
15432;Kauã Souza Oliveira;1.24
22817;Kauã Ferreira Alves;8.81
20785;Alice Barbosa Lima;7.36
19442;André Rodrigues Costa;7.35
8521;Mariana Rodrigues Martins;7.13
29617;Isabelle Santos Rocha;2.86
29941;Victor Gomes Melo;2.97
15054;Sofia Pereira Pereira;4.48
15481;Erick Cavalcanti Correia;6.16
22544;Antônio Pinto Almeida;7.76
6768;Mariana Cavalcanti Costa;7.22
26430;João Oliveira Cunha;6.57
17342;Kauã Rodrigues Ferreira;8.68
3279;Ryan Cardoso Ferreira;3.73
8296;Diogo Melo Barros;5.74
20927;Isabelle Lima Pereira;7.10
21748;Matheus Silva Araujo;6.65
5301;Alex Azevedo Alves;4.89
23712;Nicolash Araujo Alves;7.62
24825;Guilherme Cavalcanti Barros;2.69
28937;Gabrielle Martins Souza;7.86
15850;Júlia Cunha Santos;4.70
26161;Sofia Pereira Ferreira;6.52
26270;Ágatha Castro Martins;5.83
27078;Mateus Lima Melo;7.82
17323;Rafaela Gomes Silva;9.95
19820;Fábio Costa Cardoso;2.24
20541;Isabela Correia Araujo;1.67
29810;Júlia Santos Pereira;8.79
5755;Thiago Cunha Oliveira;1.73
20641;Luis Ribeiro Ferreira;8.59
1708;Julia Souza Sousa;9.05
9264;Livia Barros Correia;1.50
25934;Ágatha Rocha Ferreira;3.65
16207;Aline Azevedo Cavalcanti;9.58
27861;Amanda Ferreira Azevedo;5.36
23010;Antônio Castro Araujo;0.70
15348;Manuela Melo Ribeiro;3.26
26830;Pedro Cunha Melo;5.32
13493;Lavinia Silva Martins;5.24
11513;Luis Rocha Cunha;6.18
11143;Caio Azevedo Correia;3.30
2675;Eduarda Araujo Santos;6.29
598;Tomás Alves Gomes;2.49
10901;Vinícius Cardoso Melo;5.26
14588;Ana Ferreira Pereira;0.97
7689;Murilo Cardoso Silva;3.12
19949;Caio Sousa Santos;2.77
19971;Murilo Araujo Correia;1.38
6460;João Martins Sousa;1.36
10251;Eduardo Oliveira Ferreira;3.25
6511;Estevan Carvalho Dias;5.18
15339;Laura Gomes Santos;1.00
14505;Miguel Fernandes Cunha;7.55
7483;Vinícius Carvalho Almeida;0.73
9214;Miguel Correia Souza;5.61
19117;Amanda Alves Barbosa;3.00
15923;Marisa Barros Pereira;1.64
25199;Gabrielly Sousa Cavalcanti;0.79
25721;Eduarda Ferreira Rodrigues;3.94
12534;Marisa Rocha Cunha;4.07
20798;Caio Dias Rodrigues;3.79
9922;Thaís Martins Santos;4.52
14349;Otávio Pinto Pinto;7.45
19506;Luís Santos Ribeiro;5.87
24734;Bianca Cardoso Cardoso;2.97
8782;Julia Ferreira Martins;1.90
981;Kai Melo Cunha;2.52
23205;Tiago Ribeiro Carvalho;0.68
8675;Douglas Alves Azevedo;1.60
24143;Renan Sousa Pereira;6.17
3018;Nicolash Dias Ferreira;4.32
12504;Rafael Costa Ribeiro;6.03
9489;Marina Rocha Rocha;2.38
10643;Amanda Sousa Ribeiro;4.60
28930;Vitoria Castro Correia;7.73
28863;Diego Azevedo Oliveira;3.77
12307;Sophia Carvalho Martins;5.25
22633;Vitoria Santos Castro;6.24
28323;José Pereira Carvalho;0.53
15991;Letícia Fernandes Ribeiro;3.79
23657;Giovana Ribeiro Souza;0.47
14330;Fábio Goncalves Melo;7.64
1261;Leonardo Ferreira Oliveira;9.49
16860;Bianca Goncalves Costa;2.01
21690;Kai Sousa Barbosa;1.96
22785;Laura Pinto Azevedo;6.13
1162;Luan Castro Rodrigues;1.66
24265;Leonor Souza Silva;5.53
8244;Fábio Melo Alves;5.38
6337;Marcos Pinto Costa;2.65
13831;Erick Lima Gomes;3.60
20444;Nicolash Sousa Souza;4.26
11863;Emilly Cavalcanti Araujo;4.14
10767;Martim Correia Fernandes;1.82
15424;Vinicius Barros Cunha;7.19
15803;Kauã Oliveira Rocha;1.60
4857;Anna Santos Rodrigues;9.68
9588;Vitór Cavalcanti Rocha;3.23
29749;Aline Barros Araujo;7.77
23276;Evelyn Gomes Cunha;8.92
14118;Sarah Ribeiro Cavalcanti;0.29
25075;Anna Cunha Dias;8.88
26118;Guilherme Castro Correia;4.42
4300;Kauê Costa Carvalho;8.51
16306;Igor Pereira Cardoso;1.94
14571;Leonor Gomes Cunha;7.53
10607;Enzo Melo Sousa;6.95
29358;Nicole Souza Rocha;4.47
26071;Ryan Azevedo Pereira;2.28
24198;Davi Goncalves Souza;3.74
24725;Matheus Fernandes Sousa;0.99
2566;Anna Dias Cavalcanti;9.94
54;Isabella Melo Almeida;4.71
12081;Enzo Ferreira Ribeiro;4.81
29369;José Pereira Carvalho;6.00
16849;Brenda Oliveira Ferreira;9.12
21715;Martim Cunha Almeida;0.14
22831;Rodrigo Souza Goncalves;9.13
29892;Brenda Sousa Rodrigues;2.73
27636;Nicolas Oliveira Araujo;6.99
14143;Felipe Barros Rodrigues;0.11
10711;Lara Azevedo Rocha;7.65
9190;Alice Gomes Dias;3.53
12491;Marina Castro Barros;4.81
29643;Thaís Castro Ribeiro;4.75
26665;Kauê Alves Costa;4.75
23174;Julieta Castro Lima;1.26
3066;Leonor Barbosa Ferreira;3.96
17796;Ryan Santos Almeida;6.76
17459;Yasmin Cardoso Santos;2.54
8207;Ryan Pereira Cardoso;5.85
1450;Thaís Sousa Ferreira;6.48
14343;Samuel Pinto Cunha;1.34
2987;Daniel Pereira Araujo;5.39
17650;Guilherme Lima Oliveira;8.02
14277;Marcos Castro Barros;9.25
22441;Larissa Ribeiro Pinto;5.36
19380;Lucas Correia Oliveira;9.30
454;Vinicius Santos Rodrigues;0.59
29715;Caio Costa Ribeiro;0.22
10553;Amanda Pinto Barros;0.74
7069;Giovanna Fernandes Barbosa;0.51
16762;Kaua Carvalho Rodrigues;0.05
26202;Julia Silva Martins;5.16
17768;Julia Correia Santos;7.50
16389;Leonardo Goncalves Fernandes;7.79
19423;Aline Goncalves Azevedo;8.48
5188;Alice Cunha Correia;3.74
27000;Arthur Pereira Araujo;3.18
6445;Matilde Barros Castro;3.42
2700;Luis Lima Alves;5.87
21053;Aline Almeida Rocha;1.14
2771;Paulo Cunha Ribeiro;9.89
11776;Isabela Ferreira Cardoso;7.21
9918;Brenda Alves Alves;2.71
26083;Vitória Goncalves Oliveira;5.34
25785;Maria Cunha Lima;9.44
23095;Luiz Dias Fernandes;2.54
10127;Erick Souza Pereira;9.35
23476;Guilherme Fernandes Ribeiro;7.41
28292;Isabella Barbosa Martins;0.21
25177;Manuela Alves Souza;6.53
7122;Alex Almeida Cavalcanti;6.23
17252;Kai Castro Melo;1.09
9469;Fábio Azevedo Cunha;8.27
15728;Emily Castro Rocha;9.22
5483;Giovanna Lima Pereira;9.79
26622;Kauã Barros Oliveira;5.03
26179;Luana Rodrigues Gomes;7.92
23528;Leila Ferreira Cavalcanti;6.96
12585;Murilo Oliveira Araujo;8.22
2344;Vinicius Barbosa Lima;9.01
25290;Isabelle Souza Goncalves;7.56
9115;Alex Costa Ribeiro;1.35
1205;Luana Carvalho Rocha;0.78
20195;Tiago Alves Almeida;9.09
3654;Sofia Martins Sousa;0.19
4084;José Cunha Ferreira;4.28
2634;Vitória Pinto Rocha;5.03
25061;Tiago Sousa Gomes;6.99
17060;Amanda Castro Araujo;0.72
21899;Tomás Lima Rocha;3.02
17738;Gabriela Cardoso Sousa;4.01
19774;Luis Oliveira Pereira;7.77
21860;Luis Martins Carvalho;3.96
29303;Maria Alves Ferreira;1.37
22573;Erick Gomes Barbosa;8.86
23543;Camila Sousa Costa;7.74
8566;Gabrielle Silva Barbosa;2.95
11553;Ágatha Castro Lima;0.95
23394;Kauê Costa Cardoso;6.22
26217;Kaua Azevedo Dias;1.20
22459;Ryan Martins Azevedo;9.29
9177;José Cavalcanti Rodrigues;7.15
15218;Gustavo Pinto Azevedo;0.56
28154;Kaua Silva Rocha;8.23
7101;Manuela Cunha Cunha;0.63
8301;Rafael Oliveira Gomes;6.70
12463;Felipe Souza Costa;1.79
14311;Caio Correia Pereira;5.75
11105;Mateus Sousa Alves;8.37
6889;André Sousa Melo;3.58
29713;Vitór Cavalcanti Alves;9.87
7407;Carlos Rodrigues Ribeiro;2.77
4290;Eduarda Cavalcanti Santos;2.93
18443;Breno Ribeiro Almeida;7.32
23309;Vinicius Fernandes Cunha;5.60
19708;Ágatha Alves Gomes;9.78
18273;Luís Barbosa Carvalho;5.74
15859;Leonardo Carvalho Lima;7.83
10131;Giovana Alves Cardoso;7.87
21615;Beatriz Silva Melo;2.67
6059;Tomás Costa Fernandes;2.72
6609;Bruna Santos Azevedo;5.47
29882;Tânia Castro Azevedo;3.92
18191;Danilo Silva Silva;0.35
13731;Martim Araujo Barros;6.53
18467;João Barros Barros;8.93
764;Camila Rocha Araujo;8.92
13001;Maria Fernandes Gomes;6.25
4693;Emilly Cavalcanti Alves;3.04
14957;Vinicius Ribeiro Ferreira;8.21
8302;Giovana Carvalho Cavalcanti;1.07
24832;Rodrigo Goncalves Souza;8.29
720;Guilherme Azevedo Alves;5.66
17045;Guilherme Fernandes Lima;8.25
17158;Luana Cunha Azevedo;3.77
330;Luís Barbosa Cunha;6.96
9849;Thiago Cunha Araujo;1.34
29107;Isabela Cavalcanti Goncalves;3.09
19477;Brenda Melo Gomes;0.90
27916;Rebeca Cunha Almeida;1.81
24810;Vitor Costa Rocha;7.46
12448;João Goncalves Oliveira;3.68
18223;Brenda Sousa Almeida;4.43
26724;Eduarda Silva Carvalho;4.95
1863;Kauan Barros Lima;3.80
25991;Marcos Ribeiro Costa;8.25
19233;Martim Carvalho Melo;1.22
14652;Caio Santos Barros;2.34
22897;Julia Barbosa Sousa;5.39
7566;Eduardo Ribeiro Correia;3.12
11904;Cauã Ribeiro Barbosa;0.40
19872;Cauã Pinto Pinto;7.11
19389;Tiago Ribeiro Pereira;9.13
25128;Antônio Santos Melo;4.83
21835;Lara Dias Azevedo;3.06
5744;Eduarda Goncalves Oliveira;0.75
3221;Gabriel Carvalho Gomes;3.45
26134;Isabella Lima Pereira;0.26
523;Kaua Lima Almeida;3.43
22380;Marcos Alves Costa;2.97
28797;Bianca Fernandes Castro;7.27
21425;Bruno Silva Costa;1.44
15817;Evelyn Costa Souza;0.00
23686;Luiz Rodrigues Araujo;3.18
27337;Maria Souza Cardoso;2.59
21334;Douglas Gomes Goncalves;5.93
12683;Julieta Martins Araujo;2.09
3837;Isabella Azevedo Goncalves;1.03
9563;Mateus Melo Lima;5.00
3530;Paulo Lima Sousa;2.48
14608;Leonor Santos Cavalcanti;6.06
11048;André Cavalcanti Ribeiro;3.48
26376;Alex Ferreira Lima;6.96
17299;Diogo Rodrigues Alves;0.33
6793;Rafaela Costa Oliveira;7.28
22150;Yasmin Dias Souza;1.35
25879;Fábio Pinto Fernandes;6.37
16991;Diogo Lima Souza;8.57
29741;Nicolas Rocha Cavalcanti;1.80
14074;Guilherme Goncalves Ferreira;2.04
4166;Eduarda Correia Melo;5.43
29296;Alice Barbosa Ribeiro;5.33
17795;João Castro Melo;1.66
9222;Camila Rocha Carvalho;8.53
3617;Nicolas Ribeiro Gomes;9.36
5336;Sofia Lima Pereira;8.60
5921;Alice Silva Azevedo;8.76
135;Gabriel Cardoso Costa;6.84
11800;Rafael Dias Barbosa;1.09
11719;Tânia Pereira Cunha;7.03
25957;Sofia Dias Cavalcanti;3.47
10751;Ana Fernandes Barbosa;7.32
10722;Evelyn Sousa Silva;0.39
18510;Ágatha Silva Melo;5.78
5791;Bruna Araujo Pinto;7.35
10772;Vinícius Melo Alves;8.62
11875;Giovanna Azevedo Goncalves;0.50
9043;Julian Cavalcanti Pereira;7.10
4713;Clara Martins Barbosa;1.89
613;Vitor Barros Martins;7.06
14658;Bruno Azevedo Costa;5.98
12831;Júlio Silva Cavalcanti;7.40
25342;Sophia Martins Cardoso;6.00
555;Lavinia Cunha Almeida;7.54
14607;Bruno Pereira Cunha;5.25
27924;Carlos Costa Oliveira;3.92
617;Enzo Pinto Cardoso;7.25
24053;Anna Lima Castro;4.68
18873;Vitór Lima Oliveira;0.49
17417;Emilly Ferreira Santos;4.38
1633;Joao Dias Sousa;5.76
25697;Kauã Ribeiro Cavalcanti;6.65
17935;Vinicius Azevedo Oliveira;3.96
2107;Fernanda Costa Pinto;0.22
15717;Isabela Correia Ribeiro;4.69
15926;Gabrielle Rodrigues Melo;2.65
24058;Matilde Dias Costa;6.35
1560;Erick Araujo Souza;1.65
5066;Giovana Azevedo Melo;1.31
17522;Guilherme Castro Ferreira;0.13
19759;Eduardo Lima Gomes;6.48
22888;Mariana Lima Melo;1.05
2510;Emily Castro Pereira;2.55
288;Carolina Alves Cardoso;7.97
1321;Giovana Silva Gomes;2.35
9907;Emilly Ferreira Goncalves;8.55
24111;Daniel Gomes Santos;5.13
12744;Júlio Fernandes Cardoso;1.89
2019;Kauê Costa Barbosa;8.79
22057;Danilo Correia Goncalves;5.64
19244;Luís Gomes Araujo;8.12
14200;Antônio Barros Santos;4.90
22823;Eduarda Dias Barbosa;6.27
21894;Tiago Cavalcanti Alves;5.94
9140;Alice Azevedo Cavalcanti;4.90
5771;Isabela Dias Lima;1.26
1462;Renan Azevedo Santos;4.59
25971;João Dias Cardoso;3.46
8084;Tomás Barbosa Oliveira;8.63
10833;Daniel Souza Sousa;1.67
12508;Alice Rodrigues Sousa;9.84
8775;Leonor Silva Gomes;2.18
28309;Caio Pinto Silva;7.96
19776;Danilo Azevedo Cardoso;6.18
4820;Amanda Carvalho Santos;0.86
19975;Leonardo Santos Cardoso;1.45
27531;Livia Castro Silva;2.00
4392;Lavinia Pereira Silva;6.87
27609;Gabrielly Dias Almeida;3.47
12566;Lucas Barbosa Cardoso;1.37
23088;Alice Rocha Costa;7.20
17867;Emilly Santos Araujo;8.85
12450;Luis Cardoso Fernandes;0.04
7342;Fábio Souza Castro;4.45
29064;Aline Alves Gomes;5.02
20794;Gabriel Sousa Pereira;7.94
22050;Giovana Melo Castro;2.51
19679;Renan Barros Almeida;8.69
15961;Diego Correia Cardoso;5.19
6887;Fábio Lima Pereira;5.21
28611;Raissa Barros Almeida;2.86
17256;Leonor Correia Correia;5.20
19825;Gabrielly Goncalves Lima;7.78
29638;Sophia Martins Goncalves;4.52
17922;Gabrielle Melo Barbosa;8.64
4210;Diogo Dias Barros;6.13
14194;Douglas Santos Lima;0.94
24923;Aline Santos Rodrigues;9.65
27548;Bruno Correia Almeida;5.67
1216;Caio Martins Azevedo;1.40
29362;Julia Carvalho Pinto;3.87
7570;Júlia Almeida Oliveira;9.50
25523;Alex Souza Costa;2.39
28281;Nicole Gomes Barros;4.67
21280;Sarah Pereira Costa;0.09
21442;Evelyn Gomes Silva;1.05
11455;Bruna Araujo Ribeiro;8.20
14952;Lavinia Rodrigues Pinto;4.31
20229;Eduardo Sousa Barbosa;5.20
9089;Marina Sousa Castro;1.04
29683;Arthur Cavalcanti Almeida;1.79
27507;Douglas Barros Pereira;4.67
7638;Gabrielly Cunha Dias;7.59
7502;Gabrielly Rodrigues Goncalves;8.00
2798;Gabriela Azevedo Cavalcanti;8.89
23180;Vitor Costa Ribeiro;4.15
15471;Beatriz Sousa Souza;3.29
29743;Felipe Barros Correia;7.41
16422;Júlio Santos Oliveira;4.94
23234;Sophia Melo Gomes;7.21
20985;Ana Oliveira Goncalves;3.31
25631;Vitoria Ribeiro Azevedo;5.28
19107;Luis Azevedo Ribeiro;7.87
3721;Davi Ferreira Rodrigues;5.51
29667;Luiz Castro Martins;1.81
20944;Ágatha Souza Fernandes;5.22
12961;Gabrielle Silva Cardoso;8.99
6923;Lavinia Sousa Carvalho;4.61
7254;Luis Lima Alves;0.56
28095;Sarah Azevedo Cunha;2.97
17776;Marina Melo Carvalho;2.11
23441;Giovanna Gomes Correia;3.86
29780;Carlos Souza Oliveira;8.73
876;Ágatha Carvalho Ribeiro;8.63
22977;Leonor Castro Cardoso;4.48
20623;Marisa Castro Azevedo;0.85
15625;Nicole Ribeiro Correia;6.01
4454;Gabriela Gomes Cavalcanti;2.71
3436;Luiza Araujo Gomes;9.62
7518;Breno Gomes Ribeiro;6.37
28161;Sofia Cardoso Ribeiro;5.23
269;Beatriz Carvalho Pereira;9.19
25076;Maria Souza Almeida;0.13
595;Bianca Ferreira Castro;5.58
21762;Cauã Pereira Correia;3.80
12809;Kaua Martins Rodrigues;3.22
23774;Manuela Rocha Goncalves;5.79
20784;Leonor Dias Correia;7.21
16101;Paulo Lima Sousa;4.55
21486;Sophia Silva Ferreira;4.28
2818;Leonardo Cunha Cunha;7.75
3612;Camila Cardoso Sousa;4.06
27687;Emilly Silva Oliveira;4.19
5674;Emilly Silva Cavalcanti;9.14
24605;Alice Goncalves Gomes;2.33
13633;Leonor Ribeiro Martins;2.67
797;Clara Araujo Santos;6.81
17599;Miguel Souza Fernandes;5.01
4944;Thiago Ribeiro Silva;5.33
1376;Manuela Alves Ferreira;9.02
21150;Leonardo Pereira Silva;3.89
25331;Gustavo Rodrigues Souza;8.22
25256;Felipe Rodrigues Lima;8.56
26764;Manuela Santos Castro;5.13
15255;Bianca Correia Castro;5.58
24661;Aline Barbosa Ribeiro;0.82
478;Lucas Araujo Martins;1.88
57;Gabrielly Barros Martins;3.80
10143;Kai Souza Araujo;4.11
28342;Julieta Sousa Costa;0.17
9281;Gabriel Correia Rocha;5.36
25622;Vitoria Ferreira Goncalves;6.47
24249;Julia Santos Correia;7.79
14612;Rafael Pinto Martins;8.51
23935;Emilly Souza Santos;2.13
25885;Isabelle Azevedo Rodrigues;1.28
2138;Joao Rocha Gomes;2.62
9038;Tiago Martins Ferreira;0.01
9283;Isabelle Correia Goncalves;8.61
3951;Giovana Barros Fernandes;6.31
4836;Lara Cunha Cardoso;2.04
27294;Tânia Ribeiro Goncalves;9.42
9908;Júlio Correia Azevedo;3.26
1848;Leila Dias Cavalcanti;7.35
7825;Felipe Carvalho Silva;4.36
15279;Nicole Santos Barros;9.91
18609;Luís Castro Martins;3.52
17358;Tânia Barbosa Martins;3.19
5464;Thaís Costa Martins;6.09
16391;Giovana Almeida Barbosa;5.18
22061;Luan Lima Fernandes;7.14
1333;Enzo Araujo Alves;9.09
1449;Julia Correia Oliveira;2.53
28049;Sarah Rodrigues Rocha;5.36
11117;Matheus Cunha Ferreira;1.58
4427;Alice Pereira Cunha;4.16
21091;Yasmin Melo Pinto;1.49
19993;Estevan Melo Castro;2.38
17504;Cauã Pereira Cardoso;8.86
22203;Sarah Ferreira Gomes;4.25
7479;Cauã Goncalves Azevedo;3.72
8984;Arthur Silva Pinto;8.77
14270;Alice Ribeiro Sousa;9.90
11869;Sarah Castro Carvalho;5.02
24284;Giovanna Pinto Martins;3.27
227;Miguel Barbosa Sousa;4.69
20896;Estevan Castro Silva;9.11
11289;Vitór Almeida Melo;4.83
8906;Breno Cardoso Costa;3.33
10264;Marcos Costa Costa;7.28
15953;Brenda Barbosa Carvalho;9.80
250;Douglas Goncalves Costa;1.19
23206;Miguel Fernandes Pinto;7.38
15548;Arthur Goncalves Martins;9.25
17426;Vitór Gomes Cavalcanti;6.65
16076;Fábio Castro Correia;4.97
729;Anna Alves Costa;3.77
3578;Vitór Barbosa Ferreira;2.39
8430;Emily Cunha Alves;8.06
1600;Rebeca Castro Castro;5.68
4630;Lara Lima Cunha;5.70
18533;Larissa Azevedo Lima;7.01
16767;Beatriz Cavalcanti Melo;8.08
17864;Anna Pereira Alves;2.30
10539;Fábio Fernandes Cardoso;3.45
13402;João Castro Ferreira;1.72
4855;Kauê Ribeiro Correia;5.54
4528;Julia Rodrigues Costa;0.89
29040;Nicolas Costa Rodrigues;6.73
743;Gabrielly Pinto Gomes;4.80
14767;Eduardo Silva Correia;2.73
18445;Martim Fernandes Rocha;0.01
3616;Ana Carvalho Oliveira;7.35
14246;José Correia Carvalho;1.37
7126;Matilde Barbosa Sousa;5.81
11954;Clara Dias Oliveira;9.41
19205;Kai Castro Araujo;9.36
25463;Rodrigo Oliveira Azevedo;8.07
5115;Raissa Silva Correia;7.48
12063;Isabella Cavalcanti Fernandes;1.35
11263;Leonardo Melo Goncalves;3.98
5926;Julia Rodrigues Dias;3.11
22165;Douglas Oliveira Barbosa;4.70
8043;Isabelle Almeida Ribeiro;7.05
14822;Julian Ribeiro Lima;0.95
22634;Thiago Oliveira Cunha;0.33
14655;Rebeca Melo Barbosa;1.17
8443;Eduardo Cunha Fernandes;2.84
4930;Alex Martins Cunha;5.29
4037;Antônio Gomes Barros;0.30
26010;Kauã Santos Almeida;4.10
7846;Ágatha Santos Martins;5.41
5209;Gabriela Cardoso Correia;1.46
7181;Paulo Oliveira Souza;2.92
25978;Fernanda Goncalves Barbosa;6.83
812;Julieta Ribeiro Barros;1.15
4698;Rodrigo Oliveira Souza;9.82
29424;Gabrielle Oliveira Pereira;2.85
17269;Kai Souza Lima;2.99
2075;Livia Alves Oliveira;8.04
2795;Leila Cardoso Sousa;6.66
23889;Giovanna Cardoso Castro;6.65
26865;Kai Costa Castro;6.20
16835;Melissa Pinto Melo;7.93
7707;Victor Fernandes Castro;0.55
5743;Vitor Melo Fernandes;8.62
28894;André Martins Dias;7.17
1113;Raissa Alves Gomes;3.11
3756;Emily Silva Oliveira;3.86
29740;Felipe Sousa Almeida;8.41
17099;Livia Castro Costa;9.98
11537;Lara Azevedo Oliveira;3.37
22957;Isabela Sousa Pereira;4.36
13573;Evelyn Santos Cunha;9.59
22690;João Santos Goncalves;7.01
26183;Rafaela Castro Almeida;3.39
23910;Rebeca Rocha Rodrigues;2.21
12180;Rodrigo Lima Melo;2.51
13798;Kaua Souza Dias;7.61
29963;Samuel Barros Cunha;8.61
15853;Carolina Rocha Oliveira;9.63
14223;Vitória Cardoso Fernandes;4.42
4656;Daniel Ferreira Silva;9.40
7974;Sarah Costa Melo;7.73
18367;Lavinia Barros Cardoso;9.77
8687;Raissa Oliveira Almeida;0.83
13970;Vinicius Cunha Ferreira;6.57
10614;Bruno Carvalho Almeida;8.16
16179;Rodrigo Cunha Correia;4.88
8026;Guilherme Santos Pereira;2.65
29656;Livia Castro Almeida;7.51
9795;Camila Carvalho Souza;2.94
29060;Anna Costa Barbosa;5.66
15475;Tomás Pereira Carvalho;3.32
28636;Caio Rocha Sousa;6.27
28770;José Costa Cunha;2.38
11885;Mariana Ferreira Silva;4.07
9644;Maria Costa Barros;2.92
16823;Renan Gomes Gomes;5.87
25243;Livia Lima Martins;3.92
27178;Breno Barros Pinto;7.18
15912;Vitór Oliveira Gomes;1.65
5291;Letícia Oliveira Barros;5.01
6005;Mateus Melo Cunha;1.92
11573;Marina Rodrigues Goncalves;7.75
23915;Anna Cunha Rocha;4.99
7607;Fernanda Cavalcanti Barros;3.45
14275;Diego Sousa Carvalho;4.83
5528;Carolina Souza Silva;0.62
25568;Breno Gomes Pinto;9.44
17372;Alice Costa Silva;8.31
27331;Julia Cavalcanti Cavalcanti;8.43
18886;Vinícius Almeida Barros;4.13
6240;Mateus Almeida Pinto;7.08
27677;Luana Almeida Rocha;0.28
21191;Breno Castro Santos;7.21
18841;Vitória Azevedo Sousa;4.33
29792;Rebeca Alves Gomes;8.44
4966;Enzo Azevedo Cunha;2.24
13749;Carlos Araujo Melo;3.84
27605;Bruno Oliveira Correia;7.52
19536;Leila Dias Rocha;8.23
13162;Ryan Fernandes Dias;7.04
19570;Luana Azevedo Almeida;7.70
17184;Davi Santos Fernandes;1.64
2799;Lucas Rodrigues Almeida;2.75
19449;Victor Azevedo Castro;2.56
1542;Marcos Martins Goncalves;5.57
9723;Kauã Martins Barros;6.80
7956;Murilo Correia Rodrigues;1.66
20984;Diogo Araujo Gomes;2.07
13682;Gustavo Santos Rodrigues;9.74
780;Vitor Silva Souza;0.99
17819;Kauan Barros Ribeiro;9.78
10548;Giovanna Cavalcanti Azevedo;8.70
10797;Gabriel Araujo Costa;6.98
12642;Vitoria Silva Azevedo;5.44
17213;Vitor Correia Ferreira;1.94
9548;Clara Martins Ferreira;6.99
24200;Maria Cunha Barros;0.57
8438;Isabella Pinto Fernandes;7.88
24106;Estevan Goncalves Azevedo;8.04
1018;Raissa Santos Souza;1.14
13569;Enzo Lima Dias;2.79
10463;Isabella Souza Ribeiro;1.97
4349;André Almeida Sousa;5.20
20450;Diego Cunha Barros;3.49
22614;Gabriela Souza Barbosa;5.27
14034;Leonor Barbosa Sousa;4.80
6823;Sofia Santos Santos;3.07
27827;Melissa Azevedo Souza;5.01
20549;Cauã Almeida Almeida;0.91
17469;Gabriela Ferreira Silva;7.42
4690;Danilo Sousa Rodrigues;6.96
22556;Eduardo Silva Cardoso;1.59
26638;Victor Dias Souza;1.89
10386;Evelyn Pereira Silva;9.67
8308;Nicole Cardoso Correia;4.70
21253;Kai Goncalves Costa;9.69
27386;Yasmin Barros Costa;7.94
22509;Nicolash Cardoso Lima;9.89
571;Beatrice Ribeiro Cunha;5.85
24586;Danilo Ribeiro Cavalcanti;1.66
23764;Júlia Martins Correia;1.17
24175;Thiago Castro Correia;2.60
14899;Luís Silva Ribeiro;0.40
7347;Júlio Gomes Lima;8.06
6234;Carla Goncalves Almeida;9.88
18263;Marisa Alves Cardoso;0.18
8353;Tiago Silva Ferreira;4.61
251;João Fernandes Souza;0.37
22091;Gabrielle Santos Almeida;3.64
15240;Gabriel Fernandes Barros;8.63
27231;Fernanda Barbosa Martins;4.73
17343;Kauã Correia Dias;1.10
13947;Alex Almeida Araujo;0.63
23790;Enzo Dias Dias;7.88
2868;Sarah Gomes Azevedo;0.29
17691;Maria Souza Rocha;2.58
19284;Ana Cardoso Barbosa;0.25
1686;Kaua Cavalcanti Rodrigues;0.67
25561;Julian Araujo Silva;4.15
21577;Julian Gomes Ribeiro;8.68
9298;Douglas Martins Souza;7.97
17413;Anna Barros Gomes;7.25
23693;Kai Cunha Martins;5.70
9330;Igor Almeida Lima;6.79
8080;Bruna Cunha Goncalves;2.26
26240;Otávio Fernandes Araujo;3.21
12337;Nicolas Fernandes Pinto;6.01
14689;Leonor Gomes Souza;2.03
17623;Marisa Azevedo Pinto;5.26
18457;Nicolas Carvalho Cavalcanti;7.89
21314;Livia Cavalcanti Barros;5.20
28697;Bianca Cunha Martins;5.72
8404;Júlia Costa Barbosa;9.14
20157;Vitor Martins Ferreira;7.84
7798;Daniel Correia Dias;4.33
19432;Lucas Santos Sousa;8.30
1284;Vitória Pinto Martins;7.63
25733;Erick Rocha Pinto;1.31
14376;Ryan Rodrigues Ferreira;2.75
884;Joao Azevedo Carvalho;1.05
13710;Emily Pinto Cunha;2.36
14411;Lara Santos Goncalves;2.51
19095;Tomás Silva Martins;7.78
28883;Rafael Cavalcanti Ribeiro;7.98
972;Luis Silva Cunha;2.38
27301;Nicolas Rodrigues Martins;9.04
11993;Diego Oliveira Pereira;8.57
17642;Diogo Lima Cunha;1.97
25578;Antônio Araujo Melo;3.29
15549;Eduarda Cardoso Sousa;5.92
29371;Isabelle Santos Cavalcanti;0.09
6822;Júlia Cavalcanti Martins;0.01
5640;Bianca Carvalho Alves;4.78
4494;Pedro Santos Goncalves;1.11
22145;Martim Pereira Silva;1.25
2393;Gabriel Souza Oliveira;2.35
22543;Júlio Almeida Pereira;1.47
4629;Melissa Cunha Rodrigues;3.52
19232;Luiza Azevedo Araujo;7.33
20059;Kai Oliveira Lima;2.44
7168;Isabelle Barros Santos;8.01
28070;Isabelle Gomes Gomes;1.21
5877;Vitór Ferreira Oliveira;4.83
15741;Danilo Correia Souza;4.01
1020;Cauã Melo Martins;7.33
3447;Amanda Carvalho Araujo;7.27
26972;Lara Cardoso Castro;1.47
9220;André Carvalho Barbosa;9.06
3894;Letícia Ribeiro Goncalves;9.47
11709;Miguel Azevedo Cardoso;9.98
29272;Letícia Melo Oliveira;2.28
9992;Vinicius Oliveira Melo;5.41
13991;Vitoria Martins Cavalcanti;9.11
29091;Maria Ferreira Pereira;6.33
23042;Enzo Barros Rocha;4.52
14960;Melissa Lima Santos;2.53
20704;Rodrigo Fernandes Pinto;3.87
25038;Isabella Goncalves Correia;5.87
25048;Alex Dias Cardoso;2.75
433;Ryan Barros Barros;2.90
11394;Giovana Barros Costa;3.26
15984;Vitória Alves Oliveira;8.54
15969;Lara Fernandes Alves;2.20
11073;Otávio Cavalcanti Alves;4.66
1729;Luana Pereira Souza;5.90
25358;Rebeca Almeida Alves;4.53
3091;Vitoria Silva Dias;3.54
19511;Emily Rodrigues Melo;2.24
19471;Kaua Silva Rodrigues;2.59
10974;Júlia Goncalves Ferreira;7.31
3239;Diogo Ribeiro Carvalho;8.64
24050;Vitória Azevedo Pinto;2.88
29858;Kauan Souza Melo;4.10
22923;Beatriz Cunha Melo;6.81
23828;Luan Cavalcanti Souza;2.50
28378;Matheus Cunha Carvalho;3.15
8697;Kauan Fernandes Lima;0.51
8103;Miguel Alves Almeida;6.60
14958;Ryan Castro Dias;6.00
17211;Julia Sousa Rodrigues;4.57
11845;Evelyn Pereira Costa;3.24
12178;Evelyn Martins Almeida;9.10
9423;Thiago Costa Melo;6.70
13759;Gabrielly Ribeiro Melo;0.34
12528;Arthur Rodrigues Alves;7.92
15174;Amanda Cavalcanti Pinto;6.21
11009;Miguel Fernandes Alves;1.52
9061;Joao Souza Silva;3.01
23226;Igor Martins Fernandes;0.82
8973;Sofia Barros Silva;7.82
2745;Lavinia Martins Dias;4.04
5896;Tânia Lima Martins;8.62
6705;Manuela Rodrigues Araujo;9.75
1681;Luiza Rocha Costa;7.88
24792;Gabrielly Costa Pereira;0.41
15141;Gustavo Barbosa Souza;4.44
12488;Erick Goncalves Alves;9.32
26946;Emilly Sousa Barbosa;3.73
11495;Paulo Silva Sousa;9.53
9363;Luís Barbosa Souza;2.72
973;Júlio Oliveira Rocha;6.79
20487;Alice Cunha Silva;1.39
5206;Vitoria Cavalcanti Carvalho;9.06
28904;Paulo Gomes Barros;9.78
18310;Isabelle Cavalcanti Souza;8.38
13347;Pedro Sousa Santos;0.91
4681;Matilde Ribeiro Cunha;8.38
15932;Carla Ferreira Ribeiro;5.82
21998;Luana Santos Gomes;9.80
23157;Rafaela Rodrigues Azevedo;2.79
25539;Martim Silva Almeida;6.43
5315;Beatriz Dias Melo;4.79
6293;Tiago Gomes Pereira;3.10
22315;Luan Correia Goncalves;6.14
7832;Julian Cavalcanti Rodrigues;3.25
26464;Isabelle Pereira Silva;4.23
20121;Luan Araujo Almeida;6.14
22784;Davi Lima Lima;4.72
10122;André Azevedo Pereira;1.53
22577;Leila Goncalves Lima;5.33
3525;Ágatha Goncalves Silva;6.49
3310;Julia Carvalho Cavalcanti;7.81
10007;Thiago Rodrigues Pinto;3.55
23966;Luís Martins Azevedo;8.93
10306;Luana Cunha Ribeiro;3.64
27269;Lucas Martins Ferreira;1.74
14179;Julia Costa Fernandes;9.62
6730;Larissa Melo Costa;6.20
21975;Guilherme Melo Rodrigues;1.81
26600;Brenda Correia Correia;6.24
22938;Manuela Rodrigues Ferreira;0.78
13819;Joao Oliveira Rocha;4.18
19082;Evelyn Barbosa Ferreira;2.45
16994;Ágatha Almeida Souza;9.83
5698;Victor Gomes Carvalho;6.13
29655;Julian Cunha Oliveira;2.54
29783;Laura Rodrigues Ferreira;3.71
3988;Gustavo Cavalcanti Santos;7.39
14889;Ryan Ferreira Costa;5.90
6462;Carlos Castro Santos;0.70
15580;Julieta Costa Souza;1.91
25913;Danilo Santos Alves;8.18
19220;Gabriel Goncalves Rodrigues;5.69
25350;Luana Santos Oliveira;1.29
3208;Tomás Santos Correia;2.73
29853;Luiz Lima Araujo;0.36
23919;José Dias Cardoso;1.31
15827;Lara Araujo Rodrigues;2.79
947;Emily Costa Melo;4.11
13453;Bruna Cunha Lima;0.66
3841;Thiago Rocha Fernandes;3.73
1706;Ryan Melo Ribeiro;8.13
5001;Martim Souza Araujo;0.15
27035;Ana Cunha Pinto;2.01
7530;Fábio Carvalho Pinto;5.91
17112;Beatrice Almeida Barros;8.78
11438;Danilo Ferreira Pinto;9.76
13723;Antônio Gomes Barbosa;7.15
7429;Marcos Rocha Goncalves;7.82
17664;Diego Silva Araujo;6.68
1616;Gabrielly Rocha Martins;4.72
22611;Murilo Barros Pinto;4.53
13298;Carlos Fernandes Almeida;6.65
17943;Guilherme Pinto Cavalcanti;8.25
23467;Renan Azevedo Azevedo;5.34
24938;Felipe Martins Barros;2.28
29917;Lara Barbosa Melo;2.63
2800;João Silva Silva;8.27
18320;Larissa Cavalcanti Souza;8.44
10247;Murilo Correia Barros;2.70
20795;Julieta Castro Pinto;7.72
19756;Lucas Fernandes Silva;4.72
4144;Marina Goncalves Rocha;6.51
22934;Luana Cavalcanti Cunha;4.48
19553;Maria Castro Silva;1.37
27707;Sophia Melo Souza;0.68
12605;Davi Castro Cardoso;2.26
27266;Leila Sousa Cavalcanti;2.60
20811;Sofia Pinto Alves;8.33
16677;Matheus Cardoso Souza;1.95
27081;Diego Pereira Cunha;4.18
14565;Rodrigo Azevedo Castro;8.90
3856;Otávio Costa Cardoso;0.91
14919;Evelyn Melo Sousa;7.04
9466;Gabrielly Sousa Santos;0.32
19190;Isabella Cunha Alves;1.90
5872;Antônio Martins Melo;7.14
6358;Luiz Lima Correia;3.01
12376;José Pinto Correia;3.34
19877;Felipe Pinto Martins;7.07
22623;Pedro Costa Barros;3.69
2679;Gabriela Rocha Ribeiro;2.96
21640;Laura Cardoso Araujo;5.42
17119;Isabela Melo Azevedo;0.03
5962;Sofia Dias Correia;2.36
21180;Pedro Cunha Araujo;4.71
21608;Alex Correia Melo;5.62
15977;Victor Goncalves Rocha;7.83
18350;Daniel Cardoso Melo;4.90
15885;Gabrielly Silva Araujo;9.16
13244;Vinícius Gomes Barros;6.92
59;Murilo Gomes Fernandes;3.34
15989;Luís Martins Cavalcanti;8.40
4852;José Souza Cunha;8.12
1930;Maria Correia Rocha;1.11
13741;Vitoria Cunha Pereira;0.33
6021;Vitória Martins Barros;3.16
20368;Igor Barbosa Azevedo;1.48
13935;Gabrielle Pereira Rodrigues;6.61
15629;Erick Cavalcanti Araujo;7.22
2992;Arthur Ferreira Cunha;3.95
26356;Bruno Ferreira Lima;0.66
16014;Alex Araujo Lima;5.95
24069;Livia Correia Silva;4.39
2665;Julieta Barros Azevedo;9.44
9340;Eduarda Correia Sousa;0.37
10170;Isabella Barros Pereira;3.19
236;Leonardo Lima Barbosa;3.57
22603;Beatriz Martins Alves;9.53
21916;Melissa Fernandes Rodrigues;2.56
2908;Vitoria Santos Rocha;8.72
2209;Joao Alves Azevedo;8.75
101;Antônio Barros Lima;2.11
25422;Luis Almeida Costa;8.75
23258;Emilly Lima Pinto;2.25
20791;Cauã Martins Costa;0.37
25036;Alex Azevedo Alves;5.14
24123;Eduardo Rocha Martins;8.85
27041;Clara Almeida Santos;2.12
26563;Diego Sousa Almeida;7.83
23192;Rodrigo Martins Azevedo;5.96
8770;Carlos Barbosa Cardoso;0.62
19468;Sarah Rodrigues Carvalho;3.92
1164;Daniel Rodrigues Rodrigues;1.73
9517;Marcos Cunha Azevedo;7.35
8463;Rafael Cavalcanti Cardoso;8.76
5642;Sophia Martins Gomes;7.35
1746;Tomás Ferreira Rodrigues;9.36
15053;Guilherme Ribeiro Almeida;7.36
18730;Clara Lima Dias;9.85
9422;Vitor Rodrigues Goncalves;5.16
11984;Raissa Dias Dias;6.80
3080;Letícia Ribeiro Ribeiro;0.37
8299;Matheus Carvalho Araujo;7.68
25646;Maria Goncalves Azevedo;5.82
23297;Vitória Barros Melo;0.73
10503;Isabelle Pinto Fernandes;0.79
24707;Julia Gomes Correia;7.42
108;Nicolas Goncalves Fernandes;2.98
23637;Luana Dias Barros;2.06
10773;Yasmin Ribeiro Santos;8.56
341;Sarah Correia Cardoso;8.40
15833;Murilo Oliveira Oliveira;0.32
28584;Enzo Costa Fernandes;9.81
8873;Rebeca Costa Cavalcanti;3.38
5304;Tiago Almeida Ferreira;6.95
15736;Bianca Ribeiro Barbosa;1.63
14764;Yasmin Pereira Ribeiro;3.31
18520;Martim Gomes Oliveira;9.65
10213;Julia Alves Sousa;1.96
12363;Gabrielly Barros Ribeiro;1.51
24515;Daniel Dias Cunha;8.02
16241;Fábio Silva Alves;1.41
5688;Emilly Almeida Silva;2.58
23644;Murilo Barros Alves;3.35
24165;Amanda Castro Araujo;5.52
639;Emily Souza Almeida;7.06
12930;Miguel Lima Costa;2.04
20929;Bruna Melo Martins;8.47
6579;Vinicius Araujo Almeida;2.86
4359;Mateus Melo Pereira;6.21
26620;Kaua Sousa Correia;7.15
23882;Marcos Cunha Costa;7.10
12202;Evelyn Almeida Dias;1.02
53;Luiza Ribeiro Oliveira;3.20
22395;Giovana Fernandes Barbosa;5.09
16896;Kauê Cardoso Almeida;0.89
1494;Davi Cardoso Alves;1.46
4066;João Martins Ribeiro;6.30
991;Marina Barbosa Castro;3.59
20233;Fábio Araujo Silva;2.88
12216;Beatriz Barbosa Santos;3.82
8347;Júlia Gomes Oliveira;0.12
14232;Fábio Silva Goncalves;3.93
3589;André Cavalcanti Melo;1.18
25218;Vinícius Oliveira Gomes;0.87
17354;Sofia Melo Lima;9.97
28081;Yasmin Pinto Souza;8.18
6277;Luis Cavalcanti Carvalho;7.97
4646;Giovana Azevedo Fernandes;3.73
2376;Alice Oliveira Cavalcanti;4.29
11183;Bruna Souza Correia;6.28
11542;Davi Azevedo Barros;7.31
24234;Carlos Souza Rocha;2.22
143;Vitór Rocha Rocha;5.78
10600;Lucas Carvalho Cardoso;7.07
16457;Marcos Barros Azevedo;5.18
24872;Igor Alves Carvalho;7.05
1341;Ágatha Ribeiro Araujo;6.88
23963;Letícia Lima Castro;7.01
2601;Sarah Ferreira Barbosa;7.15
25108;Evelyn Rodrigues Araujo;1.62
11955;Marina Costa Correia;6.77
20404;Victor Ferreira Sousa;0.70
8545;Eduarda Alves Melo;3.35
8086;Martim Alves Fernandes;0.54
11012;Luan Rodrigues Goncalves;8.12
17262;Caio Pereira Sousa;4.98
15656;Larissa Ribeiro Alves;2.48
23036;Kauê Alves Melo;2.04
9251;Leonor Fernandes Barbosa;6.16
146;Isabelle Rocha Pereira;6.65
22694;Emily Dias Carvalho;0.06
5637;Isabela Cardoso Ribeiro;2.24
18221;Lavinia Ribeiro Cunha;3.68
6796;Enzo Alves Araujo;5.77
13070;Thaís Pinto Pereira;3.32
22656;Júlio Castro Barros;2.00
21052;Lavinia Lima Araujo;5.40
2995;Julia Dias Rodrigues;3.20
25558;André Almeida Pinto;9.21
28814;Amanda Sousa Costa;3.70
23462;Marisa Araujo Cunha;9.42
9079;Tânia Sousa Pereira;2.48
4383;Bruno Cardoso Pereira;1.00
24344;Rafaela Cavalcanti Melo;4.95
7877;Júlio Correia Alves;2.32
3137;Thiago Santos Souza;8.50
15742;Leonardo Azevedo Lima;9.64
1984;Cauã Oliveira Lima;3.92
3514;Bruno Azevedo Pereira;0.11
15381;Gabrielle Barbosa Ribeiro;0.18
28380;Nicole Almeida Cunha;9.35
13652;Mariana Correia Gomes;1.78
27855;André Almeida Sousa;8.49
8686;Luan Castro Gomes;3.73
13312;Carlos Martins Cardoso;4.85
19503;Larissa Carvalho Lima;5.02
3625;Luis Castro Cardoso;4.17
25898;Julian Castro Sousa;1.02
27459;Maria Almeida Costa;4.61
7247;Vitor Souza Barros;8.00
25176;Giovanna Barros Barbosa;8.40
6176;Leonardo Ferreira Goncalves;4.10
15079;Enzo Cavalcanti Almeida;6.46
2292;Rebeca Rodrigues Carvalho;8.51
1547;Gustavo Melo Barros;8.83
421;Vitória Barbosa Ribeiro;5.48
7782;Guilherme Gomes Rodrigues;3.46
28180;Nicole Ribeiro Barbosa;8.01
9506;João Sousa Dias;2.15
12176;Livia Castro Rocha;7.52
7870;Isabella Souza Azevedo;4.59
12326;André Barros Cunha;3.25
26181;Livia Pinto Dias;2.80
2849;Clara Correia Oliveira;3.13
971;Aline Pereira Lima;7.66
17764;Erick Cardoso Martins;3.39
17989;Isabelle Santos Pinto;6.42
10666;Rafael Costa Dias;6.26
18955;Matilde Castro Araujo;9.10
5444;Rafaela Martins Santos;1.29
17576;Julieta Carvalho Ferreira;7.13
12634;Evelyn Almeida Sousa;4.43
18048;Sarah Barbosa Almeida;1.19
11493;Carla Melo Souza;9.11
20218;Ana Lima Castro;3.17
5462;Leonor Gomes Goncalves;5.47
8131;Thaís Cunha Castro;3.20
4669;Isabella Rodrigues Martins;4.60
21590;Mariana Cardoso Araujo;7.20
6555;Matheus Santos Dias;8.11
17001;Tânia Silva Martins;8.20
28431;Eduardo Cavalcanti Correia;2.52
4723;Aline Cavalcanti Ferreira;8.25
23593;Leonor Silva Souza;4.19
18576;Arthur Fernandes Fernandes;7.89
27416;Alex Correia Santos;2.19
323;Kaua Souza Dias;2.18
18825;Carlos Silva Alves;2.61
2863;Isabella Almeida Castro;4.86
8160;Rafael Ferreira Fernandes;9.57
14444;Amanda Ribeiro Martins;9.40
3028;Leila Barros Alves;8.82
5800;Tomás Cardoso Silva;4.97
5537;Thiago Costa Barbosa;9.26
26803;Lavinia Almeida Rodrigues;5.50
6713;Emily Souza Gomes;1.49
9748;José Souza Oliveira;0.62
15227;Otávio Dias Correia;8.69
24702;Tiago Almeida Araujo;4.51
26713;Renan Alves Barbosa;1.30
26032;Kauã Gomes Pinto;1.55
18960;Marcos Barros Azevedo;4.16
25219;Clara Lima Almeida;5.99
27055;Julian Oliveira Sousa;9.35
26378;Vitoria Araujo Barros;8.56
3581;Marisa Melo Araujo;7.87
9614;Kauan Pinto Sousa;3.19
28747;Marina Pinto Cardoso;4.59
23015;Luiza Souza Souza;8.25
8709;Vitor Sousa Sousa;3.30
28438;Carolina Souza Costa;0.91
18024;Maria Azevedo Fernandes;1.30
11911;André Correia Barbosa;2.32
11329;Luiz Santos Carvalho;2.88
13834;Gabrielle Goncalves Cunha;2.41
27580;Diogo Goncalves Cardoso;4.83
18197;Brenda Costa Barros;0.39
19127;Lavinia Rocha Oliveira;6.85
25731;Breno Rodrigues Martins;3.96
15716;Renan Santos Barbosa;4.33
15320;Fernanda Almeida Cunha;6.29
26126;Diego Martins Azevedo;4.65
16140;Alex Almeida Melo;8.43
4726;Emily Fernandes Correia;1.75
14138;Luan Oliveira Castro;6.14
7210;Luan Cardoso Ferreira;4.93
27461;Douglas Correia Gomes;9.68
1270;Marisa Costa Alves;7.70
12020;Marisa Oliveira Correia;1.31
17072;Gustavo Cardoso Fernandes;6.98
917;Arthur Azevedo Silva;6.89
22137;Beatriz Dias Gomes;7.84
13240;Larissa Rocha Rodrigues;9.88
13895;Eduardo Gomes Rodrigues;2.20
3916;Emily Araujo Oliveira;5.31
28208;Nicole Barros Barbosa;8.34
15918;Giovana Ferreira Ribeiro;7.72
4808;Julia Almeida Lima;1.89
3712;Mateus Sousa Ferreira;5.87
21328;Rafaela Martins Azevedo;9.16
12568;Lucas Silva Sousa;7.16
25203;Kauan Pereira Fernandes;5.34
26827;Emily Cavalcanti Ferreira;0.55
23545;Julia Oliveira Goncalves;2.52
11170;Mateus Barros Alves;6.61
2373;Antônio Pinto Barros;9.36
13333;Yasmin Gomes Goncalves;6.64
10270;André Cavalcanti Melo;8.09
9651;Rafael Araujo Souza;8.30
5219;Mateus Costa Fernandes;7.72
8351;Thaís Rocha Santos;1.55
19483;Eduarda Cavalcanti Azevedo;9.52
27414;Bruna Carvalho Almeida;9.88
19251;Felipe Silva Sousa;7.83
5067;Miguel Castro Araujo;7.75
19277;Antônio Cunha Oliveira;8.51
6017;Manuela Cardoso Almeida;1.98
3150;Ana Rodrigues Carvalho;5.18
25547;Gabriela Ribeiro Ribeiro;3.25
18734;João Goncalves Rocha;9.05
10254;Camila Dias Almeida;8.18
23547;Sophia Cunha Silva;2.31
8493;Diogo Araujo Pereira;8.49
6971;Breno Silva Goncalves;0.28
27214;Tânia Rocha Martins;8.73
625;Joao Alves Cavalcanti;9.49
6651;Giovana Pereira Goncalves;6.27
26386;Murilo Oliveira Ribeiro;6.18
6595;Carlos Rocha Azevedo;2.16
18027;Carla Ferreira Ferreira;0.86
10391;Ágatha Oliveira Barbosa;2.11
16377;Beatrice Alves Lima;6.91
1754;Rodrigo Azevedo Martins;3.95
16283;Emilly Souza Almeida;4.24
24857;Marina Lima Ferreira;7.49
15649;Gabriela Pinto Barros;9.17
9779;Evelyn Cavalcanti Oliveira;4.84
29380;Murilo Azevedo Fernandes;7.95
2750;Arthur Sousa Ferreira;6.03
26082;Pedro Alves Martins;7.80
18497;Tânia Fernandes Dias;8.53
16958;Murilo Castro Silva;9.64
27904;Emily Castro Ribeiro;3.76
20063;Luiza Oliveira Rocha;3.72
23551;Emilly Souza Azevedo;8.91
14005;Livia Goncalves Cavalcanti;0.22
2017;Caio Rodrigues Melo;3.89
5278;Thiago Pinto Barbosa;3.89
29176;Gabrielle Ferreira Azevedo;1.77
11154;Laura Lima Rocha;1.39
896;Rebeca Araujo Ribeiro;4.97
8476;Kai Azevedo Cavalcanti;6.06
3733;Beatrice Araujo Rodrigues;9.88
23150;Marcos Rocha Cunha;4.68
23142;Kaua Rocha Silva;3.61
7461;Pedro Barros Pereira;0.49
27145;Matilde Castro Goncalves;4.52
13570;Fábio Castro Rocha;2.63
20324;Vitoria Cunha Sousa;8.77
23248;Bruno Silva Martins;0.56
7233;Leila Silva Silva;6.53
25282;Beatriz Carvalho Costa;8.28
13421;Raissa Martins Cardoso;2.17
689;Maria Goncalves Castro;2.38
6962;Gabriel Silva Ferreira;6.25
29826;Emily Souza Correia;2.28
13166;Vitor Azevedo Fernandes;8.88
10342;Vitór Dias Carvalho;4.66
4336;Luana Melo Oliveira;6.31
29318;Antônio Azevedo Pereira;2.60
17590;Marisa Melo Correia;4.49
25585;Gabrielle Araujo Correia;4.09
28293;Luiza Rocha Carvalho;4.89
15614;Carolina Rocha Sousa;9.46
21956;Marisa Rodrigues Silva;1.88
4731;Beatriz Alves Alves;3.15
26935;Joao Barros Correia;1.54
24297;Marcos Pereira Costa;1.31
8512;Giovanna Rocha Almeida;4.44
5902;João Pereira Ribeiro;9.80
19847;Carlos Lima Barbosa;7.30
27016;Alex Silva Souza;6.28
9859;Alex Cavalcanti Oliveira;8.04
11283;Kai Fernandes Dias;8.89
732;Tomás Correia Araujo;0.22
28251;Luiza Costa Castro;7.87
1766;João Goncalves Cavalcanti;2.69
2093;Murilo Santos Gomes;5.34
21206;Davi Cunha Fernandes;1.04
6071;Felipe Ferreira Pereira;9.90
17605;Breno Santos Cavalcanti;0.89
5878;Carlos Dias Gomes;6.77
7047;Melissa Rocha Azevedo;2.32
10249;Joao Melo Martins;5.34
20469;Kauan Pereira Goncalves;7.33
3927;Mateus Cavalcanti Oliveira;4.22
21558;Davi Alves Rocha;5.42
8919;Antônio Martins Martins;1.71
21982;Luana Oliveira Rodrigues;4.70
18058;Vitoria Martins Ribeiro;6.74
2472;Nicolas Correia Silva;2.56
9808;Vitór Souza Costa;2.10
26962;Miguel Barros Dias;6.27
3180;Diogo Pinto Correia;3.45
17032;Carla Cavalcanti Martins;5.91
9662;Victor Oliveira Lima;1.58
9064;Enzo Carvalho Pinto;1.70
24296;Tomás Rodrigues Almeida;3.17
16559;Vinícius Cunha Sousa;4.49
1549;Otávio Rodrigues Carvalho;2.31
10185;Marisa Cunha Ribeiro;2.75
7366;Tomás Fernandes Goncalves;9.84
1503;Felipe Barbosa Correia;9.76
1539;Manuela Lima Correia;3.92
22316;Marcos Gomes Correia;1.03
28855;Gabrielly Almeida Costa;2.62
10571;Luís Santos Ferreira;1.46
18599;Eduarda Oliveira Santos;7.78
3336;Ryan Pinto Cavalcanti;7.69
16253;Douglas Correia Cunha;2.05
14592;Renan Lima Carvalho;3.53
14643;Davi Carvalho Pinto;1.07
18206;Fábio Almeida Pinto;3.70
18007;Lucas Almeida Cunha;4.28
24680;Kai Pinto Cunha;9.90
9007;Gabrielle Gomes Cavalcanti;8.46
18061;Marisa Correia Gomes;3.28
2445;Arthur Carvalho Pinto;3.03
12584;Clara Castro Castro;4.45
29833;Vitor Martins Goncalves;4.67
21967;Sofia Barbosa Melo;4.99
8755;Manuela Martins Rodrigues;5.86
28745;Bruna Santos Cardoso;4.92
23755;Clara Pinto Santos;7.42
16401;Rebeca Azevedo Castro;5.83
13707;Paulo Araujo Alves;0.77
21380;João Goncalves Ribeiro;7.49
3734;Letícia Dias Almeida;4.44
28243;Victor Rodrigues Carvalho;4.31
9756;Eduardo Ferreira Dias;2.91
29794;Aline Silva Costa;1.84
28278;Diogo Pinto Cavalcanti;6.32
735;Letícia Correia Goncalves;0.95
1348;Gabriel Cunha Sousa;3.27
23638;Nicolash Azevedo Silva;6.96
9986;Eduardo Santos Rodrigues;0.55
12380;Eduardo Costa Araujo;8.24
19243;Camila Silva Carvalho;1.54
20507;Anna Correia Castro;9.83
17364;Kai Cardoso Araujo;8.63
26294;Vinícius Silva Barbosa;7.99
9597;Julia Sousa Martins;3.42
27894;Rodrigo Ferreira Souza;4.89
7802;Maria Barros Silva;0.36
24407;Leonor Cunha Barros;4.36
22496;Gabrielly Sousa Souza;6.91
5320;Otávio Oliveira Dias;1.07
6177;Ryan Ribeiro Barros;1.39
24422;Luiz Melo Costa;5.36
6821;Yasmin Barbosa Barros;2.57
13281;Vinícius Costa Silva;7.23
6629;Ágatha Carvalho Alves;7.73
4772;Yasmin Araujo Rodrigues;4.10
25750;Gabriel Castro Melo;9.13
3686;Arthur Fernandes Souza;7.21
20976;Matilde Gomes Rodrigues;3.99
3486;Davi Ribeiro Pereira;0.55
22503;Carlos Rocha Souza;7.07
28141;Enzo Melo Pereira;6.17
6233;Vitoria Ferreira Silva;7.41
19631;Rebeca Oliveira Rodrigues;5.36
12293;Victor Correia Barbosa;4.45
27510;Sofia Pereira Azevedo;7.88
16482;Diogo Barbosa Silva;4.42
14263;Gabriel Araujo Azevedo;5.14
7085;Rafaela Carvalho Rocha;3.52
27813;Júlia Rodrigues Fernandes;7.95
26399;Tânia Cunha Carvalho;1.62
20595;Julia Barros Rocha;6.16
4769;Vinicius Lima Goncalves;8.98
18919;Erick Sousa Carvalho;9.61
9589;Rafael Costa Pinto;7.32
10555;Fernanda Lima Costa;8.27
22885;Matilde Ribeiro Gomes;3.48
25552;Lara Dias Rocha;9.11
26985;Luan Cunha Santos;2.63
19626;Fernanda Pereira Rodrigues;8.49
9391;Beatriz Ribeiro Cardoso;1.78
14750;Enzo Barbosa Rocha;9.34
3682;Tomás Rodrigues Pinto;6.61
3790;Marina Costa Martins;0.83
24365;Igor Pinto Gomes;5.72
21991;Julian Almeida Barros;2.26
7119;Lara Souza Ribeiro;4.49
18635;Estevan Lima Fernandes;3.79
25767;Livia Santos Rocha;6.76
166;Isabela Martins Almeida;4.16
28923;Julian Cardoso Carvalho;3.83
9194;Luiza Silva Castro;4.37
18360;Diogo Costa Azevedo;8.70
27369;Thiago Goncalves Barbosa;0.58
9811;Alice Lima Fernandes;9.40
28869;Sophia Silva Araujo;8.15
28004;Alex Melo Barbosa;0.89
15208;Lara Pereira Alves;7.79
16020;Matheus Cavalcanti Lima;7.64
12032;Sophia Azevedo Sousa;0.78
25970;Lara Azevedo Cunha;1.25
22290;Victor Santos Pereira;5.76
15592;Victor Barbosa Gomes;0.93
26749;Enzo Goncalves Pereira;1.36
18505;Raissa Cunha Azevedo;8.27
29900;Alex Cavalcanti Melo;8.75
15222;Kai Barbosa Fernandes;3.18
157;Emilly Santos Alves;6.62
19691;Enzo Pereira Barbosa;9.50
15426;Evelyn Dias Sousa;3.20
8129;Sophia Rodrigues Pereira;3.86
29032;Evelyn Alves Barros;6.80
15264;Sarah Barbosa Souza;6.60
22874;Leonardo Pereira Cunha;8.25
25182;Melissa Araujo Martins;2.03
28578;Sarah Gomes Barbosa;3.40
22670;Júlio Almeida Sousa;3.00
10196;Camila Cunha Fernandes;5.62
1595;Rafaela Santos Silva;1.44
28698;Bruno Martins Costa;2.28
25634;Luan Araujo Cavalcanti;9.38
24718;Thaís Pereira Alves;4.88
18887;Guilherme Araujo Santos;2.46
11782;Rafaela Araujo Almeida;0.06
21078;Rebeca Alves Cavalcanti;0.57
8747;Luan Azevedo Araujo;7.64
25111;Rafaela Rocha Lima;4.65
2916;Vinicius Sousa Souza;4.75
25933;Thiago Azevedo Araujo;8.57
16190;Matheus Rocha Lima;2.44
25450;Yasmin Araujo Cardoso;0.45
23241;Igor Rodrigues Castro;1.33
17080;Beatrice Cardoso Costa;4.82
7815;Mateus Fernandes Oliveira;3.91
13057;Lavinia Correia Goncalves;4.23
7653;Estevan Rocha Correia;7.73
10426;Tomás Pinto Ferreira;7.18
4636;Marcos Rodrigues Souza;2.17
26480;Arthur Cunha Correia;9.45
24067;Nicolas Gomes Martins;7.96
20948;José Sousa Carvalho;5.38
17190;Marina Sousa Ribeiro;0.36
23867;Marisa Gomes Gomes;8.11
25417;Emily Cunha Silva;8.93
10066;Lavinia Pereira Azevedo;2.25
16056;Emily Correia Barros;6.07
6527;Clara Barbosa Goncalves;1.90
10113;Gabriel Correia Ribeiro;8.29
22805;Emily Sousa Cavalcanti;1.00
10917;Carla Souza Santos;3.85
18474;Erick Cavalcanti Carvalho;0.36
15025;Larissa Cavalcanti Pinto;3.28
16469;Rafaela Fernandes Barbosa;5.91
4532;Sophia Cavalcanti Carvalho;8.18
601;Miguel Alves Cardoso;4.28
16304;Nicole Azevedo Melo;0.83
13767;Isabella Martins Correia;2.49
11775;Kauan Cunha Gomes;3.07
452;Samuel Oliveira Carvalho;5.09
12459;Gabriel Azevedo Cardoso;3.54
5524;Sophia Santos Goncalves;3.62
23296;Isabella Rodrigues Santos;2.38
12714;Vitor Lima Cavalcanti;5.09
11247;Gabrielly Rocha Cunha;5.16
11909;Júlia Fernandes Pinto;2.89
5211;Luiz Melo Lima;6.37
7251;Amanda Cardoso Carvalho;3.90
16384;Mariana Goncalves Silva;1.07
7364;Isabelle Fernandes Alves;2.04
21521;Thiago Santos Silva;9.97
12758;Guilherme Castro Ribeiro;2.56
17734;Felipe Correia Cavalcanti;0.09
19425;Júlia Rocha Oliveira;7.51
26412;Rafael Gomes Sousa;3.52
16895;Marisa Lima Silva;8.75
16760;Vitor Barros Castro;1.70
27140;Pedro Alves Cunha;3.11
376;Rodrigo Dias Martins;6.79
3860;Thaís Pereira Pereira;5.82
18404;Tânia Barbosa Castro;9.14
13785;Tânia Alves Silva;8.74
24010;Kai Ribeiro Almeida;2.42
13325;Kauan Almeida Costa;8.54
12786;Rafael Lima Barbosa;0.27
9685;Laura Araujo Sousa;8.31
13476;Antônio Carvalho Pinto;1.62
4364;Caio Ferreira Sousa;9.87
19363;Alex Dias Silva;0.12
20240;Miguel Castro Cavalcanti;8.50
23229;Vitoria Rocha Azevedo;1.29
14761;Carlos Castro Castro;7.88
14737;Luis Azevedo Ferreira;7.48
25613;Pedro Rocha Santos;9.65
15316;Sophia Barbosa Cavalcanti;4.84
17381;Tânia Barbosa Castro;8.52
4853;Carolina Fernandes Almeida;1.05
24272;Anna Alves Correia;4.34
26892;Luana Cavalcanti Silva;3.26
7944;Isabella Castro Pereira;4.56
22727;Breno Barbosa Araujo;9.90
11318;Clara Martins Goncalves;1.29
27722;Gabriela Cavalcanti Fernandes;8.63
3475;Mateus Melo Castro;6.61
11373;Douglas Cavalcanti Correia;8.70
23968;Alex Martins Alves;4.63
2230;Eduardo Azevedo Cunha;7.53
6217;Beatriz Martins Almeida;9.99
24567;Kauan Pereira Ribeiro;4.16
25932;Mateus Barbosa Costa;9.74
8402;Marisa Araujo Azevedo;0.46
5421;Bruno Araujo Dias;8.05
21913;Marina Dias Correia;8.93
17561;Rafaela Sousa Castro;8.11
12204;Nicolas Cunha Melo;8.71
2790;Raissa Ribeiro Souza;8.81
15875;Vitoria Correia Ribeiro;2.65
27356;Isabella Melo Goncalves;3.17
24237;Otávio Azevedo Castro;6.44
611;Clara Cardoso Rodrigues;1.69
19688;Kaua Melo Rocha;2.91
3879;Mateus Pinto Gomes;0.23
4854;Rodrigo Rodrigues Barbosa;3.42
3121;Letícia Castro Correia;8.57
2116;Eduarda Lima Ribeiro;8.90
14836;Antônio Santos Melo;8.13
13999;Bruna Azevedo Martins;4.30
27218;Mariana Cavalcanti Barbosa;4.55
19831;Beatrice Carvalho Almeida;6.21
16496;Otávio Correia Cavalcanti;0.54
5;Thaís Silva Ferreira;7.91
24451;Leonardo Alves Almeida;8.86
16615;Gabrielle Rodrigues Fernandes;5.36
4042;André Alves Oliveira;6.33
6856;Luis Azevedo Oliveira;8.57
17433;Otávio Barbosa Alves;0.63
311;Vinicius Cunha Cardoso;9.70
25810;Julia Souza Pereira;4.25
27326;Gabrielle Rodrigues Ferreira;7.22
25248;Felipe Costa Cunha;5.93
5937;Amanda Martins Alves;3.07
19317;Clara Goncalves Barbosa;6.01
25043;Thaís Lima Sousa;0.79
13484;Julia Cavalcanti Rodrigues;1.69
14704;Miguel Ferreira Cavalcanti;9.04
10738;Daniel Azevedo Barros;7.28
21088;Otávio Lima Rocha;4.26
29087;Kauan Silva Souza;8.40
19340;Tiago Alves Ferreira;9.65
13810;Manuela Rodrigues Goncalves;4.51
9400;Giovana Ferreira Correia;4.23
11928;Kauê Pinto Sousa;6.62
2115;Gabrielle Martins Souza;0.70
12518;Ana Ferreira Martins;1.40
26139;Rebeca Cavalcanti Ribeiro;4.75
6738;Renan Santos Cunha;0.36
5299;Vitória Fernandes Silva;2.31
25058;Julian Barbosa Carvalho;2.22
2158;Giovanna Oliveira Correia;9.15
2668;Gabrielly Castro Santos;7.51
5904;Miguel Carvalho Castro;0.38
266;Rafael Cardoso Sousa;8.32
24751;Martim Fernandes Cardoso;1.34
504;Vitór Goncalves Sousa;1.73
16156;Beatrice Rodrigues Santos;3.80
23299;Vinícius Alves Pinto;6.43
1114;Rodrigo Ribeiro Barbosa;0.21
20998;José Almeida Pinto;0.45
22492;Larissa Barbosa Melo;9.43
1695;Isabella Sousa Goncalves;2.55
8119;Miguel Santos Goncalves;1.11
28929;Diego Silva Lima;5.40
2053;Carlos Souza Carvalho;1.99
19698;Martim Cavalcanti Sousa;5.09
23756;Rafaela Correia Silva;2.15
17394;Carolina Cardoso Santos;5.09
5312;Luiz Martins Barros;7.69
13405;Victor Melo Cunha;9.43
12327;Vitória Carvalho Silva;5.49
1432;Alex Barbosa Cavalcanti;2.17
28594;Giovana Cardoso Castro;1.12
11296;Miguel Almeida Martins;7.50
21537;Vinícius Fernandes Cardoso;3.55
27850;Melissa Souza Melo;2.38
27711;Emilly Santos Barros;4.20
21376;Tânia Silva Gomes;7.83
16187;Alice Barros Cunha;6.95
1882;Brenda Cardoso Barros;9.25
11364;Leila Gomes Alves;6.54
17993;Eduarda Azevedo Cardoso;5.21
25289;Sofia Cunha Araujo;9.98
2548;Mateus Lima Castro;8.14
12965;Leila Ferreira Goncalves;8.28
14574;Isabella Goncalves Cavalcanti;2.10
27851;Vinicius Barbosa Cunha;8.78
7990;Eduarda Lima Ribeiro;7.66
9979;Eduarda Gomes Correia;7.09
9804;Luana Melo Rodrigues;4.81
28487;Kaua Azevedo Barbosa;9.90
17393;João Rodrigues Rocha;9.12
19193;Samuel Souza Alves;7.08
4977;Manuela Melo Barbosa;3.10
25413;Julieta Oliveira Almeida;1.85
23188;Marisa Dias Rodrigues;2.37
19666;Sofia Pinto Oliveira;2.26
20202;Manuela Ferreira Cunha;7.76
14472;Fernanda Sousa Ferreira;2.24
18094;Rafael Costa Ferreira;2.30
24687;Vitór Cardoso Melo;2.84
816;Thiago Rodrigues Souza;0.87
1155;Luiza Santos Correia;5.27
17957;Victor Cunha Sousa;7.90
4092;Emily Azevedo Rocha;3.23
11779;Anna Cardoso Cunha;8.37
12101;Samuel Goncalves Rocha;4.18
17368;Mariana Alves Goncalves;8.86
20847;André Santos Souza;9.05
25206;José Souza Pinto;7.34
12058;Julia Rocha Martins;0.09
26885;Gabriela Silva Pereira;5.53
13787;Isabella Cardoso Lima;2.55
18971;Melissa Goncalves Ferreira;5.86
10778;Luiza Souza Gomes;6.64
26968;Diogo Cunha Melo;2.54
23562;Mariana Dias Pereira;0.07
5350;Sofia Almeida Araujo;8.58
4036;Erick Dias Pereira;3.95
13438;Enzo Ribeiro Lima;1.87
24372;Beatriz Fernandes Santos;0.86
16048;Renan Cunha Pinto;4.71
968;Miguel Almeida Martins;0.68
2317;Victor Costa Almeida;9.97
2909;Luan Fernandes Rocha;4.99
1875;Larissa Araujo Goncalves;9.49
14144;Clara Gomes Correia;3.45
19491;Rebeca Azevedo Fernandes;4.32
21183;Kauê Melo Ribeiro;8.23
29702;Isabela Correia Barbosa;4.70
13708;Lavinia Castro Rocha;6.29
27216;Cauã Cavalcanti Alves;5.22
28400;Pedro Cardoso Pereira;1.50
29152;Clara Fernandes Souza;4.04
23231;Marina Sousa Souza;5.76
23019;Kauã Melo Martins;6.86
20205;Diogo Sousa Pereira;4.98
20457;Luiza Ferreira Carvalho;2.50
13966;Lucas Pereira Santos;1.05
3021;Gabrielly Silva Melo;1.91
347;João Barbosa Araujo;7.13
27843;Gustavo Pinto Oliveira;2.53
15861;Rebeca Barros Cunha;6.11
10701;Antônio Castro Rocha;5.40
25251;Carolina Barbosa Rodrigues;9.27
9319;Murilo Ribeiro Goncalves;9.66
17160;Emily Santos Almeida;9.84
28559;Laura Goncalves Alves;3.45
18179;Vinicius Rocha Azevedo;9.13
26490;Julia Fernandes Araujo;1.93
3079;Tiago Almeida Pereira;4.21
24117;Sofia Pereira Martins;6.51
10108;Vinícius Cardoso Souza;8.90
16018;Júlio Pinto Oliveira;0.51
26368;Davi Fernandes Martins;3.82
16586;Joao Barros Ferreira;0.60
1367;Leonor Cunha Araujo;9.72
13676;Luan Martins Cavalcanti;1.43
28014;Leonardo Pinto Barbosa;2.61
3099;Rafaela Ferreira Rodrigues;3.53
23185;Amanda Santos Castro;5.66
10798;Aline Barros Castro;7.07
23685;Luís Costa Ribeiro;3.06
5722;Pedro Santos Oliveira;5.37
12908;Gabriel Cardoso Castro;6.71
9135;Gabrielle Martins Costa;1.85
12412;Pedro Almeida Pereira;0.08
253;Giovanna Barros Barbosa;6.95
11011;Samuel Araujo Ferreira;6.77
9964;Antônio Rodrigues Barbosa;8.36
22153;Tânia Carvalho Alves;4.58
22889;Victor Souza Costa;6.38
1463;Carla Dias Silva;3.58
19148;Enzo Alves Almeida;4.12
9683;Matheus Barros Costa;4.48
10942;Sophia Melo Pinto;5.75
16832;Marisa Alves Sousa;2.30
20190;Luana Costa Araujo;2.34
18736;Samuel Azevedo Santos;4.72
22514;Carla Silva Carvalho;0.13
8866;Kauê Rodrigues Goncalves;1.51
10542;Vinicius Souza Rocha;0.13
17615;Diego Castro Dias;0.90
6917;Douglas Ferreira Rocha;8.69
28882;Alice Dias Almeida;5.12
13343;Victor Pinto Lima;9.16
27863;Miguel Fernandes Cunha;7.83
19948;Emily Santos Barros;6.42
8931;Douglas Azevedo Castro;1.51
6558;Luana Castro Fernandes;9.92
13485;Leila Almeida Castro;6.03
13620;Anna Ferreira Azevedo;1.48
21210;Kaua Pereira Oliveira;5.44
14814;Carolina Barbosa Martins;2.29
26122;Júlia Martins Goncalves;7.35
2189;Cauã Rodrigues Ribeiro;5.43
17005;Samuel Rodrigues Ribeiro;0.66
5948;Júlio Santos Azevedo;6.87
22563;Alex Rocha Cardoso;9.18
400;Giovana Rodrigues Goncalves;6.58
14328;Pedro Pinto Pereira;1.50
14237;Alice Rodrigues Dias;5.94
419;Clara Goncalves Souza;5.05
14861;Marisa Oliveira Azevedo;6.29
14243;Kauan Castro Correia;9.18
4325;Marcos Cunha Cunha;0.97
26458;Beatrice Rocha Araujo;1.16
6439;Raissa Santos Pereira;8.03
23989;Lucas Rocha Ferreira;9.98
5797;Yasmin Correia Pereira;8.36
24236;Alice Ribeiro Castro;8.11
1612;Aline Silva Lima;6.31
713;Diego Goncalves Gomes;4.25
7203;Thaís Almeida Castro;7.42
12973;Nicolash Oliveira Costa;7.71
1932;Gabriela Barros Souza;3.04
28470;Isabelle Azevedo Azevedo;3.40
23159;Yasmin Ferreira Silva;6.00
9715;Mateus Goncalves Cavalcanti;2.96
18918;Gabriela Dias Santos;1.82
24728;Thiago Barbosa Azevedo;2.33
13122;Livia Gomes Carvalho;9.04
207;Luis Ribeiro Cunha;3.81
24595;Alex Fernandes Alves;2.38
10903;Otávio Barros Alves;0.73
22216;Gabrielly Melo Azevedo;3.72
25778;Nicolas Cardoso Alves;2.55
1611;Davi Azevedo Correia;2.55
25833;Marisa Barros Cavalcanti;4.46
20266;Vitór Rodrigues Correia;2.60
2151;Lucas Alves Silva;7.60
20211;Gustavo Dias Gomes;7.05
21785;Arthur Almeida Goncalves;1.27
26226;Renan Goncalves Barbosa;9.54
934;Luís Martins Oliveira;6.22
6115;Joao Cavalcanti Castro;6.86
18139;Eduarda Barros Barbosa;5.12
15964;Sophia Fernandes Barbosa;8.19
8167;Vinicius Dias Goncalves;9.96
26152;Luana Martins Alves;7.56
25516;Leonardo Azevedo Silva;9.62
11354;José Ribeiro Pereira;7.72
3105;Manuela Sousa Dias;4.95
12728;Lara Gomes Melo;7.82
27007;Leonor Santos Cardoso;3.68
4522;Matheus Martins Rodrigues;7.78
5941;Cauã Sousa Silva;4.58
27405;Alex Correia Melo;0.57
12379;Nicolash Rocha Cardoso;1.95
25424;Emily Rocha Cavalcanti;1.80
15405;Lavinia Pinto Araujo;9.79
13805;Carla Correia Gomes;8.08
11181;Sarah Ribeiro Dias;4.07
11383;Rafaela Dias Pinto;6.84
27940;Martim Rocha Pinto;5.24
27051;Isabelle Alves Goncalves;6.89
10954;Vinicius Ribeiro Martins;7.48
17670;Vitória Cunha Castro;0.86
20733;Murilo Azevedo Alves;6.37
28151;Rebeca Cunha Alves;5.55
3872;Mateus Azevedo Silva;9.11
27692;Beatriz Correia Goncalves;5.21
793;Diogo Costa Goncalves;9.43
26248;Danilo Oliveira Pereira;4.89
24757;Luana Rodrigues Santos;7.89
734;Kai Santos Cunha;8.42
18980;Vitória Martins Dias;0.79
774;Tânia Oliveira Almeida;9.14
13765;Matilde Carvalho Cavalcanti;4.13
14527;Kauan Castro Ferreira;5.38
2397;Rafaela Barbosa Araujo;7.07
19746;Yasmin Santos Goncalves;9.18
11056;Danilo Almeida Goncalves;4.92
8793;Ryan Ribeiro Gomes;2.05
20037;Emily Rocha Martins;3.34
7362;Thaís Araujo Goncalves;0.81
1569;Marcos Gomes Fernandes;9.24
18855;Gabrielly Melo Dias;4.65
12053;Brenda Cardoso Araujo;3.93
21676;Rodrigo Fernandes Almeida;0.42
19801;Alice Costa Alves;4.41
16376;Kaua Melo Sousa;9.41
26997;Estevan Barros Gomes;3.47
28202;Marisa Cardoso Souza;5.28
19938;Samuel Araujo Pereira;8.29
17874;Nicolash Dias Pinto;4.96
26091;Rafaela Cardoso Fernandes;4.99
10444;Julieta Correia Lima;7.99
25046;Giovanna Cavalcanti Sousa;8.25
2262;Mateus Martins Melo;7.40
21698;Maria Rodrigues Sousa;9.69
12388;Vitoria Castro Fernandes;9.60
13101;Diego Goncalves Martins;9.63
5397;Ágatha Correia Barros;5.11
22215;Raissa Santos Rocha;8.80
28781;Thiago Castro Silva;6.17
21534;Pedro Barros Carvalho;9.61
10863;Igor Castro Dias;0.76
20577;Breno Costa Lima;8.65
25670;Mateus Alves Lima;0.83
25707;Anna Pinto Costa;6.78
6677;Camila Costa Pinto;8.29
8215;Amanda Santos Carvalho;1.83
6363;Kaua Correia Cunha;7.66
11608;Alex Martins Carvalho;7.28
7422;Vinícius Barros Ribeiro;6.15
7523;Bruno Azevedo Araujo;1.64
14841;Caio Correia Cardoso;7.09
26627;Antônio Costa Cunha;8.94
6386;Leila Ferreira Cavalcanti;2.19
5967;Eduarda Almeida Araujo;7.60
6701;Rebeca Fernandes Martins;6.84
21514;Luana Lima Carvalho;5.05
29854;Luana Costa Pereira;2.32
18608;Kauan Fernandes Rodrigues;0.22
8736;Carla Dias Araujo;1.31
27499;Eduarda Cavalcanti Gomes;3.32
11191;Nicole Sousa Ferreira;8.82
5957;Guilherme Ferreira Ferreira;9.73
29019;Victor Dias Carvalho;6.23
11862;Miguel Oliveira Correia;4.01
7368;Giovanna Castro Costa;6.48
12501;Luan Ferreira Alves;6.32
12437;Gabrielle Oliveira Cunha;2.38
7505;Felipe Pereira Ribeiro;8.91
18916;Erick Pereira Castro;5.60
6716;Luana Barros Pereira;4.59
20439;Murilo Martins Dias;2.43
24723;Kauê Araujo Gomes;2.24
17387;Vitória Ribeiro Araujo;0.62
20098;Davi Gomes Araujo;9.46
3309;Alice Almeida Cavalcanti;9.09
10450;Igor Barros Sousa;9.04
20467;Fábio Almeida Rodrigues;0.20
25296;Isabella Cunha Ferreira;9.85
14787;Julian Rodrigues Gomes;1.50
29034;Vitória Cardoso Araujo;1.89
22533;Luis Dias Pereira;7.24
3747;Sophia Castro Lima;8.10
4972;Luis Rocha Martins;7.39
18103;Vinícius Araujo Azevedo;8.59
14174;Mateus Barbosa Barros;0.47
5438;Estevan Rocha Silva;2.90
17930;Kauan Alves Souza;5.76
19192;Marcos Cardoso Silva;5.20
11879;Luis Cavalcanti Santos;1.97
28793;Tiago Cunha Lima;8.22
21154;Rodrigo Cardoso Araujo;5.92
16829;Antônio Ribeiro Barbosa;2.27
18085;Aline Lima Gomes;3.30
12480;Beatriz Sousa Martins;8.50
15189;Gabriel Almeida Santos;6.22
15433;Kauã Correia Gomes;4.37
24675;Carlos Ribeiro Souza;0.31
6304;Sarah Silva Azevedo;5.30
3987;Raissa Goncalves Costa;6.31
9431;Maria Lima Cardoso;7.22
26423;Luiza Fernandes Goncalves;5.41
26449;Vitór Cunha Gomes;5.61
10973;Júlio Dias Oliveira;0.03
13949;Martim Cardoso Sousa;5.92
26056;Lucas Rodrigues Alves;6.73
3285;Luan Ferreira Sousa;2.24
18941;Estevan Dias Rocha;4.12
5441;Tânia Fernandes Araujo;3.41
8842;Letícia Oliveira Silva;0.67
21968;Letícia Cunha Silva;2.22
20569;José Cavalcanti Goncalves;7.82
24907;Thiago Cunha Santos;9.52
6930;Manuela Ferreira Pereira;8.33
27332;Tiago Almeida Lima;1.14
29140;Leonor Correia Martins;8.14
1548;Diogo Fernandes Souza;2.48
19700;Igor Souza Alves;7.68
27997;Kauê Pereira Carvalho;1.17
24626;Estevan Souza Martins;9.30
14530;Fernanda Pereira Castro;8.36
3382;Kauê Pereira Cavalcanti;4.61
21158;Evelyn Lima Santos;0.98
20593;Caio Goncalves Gomes;8.80
10543;Nicole Souza Rodrigues;0.77
17401;Douglas Silva Correia;8.58
13212;Isabella Santos Almeida;5.51
20842;Vitória Dias Sousa;8.66
836;Arthur Barros Souza;6.28
17347;Breno Correia Carvalho;1.38
23592;Caio Sousa Cardoso;4.37
24507;Lavinia Ribeiro Almeida;2.31
208;Vitória Barbosa Gomes;3.31
2254;Julia Martins Goncalves;1.94
16781;Aline Almeida Cunha;1.73
18123;Miguel Ribeiro Santos;1.46
28557;Gabrielly Almeida Martins;3.72
9626;Evelyn Fernandes Cavalcanti;5.45
11833;Thaís Santos Correia;6.43
9659;Murilo Barros Lima;4.77
6774;Clara Goncalves Costa;8.89
25752;Luis Pereira Ferreira;9.85
15128;Vinicius Silva Correia;8.12
28175;Anna Martins Melo;8.70
20054;Letícia Sousa Rocha;7.96
15759;Antônio Carvalho Fernandes;4.60
1651;Isabelle Sousa Costa;8.11
16049;Joao Souza Lima;7.58
22801;Lara Goncalves Souza;5.36
4885;Caio Cardoso Souza;3.56
2349;Manuela Sousa Cavalcanti;2.99
1884;Caio Pereira Costa;6.87
26330;Daniel Azevedo Gomes;1.74
29887;Matilde Santos Castro;0.80
26257;Renan Martins Cunha;1.37
14108;Julian Santos Almeida;4.11
23879;Isabelle Barbosa Carvalho;0.76
17367;Vitória Alves Almeida;4.29
18976;Enzo Pinto Azevedo;8.04
539;Gabrielly Rocha Barbosa;8.14
7795;Diogo Ferreira Castro;4.63
241;Leonardo Barbosa Melo;1.48
28330;Beatriz Souza Melo;7.34
25473;Diogo Araujo Souza;0.89
21503;Raissa Araujo Castro;2.03
13224;Lara Barbosa Fernandes;5.62
62;Samuel Melo Martins;8.30
12432;Larissa Correia Souza;9.57
7669;Vitoria Almeida Silva;1.11
5900;Marina Cavalcanti Carvalho;1.98
7827;Vinícius Sousa Barbosa;4.04
26973;Gabriela Castro Martins;3.04
8166;Julieta Sousa Castro;8.98
14724;Leonor Martins Rodrigues;4.59
24698;Rafaela Castro Cavalcanti;2.08
7933;Melissa Barros Cunha;5.34
25371;Estevan Souza Cavalcanti;0.79
24124;Mateus Araujo Alves;2.88
7804;Letícia Goncalves Ribeiro;6.22
17786;Camila Alves Castro;1.72
18910;Alice Pereira Barros;4.78
14238;Thiago Araujo Cardoso;9.97
3728;Carla Dias Silva;4.91
2452;Matilde Cunha Martins;9.57
26366;Felipe Azevedo Souza;7.14
12757;Daniel Ribeiro Barros;1.92
5811;Vitoria Ferreira Melo;3.24
19252;Beatrice Oliveira Dias;7.85
14503;Isabella Costa Melo;1.86
12725;Clara Lima Santos;5.47
718;Amanda Gomes Almeida;1.51
25515;Pedro Pereira Goncalves;4.34
17046;Lara Martins Almeida;6.05
17887;Letícia Pereira Costa;1.33
29718;João Martins Ribeiro;8.50
20219;Vinicius Araujo Pinto;3.06
12982;Vitoria Dias Pereira;7.85
25288;Alice Oliveira Pereira;7.88
4797;Brenda Cunha Correia;2.13
5309;Danilo Fernandes Santos;6.88
26239;Luiza Ribeiro Santos;9.96
17444;Nicolas Souza Santos;5.00
20367;Mariana Araujo Carvalho;3.63
15739;Matilde Souza Pereira;6.89
14147;Clara Araujo Azevedo;5.91
11161;Laura Alves Pereira;8.59
29254;Diogo Azevedo Ferreira;8.22
17487;Davi Silva Santos;4.08
10617;Luís Ribeiro Azevedo;6.43
19656;Melissa Rodrigues Melo;2.51
24110;Gustavo Gomes Araujo;8.75
14158;Joao Cavalcanti Martins;2.44
5657;Thaís Sousa Almeida;9.39
5242;Lara Pinto Almeida;9.68
22881;Arthur Souza Castro;3.52
21556;Nicolash Carvalho Silva;0.50
24688;Rebeca Castro Ribeiro;9.31
4480;Arthur Almeida Silva;9.94
3204;Carolina Sousa Cavalcanti;8.08
27975;Rafaela Ribeiro Goncalves;7.62
5571;Kaua Rocha Rocha;8.58
20969;Luís Cardoso Carvalho;7.63
4274;Danilo Rodrigues Costa;3.85
29517;Luana Goncalves Barbosa;6.94
14214;Paulo Goncalves Sousa;1.40
6347;Laura Melo Almeida;7.30
29167;Arthur Melo Alves;7.91
3786;Ana Ferreira Almeida;5.05
12175;Kai Lima Sousa;7.32
22833;Vinicius Goncalves Correia;6.91
11271;Leonor Santos Castro;3.42
29772;Gabriel Correia Goncalves;8.92
27941;Luan Castro Pinto;0.35
26900;Joao Alves Barros;7.97
17039;Melissa Gomes Rodrigues;5.94
15753;Ágatha Barbosa Rocha;6.67
20695;Thaís Ferreira Ferreira;2.43
3568;Estevan Melo Dias;0.79
22084;Carolina Souza Melo;0.86
25006;Tiago Cunha Pereira;1.67
28714;Samuel Fernandes Oliveira;8.11
3847;Laura Azevedo Cunha;8.37
29173;Melissa Gomes Barros;3.05
10017;Evelyn Santos Alves;4.94
23922;Kaua Cavalcanti Silva;2.17
23872;Rafael Melo Rodrigues;3.00
11433;Isabella Barbosa Araujo;3.83
28460;Nicolash Almeida Melo;6.74
22426;Martim Almeida Lima;7.23
23175;Melissa Almeida Carvalho;3.03
7849;Aline Pinto Ferreira;1.61
919;Fábio Castro Araujo;9.97
16431;Lara Barbosa Almeida;5.01
21400;Clara Santos Castro;3.55
7049;Miguel Barros Cavalcanti;9.42
15917;Bianca Silva Azevedo;6.24
14929;Rodrigo Almeida Pereira;5.14
22692;Maria Correia Barbosa;0.12
9000;Melissa Melo Santos;8.30
434;Marisa Alves Azevedo;8.79
22097;Camila Barbosa Pinto;7.17
3901;Eduardo Correia Dias;7.24
97;Joao Martins Costa;9.26
13600;Tomás Correia Lima;9.50
29657;Lucas Martins Martins;6.52
1556;Vinícius Carvalho Araujo;4.15
6379;Camila Pinto Rocha;4.25
10963;Livia Dias Fernandes;0.17
21603;Bianca Alves Melo;3.95
3494;Marcos Goncalves Cavalcanti;2.64
16315;Tiago Castro Pinto;0.86
13146;Erick Barbosa Pinto;8.75
2586;Giovanna Goncalves Gomes;8.42
21767;Carla Oliveira Sousa;8.45
29872;Larissa Rodrigues Cavalcanti;2.66
17308;Júlia Correia Cardoso;6.46
7594;Amanda Sousa Melo;1.67
4735;Kauan Goncalves Cunha;9.54
2658;Marina Almeida Cavalcanti;9.02
24879;Sarah Ferreira Cunha;9.05
898;Luan Pinto Ribeiro;3.92
18567;Bianca Pinto Cardoso;5.58
29781;Leila Goncalves Dias;9.05
28809;Kaua Santos Barros;9.56
9956;Luan Gomes Araujo;0.85
27019;Daniel Santos Pereira;6.34
29524;Brenda Fernandes Costa;5.04
5162;Vitór Santos Pereira;0.67
1250;Emilly Ferreira Pereira;2.86
2410;Ryan Alves Gomes;6.20
29025;Isabela Martins Azevedo;2.16
5911;Carla Cardoso Azevedo;7.65
26768;Laura Pereira Silva;8.02
15149;Tânia Martins Azevedo;1.56
23382;Cauã Cavalcanti Rocha;7.21
26857;Gabriela Pereira Barros;7.90
18766;Evelyn Cunha Fernandes;4.62
26711;Vinicius Barbosa Cardoso;9.85
24256;Kauã Costa Ribeiro;3.46
19922;Emily Sousa Barbosa;4.97
4365;Kauan Barbosa Melo;7.00
11343;Amanda Pereira Gomes;0.28
17233;Camila Dias Castro;5.58
15482;Rebeca Pinto Fernandes;4.19
10376;Carla Azevedo Goncalves;3.17
10414;Enzo Souza Azevedo;8.07
14255;Carolina Pereira Alves;6.06
23895;Igor Almeida Fernandes;6.58
7100;Breno Barbosa Carvalho;9.24
27816;Tiago Azevedo Fernandes;3.12
11026;Sarah Pinto Alves;1.92
17471;Luiz Alves Fernandes;8.46
19227;João Silva Araujo;9.63
710;Kauã Alves Silva;3.95
1388;Lara Ribeiro Araujo;0.73
5478;Matilde Correia Barbosa;7.55
26031;Livia Martins Gomes;0.47
28041;Vitor Alves Sousa;0.85
633;Luis Silva Barros;2.55
21186;Marcos Castro Melo;5.62
8650;Marisa Melo Ferreira;6.05
18447;Caio Cardoso Dias;5.28
9605;Giovana Barbosa Cavalcanti;7.38
16869;Luís Carvalho Martins;6.49
26963;Luana Fernandes Sousa;1.98
28506;Ana Barbosa Martins;5.42
19154;Ryan Correia Castro;1.04
29277;Rafaela Barros Correia;7.11
1309;Kai Santos Ferreira;1.07
4707;Gabrielle Ferreira Cardoso;5.40
29710;Vitória Castro Goncalves;1.58
2263;Kauan Goncalves Cunha;3.72
23982;Isabela Barbosa Almeida;1.65
22371;Sophia Oliveira Almeida;1.90
5632;Julia Castro Oliveira;0.14
15425;Matheus Gomes Lima;6.88
29755;Miguel Alves Alves;6.10
4282;Diego Goncalves Santos;5.18
6126;Larissa Goncalves Martins;9.10
12616;Fernanda Gomes Goncalves;5.71
27146;Cauã Sousa Barbosa;3.48
19275;Kaua Carvalho Alves;9.92
6031;Camila Correia Oliveira;7.17
693;Melissa Barros Melo;3.17
28056;Victor Cunha Castro;9.36
24323;Larissa Sousa Cavalcanti;9.61
21222;Isabela Almeida Dias;5.05
10908;Vinicius Sousa Cunha;7.06
17236;Tiago Melo Pinto;4.56
2449;Rafael Araujo Silva;8.37
10050;Thiago Almeida Fernandes;6.55
10960;Tomás Sousa Goncalves;3.98
16642;Erick Souza Almeida;2.57
16744;Eduarda Cardoso Ferreira;3.90
10057;Pedro Melo Barbosa;8.42
23190;Erick Souza Ribeiro;4.94
5131;Luís Araujo Almeida;6.91
1026;Gabriela Araujo Oliveira;7.16
2059;Gabrielle Ribeiro Souza;6.82
29161;Bianca Rocha Araujo;4.74
21077;Nicolas Costa Martins;9.52
18942;Marisa Martins Oliveira;1.34
18329;Evelyn Goncalves Barros;9.20
5648;Marisa Correia Cavalcanti;3.98
3750;Clara Rodrigues Melo;0.11
13946;Guilherme Cavalcanti Lima;9.84
23496;Laura Melo Martins;4.01
20061;Bianca Correia Pereira;3.13
10872;Kai Barros Rocha;5.68
6630;Kauê Pereira Fernandes;4.83
22360;Beatrice Martins Sousa;5.27
29403;Manuela Rodrigues Dias;1.86
7789;Julieta Santos Carvalho;8.70
17920;Rebeca Costa Fernandes;9.70
19885;Rebeca Dias Castro;9.92
1523;André Correia Lima;5.12
4017;Breno Pinto Castro;4.57
3158;Emily Correia Correia;7.05
19980;Larissa Santos Souza;3.44
24269;Julian Martins Azevedo;8.82
22247;Isabela Oliveira Azevedo;9.36
26888;Nicole Ferreira Gomes;8.86
13441;Beatrice Fernandes Almeida;3.10
27757;Bruna Sousa Pereira;7.07
19699;Diogo Cunha Pinto;1.42
26876;Rafaela Melo Santos;0.82
21528;Bianca Goncalves Gomes;6.11
13401;Nicolash Lima Castro;1.70
20499;Alice Ferreira Pereira;8.31
27807;Murilo Carvalho Lima;5.62
1508;Matilde Ribeiro Castro;6.27
1927;Yasmin Pereira Araujo;2.94
19573;Rodrigo Gomes Barros;6.71
27907;Emilly Barros Carvalho;9.06
12578;André Cunha Fernandes;5.68
22620;Brenda Melo Almeida;0.68
21217;Leonor Almeida Santos;3.19
21336;Ana Pinto Rocha;9.62
26967;Letícia Santos Fernandes;3.44
19207;Otávio Goncalves Gomes;4.06
16317;Thiago Azevedo Barros;7.87
7940;Leila Silva Fernandes;2.53
30;Rebeca Castro Pereira;8.07
8253;Rafael Pinto Cardoso;2.22
27989;Rafael Melo Almeida;0.25
22947;Clara Carvalho Souza;4.50
27455;Luiz Rodrigues Lima;6.19
19041;Leila Dias Silva;0.22
2760;Amanda Oliveira Azevedo;0.44
4445;Bruna Gomes Cunha;5.23
11539;Nicolash Souza Silva;3.41
1660;Douglas Alves Lima;5.43
6199;Giovana Correia Almeida;7.19
17787;Rebeca Dias Goncalves;6.79
27361;Ana Souza Santos;5.87
29211;Sophia Castro Cardoso;7.86
16967;Beatriz Rodrigues Rocha;7.79
16648;Isabelle Alves Goncalves;6.78
9210;Camila Sousa Sousa;5.34
26974;Lara Souza Correia;3.48
22542;Beatriz Oliveira Melo;7.79
12222;Thiago Souza Rocha;2.27
28376;Giovana Carvalho Pinto;7.03
2674;Raissa Pereira Ribeiro;3.43
19437;Diogo Gomes Araujo;5.93
29698;Alice Gomes Cavalcanti;5.21
21678;Gustavo Correia Martins;8.54
29631;Giovana Carvalho Martins;6.38
23215;Thiago Azevedo Almeida;1.68
15265;Thaís Cavalcanti Gomes;0.35
25165;Caio Gomes Ribeiro;1.49
14329;Vitoria Oliveira Sousa;6.76
5669;Laura Rodrigues Silva;4.29
12633;Vitór Lima Alves;2.18
15176;Letícia Castro Araujo;3.48
14540;Vitoria Cunha Barbosa;1.33
16051;Júlia Lima Barros;9.76
11093;Samuel Silva Ferreira;7.48
6759;Kaua Fernandes Sousa;2.24
29880;Diego Azevedo Rocha;9.85
24287;Rafaela Carvalho Barros;1.96
8128;Gabrielle Santos Cardoso;3.16
20689;Gustavo Cunha Rocha;1.26
19999;Davi Alves Araujo;2.11
13585;Thaís Rodrigues Santos;0.19
12735;Victor Cunha Martins;1.86
7211;Carla Cunha Cavalcanti;1.14
28760;Rafaela Araujo Costa;9.70
18798;Luís Ferreira Santos;4.91
4577;Tiago Araujo Rodrigues;0.43
16737;Ana Ribeiro Castro;4.97
28006;Fernanda Castro Silva;8.03
16068;Tomás Pereira Ribeiro;7.54
19512;Marina Cardoso Castro;1.92
17362;Matheus Gomes Barbosa;0.52
17861;Raissa Goncalves Silva;1.70
26859;Mariana Cardoso Ribeiro;9.71
25054;André Correia Silva;3.75
11320;Bruno Gomes Carvalho;3.50
10622;Luana Barros Araujo;7.53
22185;Otávio Souza Cardoso;7.47
26327;Nicole Oliveira Oliveira;3.61
2309;Ryan Sousa Sousa;5.43
3607;Paulo Ferreira Souza;6.70
4283;Lara Ferreira Goncalves;5.80
3044;Luís Oliveira Fernandes;7.95
16131;Kauê Cavalcanti Carvalho;1.21
4202;Danilo Cavalcanti Pinto;8.49
16813;Livia Martins Castro;9.84
19924;Nicole Silva Oliveira;0.40
17702;Beatriz Santos Cavalcanti;2.27
20530;Giovana Almeida Lima;3.02
18321;Tomás Pereira Rocha;5.77
3722;Carolina Dias Lima;7.70
16205;Yasmin Dias Ribeiro;0.56
18322;Rafaela Costa Cunha;6.92
21173;Vitór Costa Costa;4.21
3908;Maria Costa Ferreira;2.83
13359;Raissa Oliveira Cunha;2.47
28681;Camila Araujo Cunha;0.02
7224;Diogo Lima Cunha;3.79
21784;Julieta Goncalves Ribeiro;8.40
6867;Gabrielly Sousa Goncalves;3.96
10473;Brenda Oliveira Cunha;7.36
7158;Igor Souza Almeida;9.78
22590;Vinícius Oliveira Cavalcanti;4.13
13160;Giovanna Fernandes Santos;6.06
23158;Renan Melo Pinto;1.83
12630;Beatrice Pinto Cunha;8.92
13524;Carla Rodrigues Correia;5.87
1923;Aline Fernandes Sousa;7.14
22845;Alex Azevedo Costa;4.71
1837;Ágatha Azevedo Goncalves;3.53
20600;Laura Almeida Almeida;0.06
28692;Breno Silva Cavalcanti;3.93
14335;Ana Barros Goncalves;2.05
18575;Daniel Araujo Barros;5.24
11907;Gabrielle Martins Ferreira;1.59
29035;Letícia Almeida Cavalcanti;1.38
4413;Yasmin Santos Cardoso;4.92
6453;Livia Ribeiro Costa;7.60
9981;Marina Melo Oliveira;6.15
7600;Carlos Silva Melo;1.55
18260;Rebeca Santos Pinto;8.92
28593;Nicole Correia Castro;8.20
14316;Livia Rocha Dias;6.73
1602;Isabelle Souza Carvalho;1.48
24202;Nicole Pinto Lima;3.81
3322;Vitória Lima Azevedo;5.76
22791;Gustavo Cavalcanti Barros;6.75
8375;Danilo Santos Oliveira;7.56
10242;Yasmin Carvalho Gomes;7.61
3487;Rafaela Pinto Pereira;2.10
19063;Raissa Alves Barros;8.20
11562;Eduarda Rocha Ribeiro;3.06
17641;Luan Pereira Correia;1.53
137;Bruno Dias Dias;4.57
24167;André Almeida Souza;9.58
3017;Luana Silva Costa;2.81
8275;Tiago Rodrigues Ribeiro;2.36
11126;Brenda Cunha Correia;6.30
14902;Fábio Melo Barbosa;0.72
6446;Beatrice Oliveira Sousa;8.64
5622;Vinicius Alves Martins;4.99
24816;Kaua Castro Araujo;4.02
4382;Alex Goncalves Barbosa;9.83
652;Luiz Rocha Goncalves;7.85
11945;Antônio Dias Rodrigues;3.69
16302;Leonor Fernandes Fernandes;5.52
1289;Kaua Rodrigues Pereira;6.56
13591;Rafael Correia Barbosa;4.16
26782;Alex Barros Lima;3.68
26503;Eduardo Ribeiro Castro;2.15
5655;Vitor Cunha Carvalho;0.81
6245;Leonor Oliveira Pinto;4.77
11851;Evelyn Araujo Castro;9.26
4924;Tiago Pereira Cunha;5.52
5636;Diego Lima Rocha;0.57
11451;Vitór Sousa Martins;2.59
24037;Gabrielle Araujo Silva;7.08
6096;José Alves Araujo;7.14
28986;Aline Goncalves Costa;9.65
5658;Maria Rodrigues Castro;2.87
28711;Livia Castro Alves;7.08
23832;Evelyn Goncalves Martins;2.30
17402;Carlos Martins Gomes;3.37
21489;Evelyn Pereira Araujo;7.21
8298;Maria Correia Souza;9.35
3638;Kai Rocha Pinto;8.73
14529;Gabriela Pereira Araujo;7.68
27440;Paulo Pinto Souza;4.89
19137;Luís Correia Melo;9.32
4867;Daniel Pereira Cunha;5.33
3684;Ágatha Melo Pinto;4.18
17584;Igor Castro Silva;8.44
14856;Danilo Silva Alves;5.64
29306;Sofia Souza Dias;0.89
4715;Carolina Martins Pereira;2.35
1160;Brenda Lima Correia;5.20
14307;Giovanna Rodrigues Cavalcanti;2.94
3424;Sofia Oliveira Cunha;4.05
24254;Julian Castro Azevedo;5.97
15860;Fernanda Sousa Almeida;8.98
11381;Samuel Santos Dias;2.97
1823;Murilo Barros Souza;5.60
12711;Eduardo Alves Martins;7.62
986;Laura Costa Goncalves;1.81
25770;Tomás Souza Cardoso;5.84
6632;Julia Araujo Pereira;5.71
28102;Manuela Rocha Ferreira;2.62
5477;Erick Ribeiro Castro;6.43
8818;João Goncalves Oliveira;5.71
19438;Alex Ferreira Cardoso;6.55
16609;Anna Pinto Rodrigues;5.90
3491;Bruna Gomes Cunha;1.85
15175;Julian Oliveira Martins;1.12
19080;Igor Rodrigues Souza;0.18
24385;Julian Barros Fernandes;1.66
24022;Vitor Castro Ferreira;8.42
27441;Otávio Cardoso Gomes;8.78
16790;Isabela Castro Martins;9.04
20223;Danilo Cunha Goncalves;6.64
15701;Lavinia Costa Goncalves;5.97
20264;Lara Ribeiro Castro;5.77
5711;Gabriel Alves Barros;4.25
10478;Brenda Sousa Pereira;4.99
23086;Thaís Souza Costa;0.46
77;João Santos Araujo;6.54
15135;Evelyn Oliveira Barros;0.82
27183;Júlia Goncalves Melo;3.02
27392;Vitor Costa Melo;6.78
24898;José Alves Alves;4.97
27518;Beatrice Barbosa Goncalves;4.82
15318;Thaís Barbosa Carvalho;5.54
23139;Emilly Azevedo Ribeiro;6.60
12593;Julia Rodrigues Silva;3.54
26517;Sarah Sousa Almeida;6.26
14387;Beatriz Pinto Araujo;0.72
17932;Julia Rodrigues Dias;9.38
23996;Vitoria Oliveira Carvalho;0.87
29047;Lavinia Lima Cunha;1.98
9867;Carolina Alves Ribeiro;7.92
7786;Giovanna Melo Azevedo;2.23
17773;Brenda Silva Cavalcanti;2.18
14683;Mariana Silva Barros;3.31
3008;Livia Santos Pereira;7.27
4628;Manuela Ferreira Cunha;0.49
28875;Gustavo Barbosa Rocha;4.84
9286;Lavinia Azevedo Correia;5.40
8212;Breno Melo Melo;3.20
7698;Camila Sousa Alves;7.01
11966;Isabela Pinto Cardoso;1.84
10809;Thiago Santos Ribeiro;7.04
2050;Rafaela Azevedo Correia;8.46
10990;Isabelle Carvalho Ribeiro;5.77
4614;Maria Souza Ferreira;8.46
16695;Carla Oliveira Barros;7.26
5107;Marina Correia Souza;2.45
9154;Vitor Gomes Pereira;8.76
2709;Melissa Fernandes Pinto;5.94
5181;Mariana Araujo Barros;3.48
19374;Vinícius Fernandes Alves;8.09
16121;Kauã Pinto Rodrigues;3.29
26663;Victor Santos Ferreira;2.82
9086;Luiza Fernandes Araujo;7.63
11501;Nicole Martins Carvalho;1.74
4767;Júlia Melo Oliveira;2.22
3087;Luan Costa Rodrigues;1.80
22094;Emilly Rodrigues Barbosa;1.55
9318;Gabriel Castro Azevedo;8.89
8041;Livia Almeida Azevedo;1.40
19153;Enzo Barbosa Cunha;4.94
16115;Luiza Cavalcanti Pinto;4.73
152;Luis Santos Barbosa;7.42
25481;Melissa Dias Azevedo;8.87
16119;Rebeca Pereira Martins;9.16
10727;Rafael Melo Souza;0.16
11674;Bruna Pinto Ferreira;3.56
24173;Tânia Alves Melo;6.43
25693;Marcos Cunha Ferreira;5.98
8136;Bianca Alves Cavalcanti;6.03
21849;Tiago Cardoso Correia;3.41
13827;Bruna Correia Dias;3.66
4520;Gabriel Azevedo Goncalves;5.67
29051;Lavinia Martins Pereira;6.07
17689;Erick Barros Fernandes;5.65
3060;Marcos Pereira Pinto;2.57
2502;Ana Souza Sousa;1.51
2005;Guilherme Azevedo Pereira;9.84
28449;Ágatha Almeida Sousa;5.03
14518;Leonor Barros Carvalho;7.71
19639;Maria Oliveira Santos;0.17
27787;Felipe Araujo Fernandes;4.32
21919;Gabriela Gomes Araujo;8.48
2026;Eduarda Pereira Rocha;3.95
8027;Alice Pereira Ribeiro;1.73
9869;Douglas Pereira Correia;1.17
7414;Davi Correia Cavalcanti;6.95
18828;Breno Costa Almeida;9.82
3678;Marcos Dias Castro;6.03
11829;Nicolas Ribeiro Silva;8.68
10207;Melissa Pereira Santos;2.92
24004;Rodrigo Lima Almeida;8.07
14966;Letícia Alves Cardoso;5.64
26005;Marina Souza Ribeiro;4.77
6482;Matheus Goncalves Souza;6.64
19332;Ágatha Dias Almeida;1.73
19882;Renan Gomes Carvalho;0.08
25943;Yasmin Azevedo Araujo;2.08
28291;Leila Ribeiro Goncalves;8.41
18324;Vinicius Melo Pereira;2.55
12526;Vinícius Dias Castro;8.33
15229;João Lima Cardoso;9.78
8168;Kauê Pinto Silva;8.28
12260;Raissa Azevedo Alves;6.21
12608;Thiago Araujo Cavalcanti;7.35
19044;Letícia Cunha Barros;3.94
10699;Raissa Cardoso Lima;9.50
10514;Pedro Gomes Azevedo;4.32
21619;Carlos Souza Castro;8.85
4958;Julieta Rodrigues Goncalves;7.75
22415;Diogo Fernandes Santos;6.72
480;Livia Almeida Melo;2.62
19757;Ágatha Fernandes Silva;9.18
18110;Bruno Rodrigues Rocha;2.24
15772;Nicolash Carvalho Melo;7.26
1234;Nicolash Oliveira Pinto;4.85
7131;Thiago Azevedo Castro;2.25
29118;Marisa Lima Azevedo;7.21
24074;Gabrielly Cunha Silva;1.01
5015;Giovana Azevedo Santos;7.72
22629;Bianca Souza Silva;4.66
21418;Enzo Santos Cardoso;6.74
21550;Marisa Dias Gomes;5.20
19394;Luiz Rodrigues Azevedo;2.83
9545;Isabela Cavalcanti Cunha;3.04
18106;Emilly Ribeiro Rocha;3.08
12884;Sarah Cardoso Cunha;5.37
11636;Isabella Oliveira Dias;3.02
2408;Alice Araujo Santos;0.41
28586;Miguel Costa Silva;5.55
7606;Luan Pinto Lima;1.37
27486;André Goncalves Gomes;9.88
26697;Isabella Ribeiro Costa;1.52
29689;Lavinia Costa Goncalves;9.34
18339;Daniel Cunha Santos;4.87
18296;Kauã Goncalves Barbosa;8.45
17834;Beatriz Barros Carvalho;5.00
22900;Diogo Rocha Oliveira;3.64
309;Martim Cardoso Alves;0.97
1438;Anna Barbosa Rocha;2.91
3081;Pedro Souza Rodrigues;2.48
3214;Clara Castro Ribeiro;7.11
18687;Camila Gomes Melo;5.43
3975;Alex Ferreira Ribeiro;1.68
27130;André Carvalho Martins;9.44
25241;Melissa Sousa Dias;7.97
22829;Julian Cardoso Martins;3.67
12906;Tânia Santos Castro;1.06
16815;Melissa Goncalves Lima;2.10
9055;Isabela Melo Ferreira;1.58
15517;Lavinia Silva Pereira;8.32
11594;Breno Cardoso Gomes;3.51
8170;Eduarda Almeida Ribeiro;5.58
18574;Evelyn Ribeiro Cavalcanti;9.27
5126;Yasmin Cavalcanti Dias;5.13
5862;Vitor Rodrigues Sousa;3.03
26041;Douglas Rocha Rocha;2.31
24000;Mateus Barros Ferreira;5.99
21430;Sofia Cavalcanti Correia;0.21
16510;Eduardo Barros Santos;7.60
6094;Murilo Correia Lima;5.17
3032;Ágatha Pereira Pereira;3.93
25327;Isabelle Barbosa Silva;2.28
23696;Manuela Almeida Santos;4.97
23384;Danilo Melo Alves;3.88
16070;Luiza Oliveira Oliveira;7.40
11563;Carolina Dias Alves;9.09
9631;Matheus Correia Carvalho;2.75
5558;Luiz Silva Oliveira;6.38
10182;Melissa Oliveira Dias;9.16
3184;Marisa Cunha Goncalves;6.98
20055;Matheus Carvalho Ferreira;6.95
20058;Danilo Oliveira Rodrigues;5.49
18926;Beatriz Pereira Azevedo;3.64
3262;Bruno Alves Gomes;1.37
19121;Raissa Araujo Fernandes;7.49
9988;Ana Oliveira Barbosa;0.60
13228;Emilly Pinto Souza;0.55
9544;Luan Barros Oliveira;1.87
583;Vinícius Azevedo Santos;5.29
18875;Marina Correia Sousa;1.98
21794;Gustavo Sousa Almeida;4.14
2498;Tiago Barros Costa;5.59
9708;Brenda Goncalves Gomes;3.83
1383;Ryan Santos Pereira;4.33
26055;Brenda Ribeiro Sousa;6.37
21476;Larissa Goncalves Carvalho;2.62
8695;Ana Ferreira Castro;8.59
20825;Amanda Oliveira Cardoso;1.75
27946;Victor Gomes Ferreira;0.46
4186;Gabriel Silva Carvalho;0.79
9598;Rafael Barbosa Goncalves;3.32
3643;Gabriela Azevedo Dias;2.25
2774;Marisa Martins Rocha;4.82
885;Vitór Martins Lima;5.76
29645;Daniel Alves Oliveira;6.47
10406;Nicole Rocha Rocha;2.79
23104;Nicole Barbosa Carvalho;3.09
15523;Luiza Pereira Sousa;9.70
18478;Nicole Castro Pereira;8.79
1186;Carla Goncalves Goncalves;4.18
13802;Sarah Melo Barbosa;7.82
28195;Kai Pereira Dias;8.45
2466;Brenda Almeida Rodrigues;7.10
24887;Livia Alves Cunha;2.42
2869;Lavinia Ferreira Santos;3.59
4672;Kaua Cardoso Correia;5.62
27421;Rebeca Fernandes Correia;9.46
11027;Melissa Costa Santos;1.19
18629;Danilo Gomes Ribeiro;3.25
572;Marcos Martins Carvalho;3.22
7060;Vinícius Goncalves Barbosa;6.30
7272;Vinicius Ferreira Silva;3.43
25491;Livia Goncalves Ribeiro;4.35
26904;Samuel Martins Almeida;6.08
12033;Vinícius Pinto Pereira;7.14
21941;Clara Rocha Azevedo;8.22
1100;João Barros Almeida;3.42
2896;Diego Santos Rodrigues;5.52
25499;Ana Silva Cavalcanti;0.62
20648;Bianca Cardoso Fernandes;1.29
10383;Kauã Barros Cardoso;1.44
17991;Lara Rocha Silva;0.47
22111;Tomás Pereira Cunha;3.48
19788;Matheus Cardoso Oliveira;3.91
22021;Leonor Oliveira Carvalho;2.14
416;Miguel Alves Fernandes;8.18
10982;Ana Almeida Santos;3.63
1232;Mariana Santos Carvalho;9.27
3843;Mateus Costa Sousa;1.06
14843;Arthur Rodrigues Goncalves;6.08
203;Daniel Ribeiro Pinto;5.47
5646;Sarah Melo Costa;9.18
22935;Rodrigo Pereira Martins;2.33
27201;Thaís Almeida Cardoso;2.32
12680;Thiago Pinto Almeida;2.53
22523;Nicole Oliveira Barros;2.43
29174;Aline Sousa Azevedo;2.85
29742;Evelyn Sousa Pinto;6.68
20405;Otávio Fernandes Silva;8.86
5316;Emilly Melo Barros;3.84
9247;Vinícius Goncalves Cardoso;1.95
11470;Emily Rocha Barbosa;8.68
11066;Caio Goncalves Pinto;9.68
27118;José Ribeiro Dias;3.42
3497;Lavinia Alves Dias;5.31
24369;Carolina Cunha Araujo;7.63
1768;Brenda Barros Santos;8.05
28116;Vitoria Lima Oliveira;4.29
8243;Kauê Oliveira Sousa;8.58
1873;Eduarda Almeida Azevedo;8.71
13695;Vitória Martins Rocha;1.92
4423;Livia Cavalcanti Oliveira;9.60
28549;Letícia Sousa Goncalves;9.86
21911;Davi Correia Cardoso;2.80
27256;Gabrielly Carvalho Fernandes;8.61
12274;Rafael Goncalves Cardoso;6.62
29133;Brenda Ferreira Alves;9.00
20080;Danilo Dias Rodrigues;4.06
4112;Samuel Santos Rodrigues;2.20
16081;Joao Oliveira Correia;9.19
16427;Lara Silva Ferreira;5.07
13736;Rafaela Azevedo Ferreira;2.57
16690;Breno Dias Martins;7.92
17527;Sophia Costa Azevedo;7.41
18144;Vitória Alves Dias;2.55
29946;Eduarda Santos Cavalcanti;7.67
4929;Fábio Pinto Ribeiro;5.80
482;Kaua Dias Oliveira;2.16
18325;Guilherme Sousa Alves;0.20
1627;Miguel Sousa Barbosa;6.31
6607;Arthur Barros Azevedo;5.04
5382;Lavinia Ferreira Martins;6.70
25252;Samuel Rodrigues Goncalves;2.84
18213;Lavinia Sousa Gomes;7.87
23532;Guilherme Rocha Cavalcanti;2.70
11550;Pedro Dias Ferreira;8.37
19697;José Souza Silva;3.40
22306;Carlos Azevedo Rocha;7.80
18278;Alice Melo Sousa;3.00
21554;Anna Pinto Cunha;1.60
29314;Pedro Barbosa Goncalves;9.31
16281;Laura Pereira Souza;5.76
13264;Kauã Martins Rodrigues;1.07
27408;Paulo Lima Santos;5.44
21092;Emily Pereira Gomes;2.95
8437;Larissa Cardoso Gomes;2.64
13073;Kauan Gomes Cardoso;0.43
7391;Kauan Barbosa Barros;8.24
985;Arthur Melo Ferreira;9.90
3513;Rafael Silva Castro;5.95
7109;Kaua Cunha Ferreira;5.16
15262;Luis Barbosa Azevedo;8.85
629;Carolina Santos Cunha;2.05
25369;Raissa Cavalcanti Fernandes;3.05
19868;Diego Castro Silva;6.50
28646;Luana Oliveira Melo;6.15
29914;Renan Lima Araujo;0.81
2885;Clara Silva Barbosa;4.74
23371;Leila Dias Barros;9.33
27665;Samuel Goncalves Silva;1.01
17234;Breno Barbosa Barros;7.40
19605;Bianca Goncalves Santos;7.21
24081;Luiza Goncalves Goncalves;0.66
3116;João Azevedo Oliveira;2.18
25542;Brenda Costa Cavalcanti;2.02
26108;Alex Pereira Rocha;5.21
4746;Lara Oliveira Carvalho;4.52
7865;José Cardoso Oliveira;4.37
16037;Beatriz Pinto Gomes;6.18
20169;Vitoria Correia Santos;4.77
17892;Paulo Alves Barbosa;1.36
24510;Amanda Azevedo Araujo;2.08
11402;Julieta Pereira Goncalves;0.74
13825;Sarah Santos Melo;9.39
14068;Aline Pinto Sousa;4.77
18313;Julieta Souza Pereira;3.19
11335;Rafaela Alves Pinto;6.27
2280;Davi Almeida Rocha;0.09
5069;Thiago Alves Dias;9.31
26085;Gabriel Almeida Ribeiro;8.04
17222;Julia Cunha Correia;3.82
4728;Beatrice Barbosa Castro;4.43
13518;Mariana Pereira Rodrigues;3.95
24251;Luís Oliveira Castro;7.21
19611;Diego Silva Silva;9.11
22527;Luan Pereira Santos;6.87
25461;Giovana Martins Costa;7.34
25207;Breno Gomes Dias;7.99
26801;Julian Goncalves Araujo;4.00
21471;Miguel Pinto Dias;6.71
5294;Enzo Costa Castro;1.03
10298;Vinicius Ribeiro Ferreira;6.00
15600;Beatrice Souza Lima;7.06
14269;Amanda Correia Azevedo;1.65
20831;Camila Santos Oliveira;6.81
29767;Bianca Lima Santos;6.33
19313;Yasmin Ferreira Martins;1.53
21725;Vitória Martins Dias;7.99
1372;Matheus Cardoso Azevedo;0.63
27716;Nicole Araujo Rodrigues;4.85
22787;Vitór Costa Dias;6.84
26455;Cauã Goncalves Araujo;8.08
18710;Arthur Barros Cunha;0.99
9836;Emilly Costa Barros;3.48
22159;Otávio Correia Correia;6.02
11844;Mateus Lima Ribeiro;2.94
26757;Tomás Castro Ferreira;1.31
24639;Luis Rocha Carvalho;5.22
14230;Sofia Alves Cardoso;4.49
7471;Brenda Oliveira Pinto;4.92
29181;Caio Correia Almeida;2.09
6271;Livia Cunha Cavalcanti;4.98
10385;Vitor Cardoso Martins;2.43
17674;Gabrielly Carvalho Pinto;6.90
17074;Clara Azevedo Sousa;4.12
6374;Vitoria Correia Silva;7.41
7537;André Fernandes Costa;4.22
6590;Kauã Oliveira Pereira;6.73
909;Eduarda Cavalcanti Gomes;5.82
121;Anna Araujo Gomes;3.26
18957;Gabrielly Silva Cavalcanti;5.03
20924;Felipe Rocha Araujo;7.94
20568;Clara Lima Santos;4.45
17140;Thiago Sousa Rodrigues;3.91
8203;Davi Sousa Barros;9.03
14413;Carolina Almeida Cavalcanti;4.92
7862;Danilo Santos Martins;8.23
15769;Sofia Costa Ferreira;9.49
4994;Beatriz Oliveira Gomes;3.87
12850;Eduardo Cunha Martins;7.39
23024;Brenda Oliveira Alves;2.69
11034;Beatrice Cunha Barbosa;3.34
3024;Aline Goncalves Pinto;2.66
10664;Igor Dias Oliveira;8.58
19749;Mariana Azevedo Souza;5.58
28841;Ágatha Barros Santos;2.90
9346;Renan Carvalho Ribeiro;5.06
22800;Caio Pinto Rocha;4.21
6212;Anna Gomes Alves;7.68
4438;Raissa Barbosa Ferreira;3.00
26721;Fernanda Cavalcanti Gomes;6.42
6167;Emily Gomes Ferreira;6.93
21415;Joao Pinto Almeida;2.99
3477;Sophia Melo Alves;0.27
874;Isabella Ribeiro Oliveira;4.22
801;André Costa Barros;8.37
11734;Clara Oliveira Martins;9.83
14813;Diogo Azevedo Oliveira;9.86
17611;Kaua Pereira Martins;0.35
9204;Thaís Barros Cunha;3.99
27842;Sarah Almeida Azevedo;8.56
7867;Leila Barbosa Pinto;0.20
26842;Eduarda Cunha Correia;4.84
16865;Pedro Araujo Lima;9.33
25782;José Costa Cardoso;4.01
9697;Evelyn Correia Rocha;6.51
6365;Bruna Rocha Silva;9.82
8794;Victor Cunha Araujo;3.93
7800;Lara Ferreira Cavalcanti;3.24
4123;Vitór Araujo Almeida;9.18
8870;Giovanna Castro Lima;8.31
5352;Thaís Carvalho Dias;0.28
14331;Aline Barbosa Carvalho;5.56
184;Marina Azevedo Lima;4.15
11265;Giovana Ferreira Costa;2.15
10231;Caio Martins Ribeiro;9.97
19768;Nicole Cardoso Souza;2.49
1228;Bianca Carvalho Fernandes;2.46
10448;Clara Ribeiro Ribeiro;7.86
29859;Bruna Martins Oliveira;3.36
20215;Alex Dias Pereira;9.33
15102;Alice Cunha Costa;7.23
20988;Nicole Gomes Oliveira;3.48
22109;José Sousa Lima;6.04
239;Estevan Barbosa Azevedo;4.92
6858;Rebeca Cunha Cavalcanti;7.05
11603;Júlia Silva Alves;3.78
15974;Rebeca Pinto Carvalho;0.12
29908;Luís Melo Silva;9.55
28230;Luís Gomes Barbosa;1.26
4554;Samuel Barros Gomes;4.05
15945;Victor Barros Dias;1.24
6584;Maria Ribeiro Rodrigues;7.88
26883;Eduardo Cavalcanti Pereira;2.22
19537;Sarah Goncalves Rodrigues;8.73
23666;Pedro Cavalcanti Ribeiro;0.49
26916;Isabela Costa Pereira;4.47
4740;Aline Ribeiro Correia;1.04
14043;Douglas Correia Alves;7.40
12336;Alice Pinto Sousa;8.37
24899;Mateus Araujo Carvalho;5.12
24667;Enzo Araujo Oliveira;5.36
22925;Fernanda Santos Barbosa;9.54
23520;Larissa Araujo Sousa;1.77
5215;Evelyn Carvalho Ribeiro;8.60
23009;Ana Pinto Silva;3.52
22609;Melissa Araujo Barros;8.06
16569;Lara Cunha Fernandes;3.89
7608;Livia Santos Ferreira;2.52
14835;Vinícius Ferreira Ferreira;7.16
8449;Antônio Cardoso Costa;2.20
8107;Estevan Lima Cardoso;2.79
3840;Tomás Gomes Pereira;5.96
28716;Vinicius Rodrigues Alves;3.89
2244;Antônio Gomes Cardoso;5.87
4102;Estevan Dias Costa;3.81
496;Nicolas Costa Pereira;8.62
27182;Gabrielle Martins Martins;6.39
15563;Rafaela Lima Costa;6.71
18293;Yasmin Dias Cardoso;7.02
1259;Carolina Pinto Oliveira;4.39
18409;Igor Lima Ferreira;2.81
13990;Rafaela Azevedo Souza;1.46
28964;Luis Silva Rodrigues;8.83
11290;Daniel Alves Gomes;6.86
7439;Gabrielly Cardoso Ferreira;6.02
22339;Luiz Gomes Correia;3.71
11918;Marina Azevedo Correia;0.13
25783;Gabrielly Rodrigues Correia;4.59
5740;Luis Castro Correia;9.91
20920;Sophia Araujo Souza;5.00
26807;Lucas Rodrigues Castro;4.14
27001;Anna Alves Castro;4.36
11133;Bruna Barros Souza;4.90
878;Letícia Ribeiro Dias;7.72
22368;Matilde Melo Cardoso;0.06
29179;Igor Martins Fernandes;1.81
2550;Rafael Rocha Martins;4.65
20564;Isabela Alves Fernandes;1.79
19218;Bruna Pereira Araujo;9.15
14616;Samuel Barbosa Araujo;5.72
16000;Enzo Dias Rodrigues;8.51
9184;Lucas Araujo Goncalves;0.89
2048;Lavinia Ribeiro Ribeiro;7.09
11206;Beatriz Almeida Ribeiro;0.90
5749;Sofia Barbosa Gomes;5.87
29289;Davi Cavalcanti Souza;7.53
3959;Gabrielly Correia Sousa;1.70
27927;Evelyn Dias Lima;1.97
23518;Clara Ferreira Carvalho;1.47
3247;Anna Carvalho Martins;0.35
9845;Emily Goncalves Dias;1.20
3806;Gabrielly Ribeiro Correia;8.19
7730;Rafaela Silva Souza;6.23
5049;Enzo Pinto Gomes;5.32
4179;Otávio Carvalho Cavalcanti;1.01
15184;Victor Rodrigues Souza;1.65
12699;Rafael Dias Santos;7.12
5394;Isabella Barros Martins;3.74
2541;Kaua Correia Azevedo;6.39
27198;Melissa Cunha Gomes;9.51
18897;Isabella Rocha Silva;5.40
17707;Emily Barbosa Oliveira;2.04
5182;Luis Lima Souza;1.15
13366;Joao Cardoso Castro;3.15
25100;Sofia Sousa Cavalcanti;0.56
25735;Martim Costa Carvalho;6.43
18264;Kauan Pereira Pinto;0.71
14366;Thiago Araujo Martins;9.64
14935;Vitória Martins Ribeiro;4.80
18271;Gustavo Cardoso Dias;7.72
20275;Danilo Souza Oliveira;1.21
29074;Marcos Castro Correia;5.96
13475;Clara Rocha Sousa;6.21
10372;Cauã Cunha Pereira;0.19
7387;Brenda Santos Carvalho;1.75
20259;Victor Azevedo Araujo;6.42
23491;Paulo Dias Araujo;4.92
2901;Isabella Cunha Melo;3.85
18275;Gabriela Rodrigues Costa;8.81
19143;Rafaela Costa Martins;9.14
8435;Tiago Pinto Rodrigues;0.76
17431;Lara Rocha Azevedo;2.86
19684;Julian Souza Lima;6.64
29537;Aline Cunha Cardoso;1.86
10810;Bruno Rodrigues Cunha;1.79
21444;Sophia Carvalho Gomes;0.16
1999;Ryan Castro Ferreira;6.73
16046;Luis Rodrigues Oliveira;5.41
18166;Júlio Alves Sousa;1.02
20302;Ryan Rocha Oliveira;4.32
6327;Ana Pinto Ribeiro;9.78
20442;Davi Gomes Gomes;3.53
14855;Mariana Sousa Castro;4.17
20677;Antônio Martins Cavalcanti;7.44
21632;Guilherme Araujo Ribeiro;9.08
14915;Sarah Alves Cunha;5.86
5828;Luis Correia Alves;9.76
21250;Leonardo Cavalcanti Dias;6.57
27135;Isabelle Cunha Carvalho;9.54
23418;Melissa Castro Fernandes;9.20
26786;Larissa Souza Almeida;4.62
10986;Pedro Carvalho Cavalcanti;9.49
25026;Leila Ribeiro Cardoso;1.45
20332;Manuela Pereira Barbosa;5.48
14954;Davi Rocha Pinto;1.81
23765;Sarah Barros Alves;1.79
26778;Victor Silva Correia;8.81
3507;Antônio Rocha Goncalves;5.38
21752;Alice Castro Pinto;2.15
7670;Tomás Pereira Barros;1.72
21159;Marina Pinto Fernandes;5.73
8970;Cauã Melo Dias;7.35
2972;Tânia Dias Pinto;4.17
23218;Bruna Barros Dias;6.66
18469;Estevan Souza Dias;2.76
12395;Bianca Castro Santos;5.20
14460;Gabrielly Lima Costa;5.81
21251;Kaua Santos Pinto;6.27
26146;Lucas Souza Goncalves;0.34
15278;Lavinia Pereira Sousa;8.87
9886;Rodrigo Barros Rodrigues;4.83
21103;Eduardo Dias Lima;9.24
11765;Alice Santos Souza;2.32
10945;Alice Lima Oliveira;7.75
14933;Ryan Lima Barbosa;1.80
7529;Clara Melo Dias;3.86
13987;Miguel Rocha Carvalho;0.59
7026;Bruna Fernandes Goncalves;3.26
10304;Luís Araujo Barros;4.84
23608;Diogo Ribeiro Cardoso;2.26
20308;Gabrielly Barros Almeida;6.79
25530;Carla Carvalho Souza;5.31
4638;Carolina Cunha Ribeiro;9.90
6723;Isabella Dias Dias;1.24
9192;Vitór Melo Barbosa;4.91
6973;Daniel Santos Barbosa;4.82
21697;Matilde Sousa Cardoso;8.42
3422;Mariana Almeida Martins;8.30
2817;Vitoria Araujo Barbosa;3.54
18470;Arthur Martins Lima;9.58
14506;Giovanna Sousa Ferreira;6.54
13771;Sophia Barbosa Barbosa;0.53
10382;Arthur Almeida Barbosa;3.53
19772;Kai Fernandes Cardoso;2.03
27911;Estevan Sousa Carvalho;6.27
2789;Kauê Castro Azevedo;3.98
14959;Julieta Azevedo Barbosa;2.75
20584;Otávio Alves Costa;2.14
8312;Vitór Dias Martins;7.92
24747;Bruna Castro Araujo;4.23
5555;Renan Alves Souza;2.24
21346;Luana Barbosa Costa;2.20
29229;Leila Cardoso Costa;5.00
5467;Anna Azevedo Carvalho;3.44
9513;Fábio Santos Ribeiro;1.29
27289;Gabriel Fernandes Cunha;6.65
27180;Sophia Cardoso Almeida;5.63
15284;Eduardo Almeida Cavalcanti;3.24
13714;Julieta Pereira Ribeiro;8.44
15934;Bruna Sousa Lima;6.98
11492;Diego Costa Almeida;7.66
1673;Eduardo Azevedo Carvalho;1.50
20947;Diego Almeida Barros;7.04
10679;Laura Ribeiro Gomes;4.93
19783;Lavinia Rodrigues Pereira;7.24
7480;Vinicius Carvalho Melo;7.86
8069;Laura Cunha Cardoso;0.67
25980;Pedro Sousa Azevedo;6.27
23028;João Martins Souza;0.27
7928;Luiza Costa Ferreira;6.77
12345;Antônio Silva Martins;0.45
11088;Thaís Cunha Santos;5.68
10864;Maria Ribeiro Cavalcanti;5.50
19861;Rafaela Barros Pereira;9.80
3713;Marcos Oliveira Silva;5.99
24804;Sofia Alves Silva;1.11
29247;Fernanda Ferreira Barros;6.41
8595;Kai Alves Sousa;4.79
26271;Thiago Ferreira Barbosa;2.81
4812;Gabriel Cunha Costa;9.96
10060;Bianca Almeida Araujo;8.01
22431;Isabelle Santos Pinto;3.07
3528;Samuel Barros Souza;7.41
3383;Paulo Correia Castro;2.74
6691;Antônio Santos Martins;2.92
16908;Julia Gomes Castro;5.43
8939;Ana Gomes Cunha;8.08
13119;Kauan Araujo Rocha;8.65
8333;Yasmin Rocha Cunha;9.20
20035;Bruna Cunha Souza;5.73
3620;Nicole Alves Ferreira;0.52
26304;Yasmin Alves Cunha;6.43
13489;Vitória Dias Silva;5.40
20579;Nicolas Ribeiro Oliveira;2.94
406;Tiago Goncalves Lima;7.22
25451;Guilherme Goncalves Cardoso;8.14
29460;Thaís Rodrigues Goncalves;8.14
12839;Lara Cunha Martins;8.61
13428;Vinicius Goncalves Ribeiro;1.46
1360;Estevan Araujo Barbosa;0.15
3157;Carolina Lima Correia;6.48
11989;Nicolash Fernandes Melo;5.37
3338;Danilo Cardoso Azevedo;8.42
3930;Caio Rodrigues Pereira;4.77
21871;Luana Goncalves Correia;7.06
17449;Vitór Silva Araujo;0.48
27020;Rafael Gomes Barros;5.62
9310;Laura Silva Lima;9.57
4822;Gabriela Barros Almeida;2.38
9523;Vitoria Silva Barbosa;5.25
15447;Luiz Barros Carvalho;1.97
7656;Mariana Martins Castro;4.33
22860;Renan Pereira Oliveira;8.87
14754;Rebeca Barbosa Lima;2.78
1800;Erick Alves Pinto;9.07
28131;Tomás Costa Pereira;2.69
18713;Bruna Souza Martins;0.15
18775;Enzo Cunha Santos;5.94
10210;Marcos Sousa Sousa;3.83
13026;Tiago Cunha Dias;0.39
8194;Diego Lima Barros;3.09
1062;José Fernandes Barbosa;9.71
16866;Luís Barros Souza;6.28
16172;Larissa Araujo Rocha;2.45
19849;Renan Gomes Carvalho;4.18
9764;Ana Goncalves Carvalho;7.12
23332;Erick Alves Rodrigues;7.04
7491;Letícia Dias Melo;3.12
20961;Luís Martins Castro;4.09
1767;João Rocha Sousa;6.84
14562;Isabela Melo Costa;3.01
2354;Kauê Castro Pereira;2.35
13486;Vitória Alves Ribeiro;2.89
13235;Fábio Goncalves Azevedo;1.86
6717;Isabelle Barbosa Araujo;0.53
4252;Tânia Pinto Goncalves;8.45
24182;Melissa Cunha Gomes;2.27
8542;Breno Correia Lima;0.36
4161;Nicole Melo Cavalcanti;0.16
4466;Vitor Barbosa Almeida;1.35
8247;Ágatha Silva Lima;5.19
26329;Thaís Barbosa Silva;4.05
2638;Fábio Carvalho Rocha;7.92
12516;Júlia Cardoso Lima;3.15
8415;Rodrigo Azevedo Alves;7.26
14015;Bruna Lima Lima;9.45
18117;Julieta Ribeiro Barbosa;0.98
4395;Bianca Souza Barbosa;9.96
26221;Pedro Oliveira Silva;9.05
21142;Evelyn Ribeiro Rodrigues;3.90
5416;Caio Lima Gomes;3.80
15634;Davi Sousa Ferreira;6.37
28546;Isabela Martins Almeida;0.55
20566;Anna Sousa Martins;8.99
10685;Kauê Pinto Castro;1.33
28504;Yasmin Pinto Pinto;6.60
19261;Daniel Rocha Castro;1.76
29647;Mateus Costa Barbosa;2.63
6396;Gabrielle Carvalho Dias;3.25
24433;Felipe Almeida Silva;1.65
15047;Ryan Pinto Alves;3.01
26323;Douglas Fernandes Rodrigues;0.23
29770;Melissa Goncalves Pinto;6.06
13674;Isabela Gomes Melo;4.06
748;Lavinia Goncalves Dias;0.70
6215;Nicole Barros Ferreira;4.71
16887;Kauan Ferreira Martins;9.07
21481;Clara Cardoso Barros;8.36
19791;Kai Pinto Cardoso;2.76
4505;Ryan Almeida Araujo;6.86
12779;Gabrielly Azevedo Barbosa;6.99
22451;Sofia Alves Martins;5.69
16433;Miguel Rodrigues Cardoso;8.24
18249;Felipe Castro Oliveira;6.20
76;Ágatha Carvalho Costa;8.49
24109;Luís Cavalcanti Oliveira;0.39
10141;Kauê Melo Gomes;6.89
14386;Luis Rocha Correia;9.14
21633;Kauã Ribeiro Melo;4.67
2248;Gabrielle Sousa Ribeiro;8.99
5504;Samuel Almeida Costa;0.91
29865;Yasmin Silva Cardoso;9.04
16778;Alex Rocha Correia;6.86
25715;Nicolash Cavalcanti Silva;9.51
29298;Júlia Santos Cardoso;3.81
18242;Laura Pereira Fernandes;4.26
3311;Bruno Costa Araujo;3.01
24881;Evelyn Barros Souza;0.39
4581;Vitória Correia Lima;9.99
15285;Davi Gomes Cardoso;5.87
29476;Miguel Martins Barbosa;3.52
8800;Tânia Alves Ribeiro;4.16
23349;Fernanda Rocha Carvalho;7.52
3268;Daniel Costa Martins;7.48
3962;Livia Cardoso Azevedo;8.71
7041;Thiago Gomes Correia;7.80
1209;Eduardo Melo Lima;6.05
493;Davi Pereira Carvalho;4.55
26461;Beatrice Martins Correia;3.27
2590;Emily Barros Almeida;8.76
14922;Evelyn Cunha Azevedo;1.42
2067;Rodrigo Fernandes Gomes;9.92
17955;Mariana Santos Santos;2.45
27906;Julieta Lima Araujo;6.53
8138;Antônio Araujo Oliveira;1.90
8011;Isabella Rodrigues Barbosa;8.14
25472;Rafael Ribeiro Correia;9.77
19834;Nicole Silva Costa;2.87
4582;Lara Barros Fernandes;1.05
16371;Rafaela Costa Rodrigues;5.41
23569;Vitor Silva Sousa;2.15
15534;Gabrielle Lima Ferreira;7.91
10096;Tomás Lima Pereira;9.03
12434;Carolina Rodrigues Carvalho;8.32
18606;Bruna Araujo Cavalcanti;5.37
12787;Vitoria Cardoso Alves;7.43
27413;Luiz Souza Cavalcanti;4.34
23285;Rodrigo Barbosa Barros;6.91
538;Júlio Martins Silva;3.54
7229;Bruna Souza Ferreira;3.81
11437;Rodrigo Ferreira Dias;5.03
19385;Evelyn Pereira Barbosa;4.94
4056;Letícia Pinto Azevedo;0.85
16272;Leonor Cavalcanti Cardoso;3.53
1500;Mateus Oliveira Pereira;2.08
28950;Luana Sousa Castro;8.73
15922;Lavinia Cunha Barbosa;4.84
12912;Matilde Azevedo Goncalves;0.51
12064;Aline Araujo Santos;6.98
19267;Luana Cunha Dias;8.06
6754;Nicolas Almeida Goncalves;2.25
29972;Diogo Sousa Correia;2.61
1654;Matilde Almeida Castro;3.44
4531;Samuel Ribeiro Barbosa;5.18
3761;Anna Santos Almeida;7.18
20877;Isabelle Fernandes Carvalho;8.80
4158;Larissa Melo Costa;5.39
29514;Lara Sousa Dias;6.07
1409;Aline Barbosa Souza;7.88
3041;Cauã Oliveira Cardoso;4.05
11889;Julieta Oliveira Gomes;0.53
1887;Rodrigo Pereira Melo;2.16
6320;Kauê Rocha Correia;0.55
14046;Samuel Sousa Lima;5.75
23014;Luis Silva Alves;8.65
2083;Danilo Azevedo Carvalho;9.09
8790;Mariana Alves Carvalho;4.14
19615;Murilo Carvalho Carvalho;6.01
22483;Vitória Lima Souza;6.59
29717;Kauã Rocha Ferreira;1.43
17789;Livia Pereira Santos;2.16
10080;Sofia Costa Oliveira;6.86
20774;Kai Gomes Almeida;4.20
11746;Tânia Sousa Souza;1.51
29712;Gabrielle Pinto Dias;4.05
26159;Amanda Souza Silva;1.98
7663;Fernanda Sousa Alves;7.48
23492;Emily Castro Santos;0.69
20799;Thaís Ribeiro Araujo;1.60
11196;Luan Cunha Goncalves;7.21
11059;Luan Barbosa Ferreira;8.06
9372;Kai Melo Melo;5.06
29327;Gustavo Cavalcanti Araujo;0.41
18384;Isabella Araujo Araujo;9.54
10730;Murilo Almeida Costa;7.43
9792;Igor Araujo Ribeiro;2.84
9127;Erick Lima Cardoso;7.12
16679;Vitor Barbosa Oliveira;5.50
4886;Emily Rodrigues Melo;1.20
18380;Kauê Pereira Araujo;8.93
22023;Emily Dias Ferreira;7.96
6966;Brenda Alves Souza;6.83
19124;Fernanda Oliveira Cunha;4.65
727;Fábio Ferreira Barros;6.60
25220;Manuela Goncalves Pinto;2.34
15252;Camila Rocha Souza;5.37
1124;Alice Martins Costa;8.59
866;Gabrielly Rodrigues Goncalves;3.56
5704;Victor Santos Alves;4.91
6501;Gabriel Costa Azevedo;6.75
20148;Carla Cardoso Araujo;8.51
10955;Julian Carvalho Almeida;2.02
7379;Miguel Ferreira Ribeiro;7.49
9255;Erick Oliveira Ferreira;6.14
19807;Otávio Araujo Martins;4.90
4391;Sarah Costa Barbosa;2.79
7008;Vitoria Castro Sousa;3.22
4162;Murilo Rodrigues Cardoso;5.21
25797;Antônio Correia Santos;6.39
1445;Júlio Melo Castro;9.37
14007;Tânia Pinto Goncalves;4.95
27660;Arthur Araujo Melo;3.19
3753;Kauê Sousa Ribeiro;8.01
27835;Aline Barros Costa;8.08
15311;Brenda Dias Barros;5.48
18561;Carla Sousa Santos;7.57
9949;Luiza Azevedo Barbosa;0.16
12006;Gabrielle Fernandes Castro;7.26
12442;Julieta Almeida Barros;3.06
12914;Anna Barbosa Sousa;8.62
15211;Tânia Martins Alves;2.98
26081;Raissa Pinto Santos;1.02
25972;Carla Santos Rodrigues;7.70
14456;Enzo Almeida Costa;3.48
22956;Gabriel Sousa Dias;7.43
9395;Miguel Almeida Barros;3.84
24473;Camila Barros Fernandes;1.48
25214;Letícia Cardoso Cavalcanti;2.37
6029;Pedro Sousa Correia;2.16
24577;Vinicius Fernandes Barbosa;4.70
26524;Maria Goncalves Alves;9.87
20787;Anna Souza Costa;4.14
6170;Melissa Barros Ferreira;1.77
14650;Estevan Barros Santos;9.36
17124;Bruna Dias Dias;3.36
6645;Miguel Fernandes Costa;7.47
7356;Luana Souza Carvalho;2.73
9207;Julia Pereira Cavalcanti;5.17
5218;Gabrielle Lima Sousa;6.08
5146;Beatrice Carvalho Pinto;4.30
7855;Gabrielle Goncalves Pinto;7.61
7044;Gabriela Barbosa Pinto;5.06
22541;Júlio Cunha Almeida;6.30
29005;Luan Rodrigues Oliveira;0.48
7678;Fábio Barros Oliveira;9.08
4343;Fernanda Correia Pinto;1.09
2009;Isabelle Santos Goncalves;7.39
8856;Tiago Cavalcanti Martins;7.05
25216;Vitór Rocha Santos;2.53
28532;Eduarda Ribeiro Ribeiro;4.35
6463;Thaís Souza Cavalcanti;2.09
29061;Luís Carvalho Lima;2.44
7824;Estevan Alves Barbosa;9.04
26562;Felipe Lima Azevedo;6.90
18832;Bruno Sousa Barros;8.39
18180;Rebeca Fernandes Araujo;3.09
20816;Arthur Rodrigues Lima;3.37
18676;Bruna Almeida Souza;0.27
18212;Júlia Azevedo Cardoso;8.25
25138;Felipe Melo Goncalves;9.26
29076;Nicole Araujo Lima;5.17
11246;Júlio Correia Araujo;3.53
22915;Kauê Araujo Fernandes;0.49
1165;Erick Costa Costa;9.04
24394;Lucas Azevedo Cavalcanti;0.05
16890;André Correia Pinto;6.80
25090;Joao Gomes Barbosa;5.95
174;Vinícius Santos Alves;6.70
5362;Renan Sousa Ferreira;3.10
781;Caio Fernandes Costa;5.44
5956;Júlio Souza Pinto;2.49
6727;Alice Barbosa Rocha;9.30
7051;Emilly Cunha Barbosa;6.59
23184;Vinícius Goncalves Rocha;8.23
7377;Estevan Azevedo Martins;2.97
20540;Isabella Ribeiro Almeida;6.84
10760;Nicole Goncalves Barros;0.05
21526;Nicole Rodrigues Azevedo;9.38
18881;Eduardo Almeida Carvalho;8.10
6597;Manuela Rocha Barros;1.22
12553;Maria Santos Santos;7.15
15156;Gabrielly Alves Santos;6.87
9119;Manuela Azevedo Costa;0.99
23356;Amanda Ribeiro Pinto;6.27
8218;André Oliveira Correia;4.81
9380;Murilo Azevedo Cavalcanti;7.04
22819;Brenda Rocha Ferreira;9.81
7454;Antônio Carvalho Araujo;0.05
18355;Bruna Rodrigues Almeida;5.72
15154;Gabrielle Cunha Castro;4.66
4065;Diego Santos Pinto;4.96
29038;Otávio Azevedo Araujo;8.86
18393;José Cardoso Barbosa;2.19
18605;Isabelle Oliveira Alves;9.04
5013;Julian Martins Goncalves;8.57
23573;Lavinia Silva Azevedo;4.78
29482;Eduardo Melo Almeida;9.61
5116;Camila Costa Almeida;0.44
5707;Leonor Araujo Santos;4.57
12716;Diego Martins Correia;6.77
15754;Bruno Almeida Almeida;1.58
2964;Kauan Lima Azevedo;7.16
21133;Sophia Oliveira Oliveira;7.70
11774;Felipe Almeida Barbosa;5.96
2430;Raissa Correia Fernandes;7.35
12057;Gustavo Dias Fernandes;0.26
599;Tiago Ribeiro Azevedo;7.12
3014;Nicolas Pereira Silva;5.64
28844;Eduardo Barbosa Oliveira;6.90
24542;Luiza Ribeiro Martins;5.19
23421;Isabela Dias Goncalves;3.22
119;Tânia Rodrigues Cavalcanti;1.30
7139;Antônio Dias Gomes;1.78
2315;Carolina Cavalcanti Melo;0.96
16613;Matheus Castro Castro;5.67
21020;André Barros Alves;7.68
3492;Paulo Santos Barros;0.49
8892;José Araujo Goncalves;5.48
23141;Vinícius Oliveira Alves;6.98
5734;Ágatha Oliveira Martins;7.34
16630;Marina Pereira Cunha;4.19
8692;Isabela Dias Santos;8.33
17421;Isabela Carvalho Fernandes;4.02
20490;Carolina Cardoso Cunha;1.09
16551;Ágatha Goncalves Barros;7.28
1963;Emily Correia Melo;4.73
11193;Antônio Goncalves Souza;4.66
20957;Emily Ribeiro Castro;3.48
7403;Yasmin Costa Pinto;3.82
13483;Fábio Cavalcanti Barbosa;3.26
23675;Luis Rodrigues Oliveira;8.37
14024;Julian Correia Costa;8.35
1758;Vinicius Cardoso Alves;7.52
21483;Bianca Almeida Sousa;2.21
25590;Vitoria Fernandes Almeida;5.16
3895;Fábio Silva Barros;6.16
23413;Kauã Araujo Dias;7.75
7317;Emily Rodrigues Lima;6.90
12343;Bruna Santos Cavalcanti;1.98
11284;Fernanda Santos Carvalho;4.82
14983;Luan Pinto Azevedo;4.57
13173;Thaís Martins Almeida;4.94
5557;Estevan Araujo Castro;4.63
27630;Erick Gomes Araujo;9.14
23853;Beatriz Dias Gomes;5.13
18625;Julia Araujo Costa;9.43
19554;Manuela Cunha Silva;4.89
29748;Amanda Silva Correia;9.04
8234;Isabella Pereira Cavalcanti;6.89
20019;Isabella Souza Azevedo;7.76
17295;Davi Rocha Souza;5.22
9603;Luiza Castro Ribeiro;6.19
24583;Carolina Pereira Rocha;3.33
21453;Bruna Rodrigues Melo;6.78
1117;Camila Sousa Ribeiro;8.43
29817;Leonor Gomes Almeida;3.81
7198;José Lima Barros;0.59
21119;Giovana Silva Goncalves;3.57
16913;Vitór Barros Cardoso;8.82
6080;Samuel Martins Gomes;7.94
11046;Luan Gomes Oliveira;2.61
27362;Breno Silva Rodrigues;4.29
22808;Felipe Sousa Alves;4.91
21527;Kauã Carvalho Martins;6.79
23266;Julieta Dias Dias;7.44
4124;Yasmin Ribeiro Barbosa;8.47
2433;Julia Dias Barros;6.92
20186;Luís Gomes Pereira;9.31
25000;Tomás Correia Pinto;8.15
22010;Lavinia Barbosa Ribeiro;9.23
6076;Fernanda Rocha Pinto;0.05
20902;Miguel Sousa Correia;3.28
2388;Amanda Rodrigues Carvalho;6.05
7632;Thaís Rodrigues Silva;1.25
23374;Kaua Cavalcanti Rocha;6.92
2530;Gabrielly Santos Cavalcanti;6.92
22842;Sofia Azevedo Correia;0.21
12887;Ana Martins Castro;0.93
24545;Ryan Martins Cavalcanti;0.11
27341;Vitór Oliveira Lima;2.97
11015;Felipe Cardoso Costa;1.69
1982;Ágatha Ferreira Cavalcanti;4.99
21303;Erick Dias Alves;0.05
18937;Miguel Azevedo Sousa;9.41
5647;Estevan Sousa Gomes;0.71
7923;Fábio Ribeiro Alves;0.57
10000;Beatrice Souza Carvalho;1.97
29046;Evelyn Cunha Gomes;9.03
18067;Melissa Goncalves Cunha;5.65
18074;Isabelle Melo Barros;7.88
19279;Rafaela Cunha Castro;9.28
11201;Thaís Oliveira Ferreira;2.07
2215;Carolina Silva Alves;3.47
27205;Vitoria Sousa Azevedo;3.53
12639;Luana Ferreira Barros;9.17
12449;Emilly Correia Oliveira;7.78
5163;Luan Silva Ferreira;7.11
16408;Rafael Ferreira Fernandes;4.83
23114;Luana Gomes Azevedo;4.84
14798;Ana Correia Pereira;4.78
28364;Luís Pereira Cunha;7.77
11324;Leonardo Castro Correia;0.92
2222;Julian Correia Almeida;3.81
7774;Giovanna Rodrigues Goncalves;8.78
3016;Rafael Santos Melo;4.76
9282;Fábio Carvalho Cunha;3.99
27358;Rebeca Goncalves Ferreira;9.61
27857;Isabelle Lima Gomes;7.25
25492;Giovanna Barros Barbosa;7.54
24931;Fábio Oliveira Barbosa;0.84
22480;Thaís Barbosa Azevedo;4.15
29121;Tânia Costa Oliveira;3.90
14228;Enzo Ferreira Pinto;3.49
719;Leila Cardoso Silva;2.57
10668;Sofia Rodrigues Almeida;0.68
12992;Paulo Martins Azevedo;4.11
5545;Paulo Carvalho Rodrigues;3.89
15564;Vitór Araujo Rocha;6.32
23622;Evelyn Pereira Cardoso;0.50
6519;Diogo Souza Barros;6.06
14126;Mariana Cunha Lima;3.66
10524;Vitória Alves Ribeiro;4.54
18718;Carla Barbosa Silva;1.73
21407;Sarah Ribeiro Martins;1.06
26610;Carlos Barbosa Costa;2.81
5525;Nicolash Cardoso Pinto;7.47
4477;Ana Pereira Fernandes;3.79
9649;Cauã Correia Goncalves;7.01
6020;Fábio Oliveira Ribeiro;2.00
10165;Murilo Goncalves Rodrigues;7.76
28268;Enzo Ribeiro Oliveira;7.46
7524;Luiza Gomes Castro;5.22
18814;Nicolas Barbosa Oliveira;5.13
7493;Miguel Martins Fernandes;2.50
180;Beatriz Almeida Silva;8.08
12219;Samuel Goncalves Silva;0.67
19006;Kauan Pereira Cunha;1.72
16658;Davi Pinto Cunha;6.66
9680;Emily Cardoso Souza;4.88
28953;Vitória Ribeiro Ferreira;0.80
28700;Samuel Azevedo Pinto;2.13
4533;Mateus Sousa Araujo;2.70
9492;Kauê Cunha Melo;7.86
26285;Arthur Costa Araujo;5.47
8852;Vitór Goncalves Cardoso;8.41
6690;Larissa Souza Oliveira;6.08
17669;Rebeca Barros Costa;1.49
1251;Vitoria Lima Pereira;7.55
3452;Raissa Melo Ribeiro;0.59
3551;Beatrice Goncalves Sousa;3.56
17804;Yasmin Alves Alves;2.45
22549;Breno Almeida Cardoso;2.63
15839;Giovanna Dias Cunha;8.50
18688;Ana Barbosa Barros;7.72
14079;Lavinia Santos Barros;5.03
18727;Ana Martins Oliveira;5.21
20119;Douglas Santos Barbosa;0.94
6588;Luiza Fernandes Rocha;6.43
20415;Beatriz Correia Pereira;8.09
20718;Fernanda Sousa Fernandes;5.51
12576;Julian Santos Dias;6.33
6991;Breno Dias Lima;1.56
20207;Joao Rodrigues Barros;2.98
8251;Felipe Souza Azevedo;0.82
19844;Enzo Araujo Ferreira;9.85
7261;Thiago Fernandes Castro;5.91
25740;Joao Cunha Castro;8.51
13657;Bruna Martins Sousa;2.07
26929;Kauã Cardoso Cunha;3.97
16462;Julieta Cunha Barros;2.67
18566;Luan Cavalcanti Cavalcanti;0.87
16063;Otávio Cardoso Costa;6.44
10591;Livia Ribeiro Ribeiro;6.81
19850;Cauã Azevedo Araujo;5.54
29669;Leila Sousa Alves;6.65
22177;Davi Araujo Fernandes;5.94
14791;Isabela Dias Fernandes;2.45
404;Vitór Silva Rocha;9.84
4389;Gabrielly Dias Pereira;8.36
18923;Rodrigo Costa Fernandes;0.45
27810;Júlio Araujo Barros;3.61
6108;Martim Melo Rocha;8.52
21477;Antônio Barros Pinto;4.96
16591;Antônio Ribeiro Costa;8.43
19894;Rafael Araujo Santos;5.46
12789;Letícia Sousa Martins;9.81
1112;Yasmin Goncalves Lima;5.31
11548;Renan Cunha Correia;2.45
6148;Pedro Silva Melo;4.26
2741;Alex Gomes Lima;3.74
26305;Gabrielly Melo Dias;0.83
13571;Beatrice Carvalho Alves;0.39
26004;Ana Ferreira Santos;2.85
22917;Bianca Pinto Pereira;0.93
23444;Leonardo Correia Souza;0.32
11755;Fábio Goncalves Cunha;7.17
19848;Sarah Fernandes Pereira;9.61
22998;Brenda Goncalves Correia;6.62
21017;Júlia Correia Souza;1.41
27717;Martim Almeida Castro;0.39
18834;Camila Gomes Barros;1.26
5399;Júlio Barros Oliveira;9.63
7664;Samuel Carvalho Cardoso;4.76
2467;Carolina Ribeiro Alves;7.54
26718;Ryan Souza Alves;7.53
12238;Anna Santos Barros;5.76
4463;Sophia Azevedo Melo;0.98
5979;Luan Carvalho Souza;9.20
13887;Kauan Cardoso Martins;0.53
22322;Martim Martins Gomes;0.02
23877;Fernanda Pinto Souza;7.26
22473;Leonardo Melo Pereira;9.49
19528;Rodrigo Goncalves Silva;5.59
29022;Eduarda Gomes Almeida;0.49
27311;Thaís Lima Almeida;9.95
24118;Emily Ribeiro Gomes;6.40
19088;Matheus Goncalves Gomes;9.98
17446;Maria Ribeiro Sousa;7.89
19881;Matheus Carvalho Gomes;2.87
4815;Anna Alves Martins;8.47
9300;Murilo Correia Rodrigues;2.48
16818;Vinicius Barbosa Costa;7.64
23517;Isabela Santos Ribeiro;8.79
2140;Marcos Ribeiro Correia;2.25
1907;Felipe Cavalcanti Alves;4.40
2752;Lara Gomes Goncalves;7.27
20050;Carlos Azevedo Dias;7.35
28971;Vinicius Lima Carvalho;3.06
20198;Evelyn Silva Oliveira;5.18
11243;Joao Silva Pinto;2.13
17985;Tânia Souza Cavalcanti;0.30
11876;Ryan Ribeiro Pinto;9.41
16980;Vitória Dias Martins;1.97
21974;Diego Araujo Dias;4.12
10808;Vitór Carvalho Correia;8.70
28719;Marina Silva Cardoso;0.76
18653;Igor Rocha Barros;8.08
3344;Fernanda Souza Barros;3.67
13157;Otávio Cunha Melo;8.88
3979;Anna Melo Santos;3.40
17076;Anna Dias Ribeiro;2.68
1682;Joao Araujo Dias;3.40
23293;Mariana Barbosa Alves;0.06
11208;Marcos Barbosa Almeida;1.86
12151;Maria Castro Almeida;7.22
19100;Tiago Pinto Correia;9.29
12720;Martim Lima Gomes;5.13
17290;Emilly Pinto Melo;3.88
21070;Vitór Pinto Souza;2.47
9793;Kauê Barros Gomes;1.17
24298;Kauê Carvalho Silva;2.27
11442;Julia Souza Castro;8.32
4700;Fernanda Araujo Sousa;9.59
15973;Ryan Barbosa Gomes;6.88
28898;Victor Fernandes Correia;7.39
17852;Thiago Silva Araujo;5.50
24299;Vitória Gomes Cunha;3.73
5420;Davi Almeida Souza;1.73
21828;Marcos Barros Barros;1.54
12295;Samuel Melo Silva;2.43
5077;Júlia Cardoso Cavalcanti;6.29
19864;Erick Castro Martins;1.14
695;Breno Martins Cardoso;1.97
16764;Gustavo Ferreira Rocha;5.62
23238;Douglas Castro Goncalves;0.54
1184;Nicole Silva Oliveira;3.97
9745;Isabella Fernandes Almeida;8.91
2183;Marisa Pinto Cunha;1.52
189;Danilo Cunha Martins;2.16
14476;Beatriz Barbosa Sousa;5.99
7629;Giovana Sousa Costa;8.94
8315;Leonardo Dias Gomes;6.84
9785;Leila Rocha Alves;9.07
28279;Isabelle Correia Pinto;9.77
2321;Camila Alves Rodrigues;1.72
5893;Renan Santos Oliveira;5.06
22890;Thiago Ribeiro Pereira;6.03
10432;Gabrielle Goncalves Silva;6.05
21562;Camila Cardoso Souza;8.10
12955;Letícia Carvalho Oliveira;3.07
27184;Gabrielle Araujo Gomes;7.38
25470;Rebeca Martins Pinto;0.66
24335;Alex Azevedo Rocha;5.80
26814;Emilly Gomes Melo;8.48
25565;Bruna Alves Alves;3.30
1483;Marcos Ribeiro Almeida;9.72
1088;Leonor Correia Ribeiro;9.55
8933;Thiago Barros Dias;5.17
29110;Matheus Souza Ferreira;7.66
7723;Luiz Cardoso Goncalves;0.19
11482;Douglas Souza Carvalho;3.21
16326;Nicolash Oliveira Costa;4.72
12881;Matilde Carvalho Sousa;0.55
13043;Renan Fernandes Barbosa;2.99
27473;Fábio Costa Martins;5.31
8569;Isabella Azevedo Ribeiro;5.40
13993;Leonardo Costa Alves;7.76
15050;Breno Araujo Pereira;7.33
16380;Arthur Santos Costa;4.60
11656;Ryan Santos Cunha;9.01
8680;Vitória Rocha Barros;8.15
9843;Mateus Lima Pinto;7.69
29895;Kauê Carvalho Cavalcanti;7.29
20381;Matheus Fernandes Ribeiro;2.51
10056;Gustavo Dias Barbosa;2.07
29010;Marcos Araujo Martins;8.50
21735;Thiago Melo Pereira;7.07
7542;Larissa Barbosa Azevedo;0.80
16561;Sarah Carvalho Barros;5.51
70;Rodrigo Castro Ferreira;0.25
8710;Lavinia Dias Oliveira;8.62
25329;Melissa Cavalcanti Correia;8.42
14664;Sophia Silva Pereira;1.43
10925;Leonardo Dias Oliveira;2.36
6726;Beatrice Sousa Pinto;1.48
18028;Bianca Almeida Cavalcanti;1.77
25771;Giovana Gomes Rocha;7.55
5169;Thaís Barros Souza;5.73
21324;Diogo Carvalho Correia;5.46
8950;Marcos Rocha Fernandes;0.09
29225;Murilo Azevedo Alves;8.88
23043;Nicolash Carvalho Gomes;4.09
22635;Davi Ferreira Sousa;4.09
3952;Diogo Melo Carvalho;2.01
28057;Mariana Araujo Cunha;4.01
22468;Luiz Lima Gomes;1.30
19372;Alex Goncalves Lima;4.85
13745;Rafael Ribeiro Silva;4.84
8982;Lara Almeida Costa;1.72
6296;Davi Martins Fernandes;8.38
20747;Eduarda Araujo Cunha;0.49
25027;Diogo Sousa Castro;2.50
20104;Vinícius Barros Pereira;3.87
24960;Tiago Barbosa Cavalcanti;8.42
3136;Eduardo Martins Alves;4.79
5898;Vitor Gomes Ferreira;2.23
26595;Melissa Pereira Oliveira;5.34
29708;Carolina Souza Sousa;2.14
4090;Eduardo Dias Carvalho;7.13
13030;Otávio Barbosa Barbosa;3.53
18912;Laura Pereira Ribeiro;7.18
27568;Clara Cardoso Castro;5.31
21387;Marina Silva Dias;7.66
11138;Luana Cunha Ribeiro;6.23
3473;Igor Ferreira Cardoso;0.11
20075;Enzo Pereira Rodrigues;1.72
29120;Eduardo Cunha Carvalho;9.04
19920;Laura Sousa Goncalves;6.37
20328;Ágatha Gomes Barros;2.88
20085;Lavinia Pereira Barros;1.71
26244;Diego Azevedo Azevedo;4.94
21686;Letícia Araujo Cardoso;5.44
16215;Gabriel Santos Dias;9.87
13384;Larissa Cavalcanti Goncalves;6.28
20484;Rafael Pereira Costa;0.27
2298;Diogo Alves Almeida;4.96
191;José Santos Costa;3.11
26437;Samuel Carvalho Azevedo;3.35
12967;Beatrice Ferreira Barbosa;9.67
4800;Nicole Santos Dias;2.34
17629;Maria Martins Sousa;4.16
24072;Emilly Azevedo Araujo;0.24
4271;Luiza Cardoso Sousa;9.69
1741;Marisa Araujo Cunha;0.16
5644;Leonardo Araujo Costa;2.66
15913;Vitoria Araujo Correia;9.92
8841;Vitór Castro Almeida;6.59
8607;Erick Pereira Azevedo;5.37
15341;Julieta Araujo Pereira;2.25
18287;Sophia Barbosa Araujo;1.51
26783;Nicole Barbosa Araujo;8.61
23376;Tiago Pinto Lima;2.16
1939;Erick Carvalho Goncalves;8.21
4979;Kauã Rodrigues Fernandes;3.85
13434;Nicolash Araujo Souza;1.53
7045;Rebeca Ferreira Correia;9.95
23294;Gabrielly Goncalves Carvalho;1.55
18460;Letícia Rocha Barros;8.74
29455;Victor Gomes Lima;3.40
13187;Manuela Barros Melo;8.83
3931;Luiz Barbosa Melo;4.23
17228;Alice Carvalho Castro;6.52
17097;Leila Dias Barros;0.92
22585;Tiago Martins Carvalho;2.58
15291;Eduarda Cardoso Dias;5.34
12974;Livia Santos Fernandes;6.36
24535;Sofia Melo Fernandes;6.38
15323;Luis Sousa Azevedo;7.46
16902;Mariana Cardoso Castro;6.13
9017;Ágatha Barbosa Costa;8.14
1420;Vitória Costa Silva;4.31
27200;Maria Pinto Souza;6.47
14057;Carlos Fernandes Rocha;9.72
2641;Davi Alves Carvalho;7.83
17937;Enzo Silva Lima;5.69
4722;Otávio Silva Cavalcanti;7.96
15497;Estevan Alves Ribeiro;0.69
14953;José Santos Almeida;4.69
3526;Julieta Lima Cavalcanti;6.20
13357;Arthur Goncalves Santos;1.24
2080;Joao Sousa Correia;6.24
6960;Vitoria Cardoso Sousa;4.49
18130;Julieta Correia Ribeiro;6.50
23830;Guilherme Dias Costa;6.32
14276;André Pereira Almeida;9.65
2097;Aline Pereira Lima;1.22
22559;Gabriela Oliveira Sousa;4.03
25039;Livia Rocha Goncalves;2.56
15422;Bruno Pereira Carvalho;4.15
26677;Sofia Rodrigues Fernandes;7.47
24077;Murilo Barros Oliveira;8.45
6480;Joao Cunha Fernandes;3.27
1370;Felipe Cunha Cavalcanti;5.24
5106;Júlio Almeida Sousa;5.37
6361;Melissa Gomes Pereira;2.36
18035;Alice Costa Rocha;3.64
18616;Eduardo Melo Carvalho;3.64
15324;Lara Carvalho Cunha;3.32
11967;Tomás Azevedo Azevedo;6.60
313;Gustavo Santos Lima;2.46
27556;Bruna Pereira Sousa;4.15
18744;Thiago Pinto Almeida;0.08
2629;Enzo Correia Goncalves;7.41
10634;Igor Azevedo Araujo;7.74
1776;Marina Barros Martins;0.00
3227;Rafaela Sousa Alves;8.75
16977;Felipe Barros Correia;4.64
21781;Kauã Goncalves Carvalho;6.45
6816;Carolina Barros Barbosa;3.51
10156;Vitór Santos Souza;1.05
10092;Guilherme Alves Almeida;7.27
17209;Bruno Dias Ribeiro;2.14
8464;Eduarda Cardoso Souza;5.81
4618;Marisa Sousa Cardoso;7.01
20385;Emily Alves Gomes;8.33
26950;Vitor Silva Pereira;0.67
18637;Tiago Gomes Gomes;8.43
19479;Sophia Costa Barros;0.14
28582;Anna Barbosa Cunha;6.64
17882;Vinícius Barbosa Oliveira;4.94
28997;Diogo Rocha Souza;8.43
21915;Luiza Dias Cavalcanti;6.31
11986;Camila Santos Lima;5.97
29955;Júlio Cunha Fernandes;1.22
27954;Giovana Cunha Castro;1.02
16374;Samuel Gomes Santos;5.99
5819;Kai Lima Gomes;6.22
25287;Carolina Cavalcanti Castro;3.86
21256;Rebeca Pinto Rodrigues;5.07
18833;Murilo Cavalcanti Cavalcanti;9.91
6114;Ana Ferreira Barbosa;4.47
15092;Júlio Melo Almeida;0.59
15165;Nicolas Almeida Oliveira;7.16
26998;Isabelle Souza Martins;8.94
7413;Raissa Lima Silva;7.89
6926;Thaís Ribeiro Martins;7.09
29752;Alice Costa Dias;7.77
21704;Camila Pinto Dias;1.94
661;Julieta Gomes Almeida;6.74
23612;Nicolas Oliveira Goncalves;6.40
15721;Ágatha Gomes Goncalves;7.85
7289;Kai Lima Azevedo;7.34
1894;Isabelle Rodrigues Barbosa;3.16
29155;Marina Almeida Martins;7.18
10458;Nicole Rodrigues Pinto;0.54
8880;Tomás Santos Barros;8.90
1546;Davi Pinto Goncalves;5.47
21587;Gabriela Alves Rodrigues;4.96
3717;Arthur Cardoso Castro;7.25
2324;Tiago Araujo Pereira;9.05
20357;Gustavo Rocha Oliveira;2.07
28306;Danilo Araujo Pereira;0.53
19722;Emily Barbosa Araujo;7.42
25161;Giovana Souza Costa;7.58
26975;Vinícius Rocha Martins;6.87
20502;Marisa Dias Pinto;9.84
5364;Manuela Costa Souza;9.59
20486;Antônio Ribeiro Goncalves;0.24
10676;Carla Fernandes Fernandes;9.59
9681;Douglas Silva Melo;0.76
15119;Otávio Cunha Ribeiro;6.50
3919;Rodrigo Correia Ribeiro;2.05
10561;Bruna Castro Alves;1.77
8471;Diego Dias Martins;0.48
11202;Giovanna Correia Silva;4.72
19762;Samuel Souza Souza;4.81
15115;Otávio Ferreira Azevedo;3.58
24108;Caio Fernandes Fernandes;4.70
1825;Pedro Costa Ribeiro;1.64
18668;Vitór Santos Gomes;1.09
29405;Rafaela Barbosa Martins;6.08
17799;Beatrice Ferreira Ribeiro;9.49
8741;Gabriel Lima Correia;5.04
4711;Isabelle Santos Oliveira;4.59
10370;Eduarda Melo Almeida;6.66
27651;Bruna Sousa Pinto;8.87
9516;Julia Correia Gomes;6.09
12985;Victor Rodrigues Lima;8.53
10499;Anna Cunha Costa;6.01
15187;Amanda Azevedo Almeida;2.71
11131;Anna Azevedo Santos;3.10
12594;Clara Alves Castro;7.58
16914;Luiz Barbosa Castro;8.89
6756;Davi Silva Gomes;8.24
19624;Carolina Araujo Araujo;6.03
3412;Marisa Barros Oliveira;0.27
8809;Douglas Santos Souza;6.90
23400;Luan Araujo Ferreira;6.39
26463;Isabelle Cunha Costa;3.32
12096;Luís Almeida Almeida;5.20
9331;Diego Oliveira Azevedo;1.94
4249;Caio Souza Ferreira;4.83
18344;Luiza Castro Ferreira;4.37
14314;Júlio Cavalcanti Rocha;8.52
29199;Estevan Sousa Melo;2.32
28684;Isabela Souza Fernandes;5.78
25315;João Sousa Gomes;6.28
9180;Matheus Barbosa Almeida;4.73
1691;Danilo Almeida Ribeiro;6.47
26832;Emily Sousa Rodrigues;2.11
1604;Gabriel Carvalho Cunha;7.92
10739;Julieta Ferreira Pereira;9.73
9336;Vitória Silva Rocha;6.02
19540;Gabrielly Goncalves Gomes;1.55
92;Breno Melo Correia;8.79
5378;Rafaela Azevedo Martins;4.05
2119;Julieta Cavalcanti Fernandes;8.61
8630;Luiza Carvalho Sousa;3.67
14438;Lucas Martins Goncalves;8.62
27611;Carla Correia Sousa;9.76
26941;Beatriz Cavalcanti Souza;7.33
20932;Alex Azevedo Santos;1.65
29259;Miguel Correia Lima;7.49
2547;Gustavo Cardoso Pinto;3.05
14916;Lucas Azevedo Correia;6.96
5522;Amanda Araujo Dias;5.80
24411;Antônio Goncalves Santos;1.11
13216;Kauê Castro Azevedo;9.42
10557;Brenda Santos Martins;7.71
9002;Bruno Santos Gomes;8.61
15778;Rodrigo Castro Martins;0.48
1499;Julian Ferreira Cardoso;7.13
6129;Marisa Cardoso Oliveira;5.86
907;Lucas Goncalves Costa;6.76
8833;Eduarda Silva Azevedo;1.57
22502;Igor Silva Martins;9.86
21375;Lara Dias Santos;1.79
13732;Rafael Rocha Cunha;0.87
1404;Daniel Alves Martins;1.69
7071;Beatriz Rodrigues Lima;5.43
20918;Igor Lima Martins;0.81
24384;Isabella Araujo Alves;9.85
28794;Estevan Dias Pinto;3.55
18238;Julian Silva Dias;1.04
22582;Ryan Barros Ribeiro;7.29
8397;Isabella Cavalcanti Souza;3.20
27834;Tânia Costa Souza;6.37
22508;Daniel Martins Carvalho;3.83
25201;Kauê Rodrigues Correia;3.53
28403;Bianca Sousa Costa;0.71
20031;Diogo Pinto Correia;4.45
2892;Bianca Martins Pereira;4.27
20416;Kauê Carvalho Barbosa;5.70
16978;Arthur Cunha Cavalcanti;8.53
6120;Samuel Costa Barros;3.06
13599;Giovana Oliveira Costa;8.91
23146;Tomás Barbosa Rocha;9.91
18414;Otávio Goncalves Oliveira;5.20
16636;Vitór Rocha Fernandes;5.65
26714;Leonor Lima Correia;2.60
7432;Guilherme Pinto Barros;5.29
21500;Gabriel Lima Silva;0.22
19476;Aline Alves Martins;3.41
3379;Sophia Ribeiro Costa;5.00
23588;Victor Melo Carvalho;8.08
21734;Gabriela Ferreira Pinto;8.02
302;Letícia Silva Pereira;5.41
23570;Enzo Rodrigues Lima;1.28
5965;Gabriela Barbosa Ferreira;0.57
21743;Vitor Barros Barbosa;4.65
21643;Eduardo Barros Rocha;7.36
818;Ágatha Azevedo Alves;1.74
4070;Caio Costa Sousa;0.46
1227;Thaís Rocha Goncalves;9.67
29329;Nicolas Cunha Barros;2.38
6477;Vitória Costa Martins;8.48
8928;Sarah Sousa Castro;4.31
4472;Nicolash Pinto Barbosa;2.70
13115;Eduardo Barros Azevedo;6.71
25522;Vitor Carvalho Gomes;7.17
26893;Gabrielly Dias Cunha;0.50
20669;Felipe Cavalcanti Silva;0.38
3754;Anna Azevedo Barros;4.17
5196;Anna Sousa Goncalves;1.82
767;Eduardo Araujo Lima;7.09
3897;Daniel Carvalho Ribeiro;4.16
8669;Matheus Ferreira Barbosa;1.60
17275;Amanda Pereira Silva;5.05
27445;Kauã Castro Santos;9.62
15744;Matheus Martins Rocha;2.41
9263;Paulo Carvalho Correia;2.92
3884;Arthur Ribeiro Araujo;3.64
18124;Vitor Almeida Martins;8.41
1481;Ryan Souza Alves;9.05
26603;Vinícius Dias Almeida;6.16
16057;Guilherme Martins Gomes;2.54
4498;Luan Cardoso Araujo;7.67
6117;Raissa Castro Fernandes;7.54
23306;Manuela Correia Barros;6.90
10327;Bianca Castro Pinto;4.33
20228;Ryan Azevedo Costa;3.48
29100;André Barbosa Alves;0.58
1962;Maria Dias Silva;6.05
21195;Enzo Oliveira Melo;8.96
869;Yasmin Sousa Barros;2.06
11744;Luana Ferreira Souza;2.96
13247;Lavinia Melo Rocha;0.38
24243;Vitór Ribeiro Correia;4.91
6173;Diego Oliveira Almeida;0.19
25087;Rafael Cavalcanti Gomes;8.40
27207;Vinicius Cavalcanti Pinto;3.04
7180;Gabrielly Barbosa Almeida;7.79
18419;Letícia Gomes Costa;8.92
3427;Evelyn Lima Correia;7.20
6493;Danilo Alves Cunha;5.93
218;Mariana Ferreira Souza;8.29
1008;Lara Rodrigues Pereira;4.04
4631;Diego Gomes Ferreira;2.46
14422;Rebeca Dias Pinto;5.17
1759;Beatriz Cavalcanti Pinto;9.73
202;Otávio Fernandes Cavalcanti;9.71
10394;Julian Lima Cardoso;7.06
28134;Emilly Azevedo Lima;9.25
12782;Martim Castro Almeida;3.02
9929;Matilde Araujo Rocha;4.07
1645;Julieta Rocha Goncalves;8.79
21438;Vitória Oliveira Lima;6.90
29639;Letícia Dias Barbosa;8.64
9284;Rebeca Martins Sousa;1.97
14978;Evelyn Melo Rocha;2.75
5256;Julian Ribeiro Santos;2.27
383;Julieta Castro Araujo;8.72
589;Emilly Martins Cardoso;6.59
9692;Vinícius Goncalves Barbosa;8.40
3004;Manuela Cavalcanti Almeida;1.27
22660;Nicolas Cardoso Dias;5.75
17737;André Rodrigues Castro;6.24
2087;Leila Goncalves Carvalho;9.11
7580;Nicolas Silva Barbosa;1.98
21094;Laura Souza Barros;2.80
4588;Matheus Fernandes Rodrigues;8.42
413;Kaua Fernandes Pereira;8.34
14303;Evelyn Alves Correia;3.91
13495;Victor Alves Ribeiro;5.04
13084;Evelyn Silva Sousa;2.38
3631;Isabelle Rocha Pereira;8.59
15879;Cauã Cunha Ferreira;8.16
26942;Rafaela Ferreira Alves;1.16
4396;Ana Cunha Barros;5.11
26054;José Souza Sousa;7.27
29443;Pedro Barros Oliveira;3.95
14374;Matilde Almeida Almeida;4.41
8042;Gabrielle Pinto Souza;9.67
26254;Sarah Araujo Rocha;8.66
3911;Guilherme Castro Melo;7.55
24838;Lucas Cavalcanti Oliveira;3.99
23553;Aline Carvalho Fernandes;3.00
27682;Julian Cavalcanti Gomes;4.90
2106;Vinicius Ferreira Cunha;6.85
5398;Camila Cardoso Ferreira;8.64
6465;Gabriela Sousa Melo;2.93
3000;Sophia Almeida Souza;3.57
1726;Livia Costa Barbosa;1.69
25786;Renan Costa Dias;7.75
16239;Rebeca Gomes Oliveira;8.43
18685;Júlia Cavalcanti Barros;3.52
27862;Marina Silva Costa;9.13
25118;Ryan Silva Melo;5.86
779;Julian Ferreira Sousa;0.85
3801;Matilde Alves Barros;6.94
21429;Julia Cunha Araujo;7.06
23842;Kauê Costa Barbosa;9.60
22943;Marisa Barros Carvalho;7.32
2332;Marisa Carvalho Souza;2.70
29263;João Sousa Carvalho;9.40
29373;Carolina Melo Fernandes;8.67
5497;Mariana Cardoso Correia;7.88
27653;Laura Lima Sousa;4.55
7908;Luan Castro Ribeiro;2.93
13826;Vitor Cardoso Lima;6.80
8888;Sarah Barros Almeida;4.22
13701;Eduardo Oliveira Santos;9.26
13764;Martim Dias Melo;8.37
26061;Júlia Lima Pinto;4.32
25139;Isabelle Santos Goncalves;0.76
15037;Otávio Gomes Goncalves;7.67
3890;Antônio Costa Azevedo;2.70
1359;Carlos Pinto Pinto;3.56
7835;Caio Carvalho Martins;0.59
1485;Samuel Rodrigues Carvalho;4.88
7062;Samuel Silva Pinto;8.09
16269;Davi Correia Oliveira;1.29
12146;Vitor Dias Silva;3.66
21606;Antônio Alves Melo;8.40
22032;Luís Barros Barbosa;6.28
29776;Kai Rocha Correia;8.17
1009;Lara Cunha Oliveira;5.53
26157;Camila Alves Costa;2.82
27637;Gabriel Cunha Dias;3.40
20664;Felipe Oliveira Lima;8.48
6573;Melissa Oliveira Ferreira;2.71
22022;Livia Castro Martins;6.47
23753;Enzo Ribeiro Souza;3.07
10729;Otávio Santos Araujo;3.17
28371;Gustavo Dias Dias;9.84
13801;Estevan Sousa Cunha;8.04
22161;Emily Rodrigues Sousa;5.03
25255;Fernanda Castro Cavalcanti;0.11
17515;Letícia Gomes Correia;0.34
9860;Alice Barbosa Costa;0.26
26312;Nicolash Rodrigues Pereira;4.83
6380;Leila Barbosa Rodrigues;3.63
23962;Rebeca Rodrigues Ribeiro;3.61
17535;Cauã Fernandes Fernandes;3.98
15537;Leonor Ribeiro Cunha;4.83
3458;Estevan Castro Melo;1.63
10274;Sofia Melo Azevedo;2.31
26298;Tiago Rodrigues Ferreira;9.77
16852;André Costa Ribeiro;7.95
1037;João Azevedo Barbosa;4.10
8276;Mariana Ribeiro Azevedo;6.82
27772;Amanda Cavalcanti Lima;4.24
13315;Douglas Pereira Azevedo;6.27
19703;Maria Costa Castro;8.48
14917;Vitoria Azevedo Oliveira;3.89
18867;Caio Rocha Gomes;1.28
24859;Mariana Costa Barros;0.33
20066;Caio Azevedo Cunha;6.63
25476;Isabella Castro Pereira;2.83
6026;Gabriel Pereira Oliveira;0.57
1470;Eduardo Carvalho Souza;1.45
26065;Kauê Fernandes Almeida;0.62
18972;Vinicius Carvalho Cardoso;5.00
6885;Melissa Rodrigues Oliveira;6.18
929;Tiago Melo Rocha;5.70
21258;Mariana Carvalho Gomes;7.26
10989;Julieta Lima Rocha;7.50
24043;Thaís Alves Carvalho;0.98
8498;Matheus Rodrigues Barros;9.63
19133;Lavinia Melo Cunha;8.55
16537;Estevan Martins Silva;6.89
12485;Joao Araujo Gomes;5.09
23656;Luiza Fernandes Araujo;7.98
19201;Gabrielly Azevedo Melo;2.89
28725;Sofia Rodrigues Cavalcanti;8.25
27678;Laura Oliveira Ribeiro;0.19
11996;Anna Pereira Santos;4.85
3269;Emilly Ribeiro Sousa;8.85
18199;Beatriz Fernandes Cardoso;2.75
23247;Eduarda Gomes Araujo;7.82
5673;Luís Alves Barros;7.88
3357;Davi Dias Cunha;5.22
3787;Carlos Barbosa Barbosa;6.56
23678;Tomás Cavalcanti Araujo;0.00
2438;Isabela Ferreira Dias;1.74
18948;Erick Araujo Gomes;0.69
14589;Beatrice Santos Martins;9.71
14493;Thaís Pereira Sousa;7.75
22095;Gustavo Alves Carvalho;9.40
16260;Vitória Dias Araujo;8.38
1041;Laura Goncalves Barbosa;6.19
5334;Beatriz Almeida Barros;9.65
13857;Júlio Barros Lima;7.13
17608;Igor Castro Melo;8.10
1780;Luís Melo Dias;2.67
11754;Júlia Barros Almeida;1.46
17514;Amanda Almeida Cavalcanti;6.05
21901;Vinícius Barros Cunha;7.13
16824;Júlio Rodrigues Silva;4.67
22790;Daniel Cardoso Cunha;4.39
6747;Arthur Pereira Silva;5.89
12647;Luiz Pinto Goncalves;0.24
27565;Alex Rocha Ferreira;1.89
12169;Murilo Lima Lima;4.23
5063;Vitória Rodrigues Sousa;2.61
24403;Ryan Goncalves Barros;2.57
27057;Raissa Cunha Alves;6.76
2543;Samuel Gomes Correia;2.93
10440;Brenda Dias Silva;9.84
18642;Mariana Lima Goncalves;3.60
2460;Diogo Melo Ribeiro;7.60
6201;Cauã Gomes Barros;0.08
7156;Mariana Cunha Silva;4.18
17441;Leonardo Correia Barros;0.87
2554;Ana Lima Pinto;5.09
15688;Eduarda Carvalho Sousa;2.29
25141;Fábio Ferreira Santos;0.45
8383;Estevan Fernandes Ferreira;0.19
13511;Douglas Cunha Goncalves;4.57
9240;Kauã Barros Correia;0.55
6360;Renan Castro Costa;5.80
3396;Beatriz Ferreira Gomes;6.68
21465;Laura Araujo Oliveira;5.15
9377;Felipe Santos Almeida;8.46
19720;Luiza Pinto Dias;6.95
685;Guilherme Correia Gomes;7.58
10583;Vitoria Rocha Rodrigues;1.25
1281;Samuel Cardoso Martins;6.57
2060;Diogo Oliveira Fernandes;2.78
9743;Laura Cardoso Alves;0.95
28105;Clara Araujo Azevedo;5.89
9878;Fernanda Ferreira Correia;2.59
9790;Camila Goncalves Silva;5.88
7394;Lavinia Correia Cavalcanti;0.57
17904;Isabela Souza Alves;5.63
20306;Antônio Martins Melo;3.41
13355;Ágatha Rodrigues Dias;8.87
12331;Thiago Fernandes Pereira;9.67
17464;Bruna Dias Cardoso;0.02
24303;Maria Dias Goncalves;0.86
19530;Murilo Barros Costa;7.49
23941;Alex Pinto Cavalcanti;7.86
16044;Gustavo Barbosa Rodrigues;9.83
19090;Antônio Oliveira Martins;2.11
6919;Tiago Barbosa Goncalves;3.29
25477;Yasmin Martins Ferreira;8.47
4406;Melissa Barros Araujo;2.87
27779;Joao Sousa Melo;2.19
8857;Erick Cardoso Silva;7.30
20574;Beatriz Silva Oliveira;6.01
22433;Emily Melo Rodrigues;4.91
29065;Otávio Goncalves Ribeiro;8.30
2766;Luiza Melo Pereira;0.58
8578;Renan Gomes Azevedo;5.35
5207;Clara Cavalcanti Oliveira;5.81
23639;Clara Silva Cunha;8.11
20765;Luana Souza Araujo;9.42
27095;Caio Silva Rocha;8.93
1949;Kaua Fernandes Azevedo;1.80
1846;Sophia Correia Sousa;6.32
16085;Gabrielly Santos Cunha;3.08
28502;Mariana Costa Alves;9.38
6231;Victor Ribeiro Souza;2.46
15251;Tânia Souza Araujo;2.48
23245;Julieta Cunha Dias;4.81
29633;Davi Barros Melo;2.44
29888;Clara Barros Azevedo;0.22
13564;Daniel Melo Souza;6.74
21239;Caio Cavalcanti Ribeiro;2.54
15889;Marisa Gomes Dias;3.94
19726;Maria Martins Carvalho;8.35
16058;Júlia Rodrigues Ribeiro;5.07
14995;Isabella Rodrigues Martins;1.22
14975;Kaua Correia Almeida;8.92
12019;Erick Santos Oliveira;2.08
19115;Estevan Alves Costa;9.57
7264;Brenda Rodrigues Gomes;6.74
27324;Clara Rodrigues Goncalves;7.76
25900;Gabrielly Gomes Souza;3.21
26923;Manuela Rodrigues Rocha;8.11
2712;Marcos Santos Santos;9.08
403;Laura Cardoso Cardoso;7.63
22920;Emily Martins Ferreira;8.01
6023;Bruna Correia Dias;1.18
23397;Nicolash Gomes Dias;2.84
23909;Breno Almeida Almeida;6.46
769;Giovanna Carvalho Oliveira;2.37
26593;Bruno Barbosa Gomes;9.31
28988;Erick Castro Correia;2.64
1331;Danilo Gomes Dias;7.75
26872;Guilherme Lima Ferreira;7.17
8981;Carla Martins Ribeiro;1.72
4976;Kauã Azevedo Barbosa;0.43
6289;Mateus Souza Gomes;7.49
8612;Isabela Rocha Barbosa;9.85
27684;Gabriela Sousa Dias;6.93
25434;Diogo Carvalho Melo;6.08
19239;Lavinia Rodrigues Goncalves;1.16
1200;Eduardo Castro Gomes;8.45
28451;Nicolas Rodrigues Carvalho;1.26
24276;Isabella Lima Carvalho;5.96
13806;Emilly Oliveira Sousa;8.58
4240;Raissa Araujo Pinto;3.78
20105;Diogo Rodrigues Dias;0.66
14726;Lavinia Lima Cunha;0.58
26180;Breno Pereira Costa;4.22
26691;Gustavo Martins Santos;2.96
14272;Breno Souza Fernandes;9.39
23721;Enzo Sousa Pereira;8.20
27776;Leonor Rocha Pinto;4.63
6419;Livia Ribeiro Ribeiro;9.12
9271;Marisa Ferreira Barbosa;8.01
21959;Luiz Almeida Castro;6.77
5714;Lara Martins Rocha;7.78
26994;Renan Pereira Carvalho;9.99
1854;Gabriel Rocha Almeida;6.75
2360;Diogo Fernandes Barbosa;3.40
9882;Leila Goncalves Martins;4.82
6769;Tomás Barbosa Sousa;2.65
3360;Fábio Melo Lima;5.23
16666;Rafaela Goncalves Lima;7.44
28101;Manuela Rodrigues Gomes;4.37
5888;Evelyn Castro Rodrigues;4.73
12697;Isabella Gomes Rodrigues;0.30
21820;Kauan Alves Pinto;6.12
2195;Leonor Rocha Pereira;5.35
10636;José Melo Pinto;2.88
261;Julia Gomes Costa;1.28
12738;Vitor Azevedo Ferreira;8.91
29819;Julieta Lima Melo;2.16
1623;Matheus Pereira Oliveira;4.50
1886;Alice Correia Martins;6.66
9046;Lavinia Cavalcanti Correia;9.67
20265;Marina Castro Azevedo;4.26
23887;Ana Almeida Ferreira;7.07
27614;Rodrigo Cardoso Alves;6.07
21457;Mateus Barros Fernandes;3.07
6329;Emilly Oliveira Pinto;8.14
1336;Bruna Pereira Cunha;0.30
28464;Evelyn Goncalves Ferreira;9.73
20056;Paulo Gomes Araujo;7.95
18216;Caio Cardoso Pinto;1.66
15089;Douglas Ribeiro Alves;9.89
13621;Mateus Rodrigues Alves;7.78
24973;Luana Araujo Ribeiro;2.14
25485;Enzo Araujo Carvalho;5.47
27801;Lucas Cunha Gomes;5.48
12378;Breno Gomes Martins;7.77
21864;Erick Castro Dias;4.31
26149;Melissa Dias Lima;8.43
9231;Gabriela Almeida Cardoso;2.70
3251;Larissa Alves Correia;4.55
10843;Vitória Santos Dias;1.32
23519;Arthur Correia Oliveira;7.67
11483;Nicole Sousa Silva;4.08
29301;Rebeca Cunha Oliveira;1.80
1137;Luis Fernandes Cardoso;1.27
2484;Laura Pinto Barros;1.88
28197;Carlos Lima Goncalves;0.36
7624;Martim Pinto Goncalves;9.38
16410;Raissa Costa Alves;1.06
10367;Arthur Pinto Cavalcanti;0.11
25430;Murilo Barbosa Souza;5.96
10318;Thaís Costa Fernandes;8.08
25848;Nicole Alves Silva;4.22
21143;Diogo Oliveira Dias;2.29
327;Caio Correia Alves;0.15
27520;Danilo Pereira Barros;9.56
2276;Daniel Almeida Araujo;2.95
4113;Eduardo Correia Rodrigues;4.91
4129;Livia Rodrigues Oliveira;9.09
14680;André Castro Oliveira;8.37
19747;Gabrielly Rocha Barros;4.08
24643;Nicole Ribeiro Goncalves;6.60
316;Anna Santos Carvalho;3.19
22493;Evelyn Correia Carvalho;7.88
14448;Luan Carvalho Cunha;0.32
18295;Clara Lima Alves;8.17
16109;Carla Castro Lima;5.72
16100;Kai Cardoso Ribeiro;9.10
20691;Rafaela Oliveira Rodrigues;5.67
27859;Cauã Rodrigues Ferreira;3.51
6866;Letícia Goncalves Santos;2.60
5235;Mateus Santos Almeida;0.30
19743;Leila Azevedo Cavalcanti;8.93
16360;Isabelle Lima Azevedo;5.71
21995;Gustavo Cardoso Cardoso;7.36
28235;Beatrice Alves Costa;7.98
10606;Thaís Silva Martins;3.37
3925;Isabela Barros Almeida;1.57
17369;Carla Gomes Sousa;7.18
18569;Leonor Cardoso Alves;2.52
13339;Carla Carvalho Pinto;2.75
14282;Bruno Almeida Correia;1.84
5286;Miguel Silva Rocha;5.98
18518;Vitória Barbosa Barbosa;2.35
2753;Carlos Dias Cardoso;5.14
1789;Melissa Alves Castro;1.32
12341;Larissa Rodrigues Dias;3.63
24534;Eduardo Castro Santos;5.98
1355;Miguel Carvalho Alves;2.74
22911;Maria Cavalcanti Oliveira;7.47
12095;Cauã Pinto Rocha;7.04
18308;José Barros Lima;0.01
7677;Tomás Sousa Sousa;8.55
29139;Giovana Correia Pereira;0.10
19978;Marisa Martins Cunha;0.12
12983;Sophia Castro Souza;4.64
16152;Guilherme Melo Santos;2.45
3374;Julian Pereira Alves;3.40
1814;Enzo Ferreira Silva;4.61
2718;Marisa Alves Araujo;8.24
13049;Lavinia Almeida Alves;0.87
16654;André Cunha Oliveira;8.17
29518;Igor Rodrigues Costa;7.95
1431;Julieta Ferreira Dias;9.59
4289;Miguel Souza Barbosa;4.07
19728;Douglas Lima Martins;1.41
3730;Tomás Almeida Alves;0.90
24863;Nicolas Araujo Pinto;5.11
26008;Fernanda Cunha Costa;0.89
442;Thiago Araujo Barbosa;8.05
17853;Ana Araujo Pinto;4.45
17729;Letícia Alves Castro;3.56
2384;Julieta Souza Barros;9.28
20844;Enzo Silva Santos;2.72
8862;Luan Ferreira Dias;9.56
20307;Marcos Cavalcanti Melo;0.26
15898;Manuela Cavalcanti Costa;1.12
5363;Alice Pinto Ribeiro;9.20
9600;Marina Rodrigues Gomes;9.87
27583;Matilde Azevedo Pinto;2.15
22167;Isabella Sousa Rocha;1.06
9898;Rafaela Araujo Pinto;9.13
17240;Vitór Melo Alves;2.42
27600;Thiago Ribeiro Melo;0.51
20077;Nicolas Ferreira Cardoso;0.53
10067;Estevan Cunha Cardoso;3.40
20111;Vitor Cardoso Oliveira;2.63
4652;Júlia Correia Dias;6.17
19377;Danilo Fernandes Carvalho;5.34
7494;Luiz Cardoso Araujo;7.03
9725;Gabriel Barros Alves;6.41
27065;Thaís Melo Costa;2.25